ISO-10303-21;
HEADER;
FILE_DESCRIPTION (( 'STEP AP203' ),
    '1' );
FILE_NAME ('90592A090_Steel Hex Nut.STEP',
    '2026-06-01T15:39:53',
    ( 'McMaster Carr Supply' ),
    ( 'McMaster Carr Supply' ),
    'SwSTEP 2.0',
    'SolidWorks 2024',
    '' );
FILE_SCHEMA (( 'CONFIG_CONTROL_DESIGN' ));
ENDSEC;

DATA;
#1 = DIRECTION ( 'NONE',  ( -0.000000000000000000, -0.000000000000000000, -1.000000000000000000 ) ) ;
#2 = CARTESIAN_POINT ( 'NONE',  ( 0.7532542176059625616, -1.853033977766985307, 0.9798172184328911571 ) ) ;
#3 = ORIENTED_EDGE ( 'NONE', *, *, #2748, .T. ) ;
#4 = CARTESIAN_POINT ( 'NONE',  ( -1.906191691431146529, -0.6054675851748912985, 1.497818956669289880 ) ) ;
#5 = CARTESIAN_POINT ( 'NONE',  ( 1.750000000000001332, 3.031088913245534755, -1.600000000000000089 ) ) ;
#6 = CARTESIAN_POINT ( 'NONE',  ( -1.784401076758498794, -3.277891600571078112E-16, 0.3249999999999995670 ) ) ;
#7 = CARTESIAN_POINT ( 'NONE',  ( -0.8922005383792501743, 1.545336663013165523, 1.608333333333332948 ) ) ;
#8 = CYLINDRICAL_SURFACE ( 'NONE', #12, 2.000000000000000000 ) ;
#9 = AXIS2_PLACEMENT_3D ( 'NONE', #1301, #2251, #1549 ) ;
#10 = CARTESIAN_POINT ( 'NONE',  ( -3.497393489013601808, 1.954591201291855818, -1.307583103085733001 ) ) ;
#11 = LINE ( 'NONE', #1431, #1359 ) ;
#12 = AXIS2_PLACEMENT_3D ( 'NONE', #2179, #34, #963 ) ;
#13 = CARTESIAN_POINT ( 'NONE',  ( -0.1894032277105193451, -1.991323210714680991, -1.172323405214251713 ) ) ;
#14 = ORIENTED_EDGE ( 'NONE', *, *, #1487, .T. ) ;
#15 = CARTESIAN_POINT ( 'NONE',  ( 3.500000000000000000, 0.000000000000000000, -1.600000000000000089 ) ) ;
#16 = CARTESIAN_POINT ( 'NONE',  ( -0.1872882095066523422, -1.991219209674567336, 0.9277825334405780389 ) ) ;
#17 = ORIENTED_EDGE ( 'NONE', *, *, #2045, .T. ) ;
#18 = CARTESIAN_POINT ( 'NONE',  ( 2.000000000000000000, -0.5358983848622451696, -0.4062607391169644200 ) ) ;
#19 = CARTESIAN_POINT ( 'NONE',  ( -1.100963905037922075, 1.669732212733861187, -1.447248697745825652 ) ) ;
#20 = CARTESIAN_POINT ( 'NONE',  ( -1.784401076758498794, -3.277891600571078112E-16, 1.724999999999999201 ) ) ;
#21 = CARTESIAN_POINT ( 'NONE',  ( 0.3527281774877776832, -1.545336663013166190, 2.623061867224190991 ) ) ;
#22 = CARTESIAN_POINT ( 'NONE',  ( 1.637453596224582641, -0.5908635147662916198, -1.266717722494805853 ) ) ;
#23 = CARTESIAN_POINT ( 'NONE',  ( -1.869444094156046843, -0.7108233172210602913, -0.5960466178401470083 ) ) ;
#24 = CARTESIAN_POINT ( 'NONE',  ( 2.000000001504670610, 0.1944472089786056512, -0.2763152952255785166 ) ) ;
#25 = CARTESIAN_POINT ( 'NONE',  ( 2.000000001268669614, 0.1924450681425471932, -0.9764198687311886893 ) ) ;
#26 = EDGE_LOOP ( 'NONE', ( #265, #1572, #2110, #2601 ) ) ;
#27 = CARTESIAN_POINT ( 'NONE',  ( -1.186419791931167422, -3.356472098084022360, 1.573078370213998101 ) ) ;
#28 = B_SPLINE_CURVE_WITH_KNOTS ( 'NONE', 3,
 ( #980, #2087, #2575, #2811, #1840, #1870, #1144, #1647, #1603, #1885, #2796, #1118, #1634, #443, #2547, #678 ),
 .UNSPECIFIED., .F., .F.,
 ( 4, 2, 2, 2, 2, 2, 2, 4 ),
 ( 0.000000000000000000, 0.0005513036284307199549, 0.001102607256861439910, 0.001653910885292159865, 0.002205214513722879820, 0.002756518142153599991, 0.003307821770584319730, 0.004410429027445759639 ),
 .UNSPECIFIED. ) ;
#29 = ORIENTED_EDGE ( 'NONE', *, *, #1262, .F. ) ;
#30 = DIRECTION ( 'NONE',  ( 0.000000000000000000, 0.000000000000000000, -1.000000000000000000 ) ) ;
#31 = CARTESIAN_POINT ( 'NONE',  ( -0.6788141623970007643, 1.892338405186523298, -1.474967250954737574 ) ) ;
#32 = CARTESIAN_POINT ( 'NONE',  ( 1.784401076758498794, 1.092630533523692910E-16, -0.7250000000000006439 ) ) ;
#33 = CARTESIAN_POINT ( 'NONE',  ( -0.8922005383792501743, 1.545336663013165523, 2.308333333333333126 ) ) ;
#34 = DIRECTION ( 'NONE',  ( 0.000000000000000000, 0.000000000000000000, -1.000000000000000000 ) ) ;
#35 = CARTESIAN_POINT ( 'NONE',  ( -1.999999999999920286, 5.649192612102009385E-07, -0.6375000329536233412 ) ) ;
#36 = CARTESIAN_POINT ( 'NONE',  ( -0.2266083783707082966, 1.987123387128532315, -0.1006920515211871259 ) ) ;
#37 = CARTESIAN_POINT ( 'NONE',  ( 1.750000000000001332, 3.031088913245534755, 1.600000000000000089 ) ) ;
#38 = CARTESIAN_POINT ( 'NONE',  ( -0.08749999999999898137, 3.990933735773289026, 1.600000000000000089 ) ) ;
#39 = DIRECTION ( 'NONE',  ( 0.000000000000000000, 0.000000000000000000, -1.000000000000000000 ) ) ;
#40 = CARTESIAN_POINT ( 'NONE',  ( -2.000000000000000000, -8.134310703387671364E-16, 1.375000000000000000 ) ) ;
#41 = ORIENTED_EDGE ( 'NONE', *, *, #2255, .T. ) ;
#42 = CYLINDRICAL_SURFACE ( 'NONE', #1654, 0.1749999999999998224 ) ;
#43 = CARTESIAN_POINT ( 'NONE',  ( 1.784401076758498794, 1.092630533523693033E-16, -0.7250000000000006439 ) ) ;
#44 = CARTESIAN_POINT ( 'NONE',  ( 1.297621614488340791, 1.523163053925647326, 1.208051084442076206 ) ) ;
#45 = CARTESIAN_POINT ( 'NONE',  ( -2.309401076758502480, -4.242300954899626673E-16, -1.337500000000001021 ) ) ;
#46 = DIRECTION ( 'NONE',  ( 0.000000000000000000, 0.000000000000000000, -1.000000000000000000 ) ) ;
#47 = APPROVAL_ROLE ( '' ) ;
#48 =( LENGTH_UNIT ( ) NAMED_UNIT ( * ) SI_UNIT ( .MILLI., .METRE. ) );
#49 = AXIS2_PLACEMENT_3D ( 'NONE', #2199, #2695, #1780 ) ;
#50 = CARTESIAN_POINT ( 'NONE',  ( -3.412500000009174084, 2.071244090712489605, -1.316005544561289264 ) ) ;
#51 = EDGE_CURVE ( 'NONE', #1410, #702, #1902, .T. ) ;
#52 = AXIS2_PLACEMENT_3D ( 'NONE', #1296, #2247, #110 ) ;
#53 = CARTESIAN_POINT ( 'NONE',  ( -1.064082507576720404, 1.693469832611200543, -0.04980396645904076880 ) ) ;
#54 = CARTESIAN_POINT ( 'NONE',  ( -0.6326711925460101194, -3.676179001002420677, -1.474438468864774254 ) ) ;
#55 = B_SPLINE_CURVE_WITH_KNOTS ( 'NONE', 3,
 ( #1891, #904, #2835, #2863, #2694, #1230, #1495, #2441, #2183, #2875, #1932, #1695, #289 ),
 .UNSPECIFIED., .F., .F.,
 ( 4, 3, 3, 3, 4 ),
 ( 3.055196912389521894E-16, 5.343974640608110862E-05, 0.0001070471692697219169, 0.0001587453692534757088, 0.0001846555834652060678 ),
 .UNSPECIFIED. ) ;
#56 = ADVANCED_FACE ( 'NONE', ( #1174 ), #2642, .T. ) ;
#57 = CARTESIAN_POINT ( 'NONE',  ( 9.893344823930227960E-16, 3.839379290111012200, 1.600000000000000089 ) ) ;
#58 = CARTESIAN_POINT ( 'NONE',  ( -3.483346343620533858, 1.994197600751581811, 1.303362079174979149 ) ) ;
#59 = CARTESIAN_POINT ( 'NONE',  ( 1.468121107950406401, 3.193831767449242243, -1.600000000000001643 ) ) ;
#60 = CIRCLE ( 'NONE', #613, 3.500000000000000000 ) ;
#61 = ADVANCED_FACE ( 'NONE', ( #1920 ), #1684, .T. ) ;
#62 = B_SPLINE_CURVE_WITH_KNOTS ( 'NONE', 3,
 ( #3068, #247, #1205, #939, #2837, #704, #1671, #204, #1934, #2615, #1702, #1658, #2340 ),
 .UNSPECIFIED., .F., .F.,
 ( 4, 3, 3, 3, 4 ),
 ( 6.931605592899106814E-17, 5.343974640608833889E-05, 0.0001070471692697360792, 0.0001587453692534859817, 0.0001846555834652068809 ),
 .UNSPECIFIED. ) ;
#63 = EDGE_LOOP ( 'NONE', ( #922, #1436, #1991, #277 ) ) ;
#64 = CARTESIAN_POINT ( 'NONE',  ( -1.921930989842112858, -0.5539256064867227325, 1.494807211727389396 ) ) ;
#65 = CARTESIAN_POINT ( 'NONE',  ( 1.732050807568877415, -0.9999999999999995559, -1.133333333333333304 ) ) ;
#66 = CARTESIAN_POINT ( 'NONE',  ( 0.4347011476342032554, 1.952187345426658061, 1.264144746415097442 ) ) ;
#67 = CARTESIAN_POINT ( 'NONE',  ( 2.449293598294705921E-16, -1.999999999999999556, 1.637499999999999289 ) ) ;
#68 = CARTESIAN_POINT ( 'NONE',  ( 1.322825677719002613, 1.024651946852646267, -1.195720598308010363 ) ) ;
#69 = EDGE_LOOP ( 'NONE', ( #2203, #413, #1660, #1602 ) ) ;
#70 = CARTESIAN_POINT ( 'NONE',  ( -0.8922005383792501743, 1.545336663013165523, -0.4041666666666672847 ) ) ;
#71 = CARTESIAN_POINT ( 'NONE',  ( 1.740490407315517407, 0.1214097319531510510, 1.270490407315521431 ) ) ;
#72 = FACE_OUTER_BOUND ( 'NONE', #764, .T. ) ;
#73 = B_SPLINE_CURVE_WITH_KNOTS ( 'NONE', 3,
 ( #3059, #1620, #1411, #2362, #647, #225 ),
 .UNSPECIFIED., .F., .F.,
 ( 4, 2, 4 ),
 ( 0.01020401116636697469, 0.01080819057140459949, 0.01141236997644222255 ),
 .UNSPECIFIED. ) ;
#74 = CARTESIAN_POINT ( 'NONE',  ( 0.2230020623878501695, 1.987555187722680916, -0.1241285916568906217 ) ) ;
#75 = PLANE ( 'NONE',  #1163 ) ;
#76 = FACE_OUTER_BOUND ( 'NONE', #1507, .T. ) ;
#77 = LINE ( 'NONE', #2960, #856 ) ;
#78 = CARTESIAN_POINT ( 'NONE',  ( 1.711541558721918266, -4.677228654447910886E-15, -1.241541558721919403 ) ) ;
#79 = ORIENTED_EDGE ( 'NONE', *, *, #879, .T. ) ;
#80 = CARTESIAN_POINT ( 'NONE',  ( -1.732050807568878081, 0.9999999999999986677, -1.483333333333333393 ) ) ;
#81 = CARTESIAN_POINT ( 'NONE',  ( 1.892491597964125742E-16, -1.545336663013166190, -0.2000000000000005107 ) ) ;
#82 = CARTESIAN_POINT ( 'NONE',  ( 1.972170827440840268, 0.3412773522325487363, 1.132376176762051712 ) ) ;
#83 = CARTESIAN_POINT ( 'NONE',  ( 2.449293598294705921E-16, -1.999999999999999556, 0.2374999999999989897 ) ) ;
#84 = CARTESIAN_POINT ( 'NONE',  ( 0.9649031077296741366, 1.341674986290374072, -1.175016700444440954 ) ) ;
#85 = ORIENTED_EDGE ( 'NONE', *, *, #2954, .T. ) ;
#86 = COORDINATED_UNIVERSAL_TIME_OFFSET ( 6, 0, .BEHIND. ) ;
#87 = CARTESIAN_POINT ( 'NONE',  ( 1.892491597964125742E-16, -1.545336663013166190, -2.212500000000000355 ) ) ;
#88 = CARTESIAN_POINT ( 'NONE',  ( -1.307178373013952122, 1.384637713690581418, 1.430368202897310814 ) ) ;
#89 = CARTESIAN_POINT ( 'NONE',  ( -0.7108811860920410952, -1.869905559512262450, -0.5023368280242410666 ) ) ;
#90 = CARTESIAN_POINT ( 'NONE',  ( 0.1727164848618549520, 1.992641120274918798, -0.1214366280282874605 ) ) ;
#91 = FACE_OUTER_BOUND ( 'NONE', #2386, .T. ) ;
#92 = CARTESIAN_POINT ( 'NONE',  ( 2.000000002366829399, 0.2054911646207280840, 0.4242905917444718678 ) ) ;
#93 = LINE ( 'NONE', #2943, #1992 ) ;
#94 = CARTESIAN_POINT ( 'NONE',  ( 1.999999999999999556, 0.5358983848622456136, -1.043739260883035813 ) ) ;
#95 = EDGE_CURVE ( 'NONE', #1834, #2810, #2448, .T. ) ;
#96 = ORIENTED_EDGE ( 'NONE', *, *, #1571, .T. ) ;
#97 = CARTESIAN_POINT ( 'NONE',  ( 2.309401076758502924, 1.414100318299875804E-16, -0.3750000000000001110 ) ) ;
#98 = CARTESIAN_POINT ( 'NONE',  ( -0.8922005383792502853, 1.545336663013165746, 0.9083333333333327708 ) ) ;
#99 = CARTESIAN_POINT ( 'NONE',  ( -0.7456307724441197937, 1.859802386608244262, 1.329463708939128130 ) ) ;
#100 = CARTESIAN_POINT ( 'NONE',  ( 2.309401076758502480, 1.414100318299875804E-16, 0.4124999999999992562 ) ) ;
#101 = CARTESIAN_POINT ( 'NONE',  ( 3.412499999999998757, 2.071244090717782704, 1.600000000000000089 ) ) ;
#102 = ORIENTED_EDGE ( 'NONE', *, *, #945, .T. ) ;
#103 = DATE_AND_TIME ( #2657, #2059 ) ;
#104 = CARTESIAN_POINT ( 'NONE',  ( -0.8922005383792489530, -1.545336663013166412, -0.8708333333333339032 ) ) ;
#105 = CARTESIAN_POINT ( 'NONE',  ( 1.956141816929168220, -0.4213883535870192043, 0.3879613014428048290 ) ) ;
#106 = CARTESIAN_POINT ( 'NONE',  ( 1.717482748339257403, -1.024941278113123300, -0.3472860548180023432 ) ) ;
#107 = CARTESIAN_POINT ( 'NONE',  ( 0.2125919423225890725, 1.988685217241527248, -0.1235699506141479387 ) ) ;
#108 = AXIS2_PLACEMENT_3D ( 'NONE', #2605, #971, #765 ) ;
#109 = CARTESIAN_POINT ( 'NONE',  ( 1.904915345471754673, 0.6093420422623339050, 0.4480448101177777476 ) ) ;
#110 = DIRECTION ( 'NONE',  ( 1.000000000000000000, 0.000000000000000000, 0.000000000000000000 ) ) ;
#111 = CARTESIAN_POINT ( 'NONE',  ( -1.999999999999971800, 3.351543441997347780E-07, -1.337500019550671215 ) ) ;
#112 = ORIENTED_EDGE ( 'NONE', *, *, #608, .F. ) ;
#113 = CARTESIAN_POINT ( 'NONE',  ( -1.154700538379252794, 1.999999999999999334, -0.1416666666666666907 ) ) ;
#114 = CARTESIAN_POINT ( 'NONE',  ( 1.784401076758498794, 1.092630533523693033E-16, 0.6749999999999996003 ) ) ;
#115 = CARTESIAN_POINT ( 'NONE',  ( 1.753568958239448694, 0.9619115383828932275, 1.168616406466547630 ) ) ;
#116 = CARTESIAN_POINT ( 'NONE',  ( -4.898587196589411843E-16, 1.999999999999999556, -0.1125000000000010575 ) ) ;
#117 = CARTESIAN_POINT ( 'NONE',  ( -0.5664860497952326490, 1.478608800311157045, -1.105327518898838290 ) ) ;
#118 = ORIENTED_EDGE ( 'NONE', *, *, #1147, .T. ) ;
#119 = CARTESIAN_POINT ( 'NONE',  ( -1.784401076758498794, -3.277891600571078112E-16, -1.687500000000000666 ) ) ;
#120 = CARTESIAN_POINT ( 'NONE',  ( 2.000000000000000000, 2.449293598294706414E-16, 7.256854249492381115 ) ) ;
#121 = CARTESIAN_POINT ( 'NONE',  ( 1.794299325985927229, -0.8857557548731925801, -0.3389877759809793445 ) ) ;
#122 = EDGE_CURVE ( 'NONE', #1353, #1117, #404, .T. ) ;
#123 = CARTESIAN_POINT ( 'NONE',  ( 1.198511411622018130, 1.606640514860583568, 0.5156928059501536543 ) ) ;
#124 = CARTESIAN_POINT ( 'NONE',  ( 0.05597111017449956510, -4.006127209161999936, -1.307583103085732557 ) ) ;
#125 = CARTESIAN_POINT ( 'NONE',  ( -1.895664745947468699, -0.6392489014683422344, -1.300207378771534916 ) ) ;
#126 = ORIENTED_EDGE ( 'NONE', *, *, #1696, .F. ) ;
#127 = CARTESIAN_POINT ( 'NONE',  ( -1.732050807568876971, -1.000000000000000888, -0.6666666666666667407 ) ) ;
#128 = CARTESIAN_POINT ( 'NONE',  ( 3.412500000000271871, 2.071244090717625053, -1.316005544564123220 ) ) ;
#129 = CARTESIAN_POINT ( 'NONE',  ( -1.780548938514233903, 0.9120849949592927386, 1.409298217954439103 ) ) ;
#130 = CARTESIAN_POINT ( 'NONE',  ( -1.732050807568876527, -1.000000000000000666, 0.1208333333333321685 ) ) ;
#131 = CARTESIAN_POINT ( 'NONE',  ( 1.047509414079103252, -1.703929254648612668, 0.2990586459702851974 ) ) ;
#132 = ORIENTED_EDGE ( 'NONE', *, *, #2107, .T. ) ;
#133 = CARTESIAN_POINT ( 'NONE',  ( -3.784983195928251484E-16, 1.545336663013166190, -2.562500000000000444 ) ) ;
#134 = CARTESIAN_POINT ( 'NONE',  ( -1.784401076758498794, -3.277891600571078112E-16, -1.075000000000000400 ) ) ;
#135 = CARTESIAN_POINT ( 'NONE',  ( -1.340141798977425358, -1.486054871247964870, -0.5452065419882708985 ) ) ;
#136 = ADVANCED_FACE ( 'NONE', ( #1477 ), #1810, .T. ) ;
#137 = CARTESIAN_POINT ( 'NONE',  ( 1.675579721270543443, 1.093766845973269897, 0.4764312691944307399 ) ) ;
#138 = CARTESIAN_POINT ( 'NONE',  ( 1.338300807568874040, 0.7726683315065832058, 0.1208333333333351939 ) ) ;
#139 = CARTESIAN_POINT ( 'NONE',  ( -1.637341038492126311, -1.148554071882695427, -1.270006724356421923 ) ) ;
#140 = EDGE_LOOP ( 'NONE', ( #2011, #2240 ) ) ;
#141 = CARTESIAN_POINT ( 'NONE',  ( -1.154700538379250574, -2.000000000000000444, 1.491666666666666474 ) ) ;
#142 = FACE_BOUND ( 'NONE', #2309, .T. ) ;
#143 = CARTESIAN_POINT ( 'NONE',  ( -1.601548064986944908, -1.198130480171639034, 0.8331063208573713519 ) ) ;
#144 = CARTESIAN_POINT ( 'NONE',  ( 0.8922005383792498412, -1.545336663013165523, -0.7541666666666672070 ) ) ;
#145 = CARTESIAN_POINT ( 'NONE',  ( -1.352048718060256061, -1.474068087243304959, 0.1538546302250217157 ) ) ;
#146 = ORIENTED_EDGE ( 'NONE', *, *, #2198, .T. ) ;
#147 = PRODUCT_RELATED_PRODUCT_CATEGORY ( 'detail', '', ( #2853 ) ) ;
#148 = CARTESIAN_POINT ( 'NONE',  ( 1.784401076758498794, 1.092630533523692910E-16, 0.7624999999999995115 ) ) ;
#149 = CARTESIAN_POINT ( 'NONE',  ( 1.784401076758498794, 1.092630533523692910E-16, 0.7624999999999995115 ) ) ;
#150 = CARTESIAN_POINT ( 'NONE',  ( -0.8922005383792501743, 1.545336663013165523, -1.891666666666667274 ) ) ;
#151 = CARTESIAN_POINT ( 'NONE',  ( 1.801397168051676712, 0.8898510564894266395, -0.9359630315791648281 ) ) ;
#152 = CARTESIAN_POINT ( 'NONE',  ( -0.8791078631913212815, 1.796475102439035076, 0.6378472439657764115 ) ) ;
#153 = ADVANCED_FACE ( 'NONE', ( #76 ), #528, .T. ) ;
#154 = CARTESIAN_POINT ( 'NONE',  ( -1.195994541895261554, -1.603001592877475900, -1.234498532411569593 ) ) ;
#155 = CIRCLE ( 'NONE', #9, 3.500000000000000444 ) ;
#156 = VERTEX_POINT ( 'NONE', #2678 ) ;
#157 = CARTESIAN_POINT ( 'NONE',  ( -3.499999999999999556, -1.286671059031416542, 1.475157883768693612 ) ) ;
#158 = CARTESIAN_POINT ( 'NONE',  ( -1.999999997489858572, 0.1730035505265805906, 1.452407718376711232 ) ) ;
#159 = CARTESIAN_POINT ( 'NONE',  ( -3.784983195928251484E-16, 1.545336663013166190, -1.862500000000000711 ) ) ;
#160 = CARTESIAN_POINT ( 'NONE',  ( 0.2683366878131272504, -1.981997804934024110, 0.2516381589894438053 ) ) ;
#161 = ORIENTED_EDGE ( 'NONE', *, *, #1664, .F. ) ;
#162 = CARTESIAN_POINT ( 'NONE',  ( 0.000000000000000000, 0.000000000000000000, -1.600000000000000089 ) ) ;
#163 = CARTESIAN_POINT ( 'NONE',  ( 0.8922005383792491751, 1.545336663013166190, 2.279166666666666341 ) ) ;
#164 = CARTESIAN_POINT ( 'NONE',  ( 1.338300807568874040, 0.7726683315065832058, -1.366666666666667362 ) ) ;
#165 = CARTESIAN_POINT ( 'NONE',  ( -0.8922005383792501743, 1.545336663013165523, -2.591666666666667673 ) ) ;
#166 = CARTESIAN_POINT ( 'NONE',  ( -1.025463941386788758, 1.717458880117574527, -0.7524516207052879269 ) ) ;
#167 = CARTESIAN_POINT ( 'NONE',  ( 1.898952441294467164, 0.6277846295142625044, 0.4491207431711386477 ) ) ;
#168 = ADVANCED_BREP_SHAPE_REPRESENTATION ( '90592A090_Steel Hex Nut', ( #190, #304 ), #755 ) ;
#169 = CARTESIAN_POINT ( 'NONE',  ( -1.258304553961355765, -1.555286739991591283, -1.239039454205308255 ) ) ;
#170 = ORIENTED_EDGE ( 'NONE', *, *, #2085, .F. ) ;
#171 = CARTESIAN_POINT ( 'NONE',  ( 3.500000000000000000, 0.000000000000000000, -1.600000000000000089 ) ) ;
#172 = CARTESIAN_POINT ( 'NONE',  ( -0.7582318192417766278, -1.852172771243477456, 0.8948278698263565367 ) ) ;
#173 = CARTESIAN_POINT ( 'NONE',  ( 1.892491597964125742E-16, -1.545336663013166190, -0.1125000000000006273 ) ) ;
#174 = CARTESIAN_POINT ( 'NONE',  ( -1.375938626738498094, -1.451631062014010265, 0.1519874661604550259 ) ) ;
#175 = VERTEX_POINT ( 'NONE', #2017 ) ;
#176 = DIRECTION ( 'NONE',  ( 1.000000000000000000, 0.000000000000000000, 0.000000000000000000 ) ) ;
#177 = CARTESIAN_POINT ( 'NONE',  ( -3.784983195928251484E-16, 1.545336663013166190, 2.337499999999999467 ) ) ;
#178 = CARTESIAN_POINT ( 'NONE',  ( 1.784401076758498794, 1.092630533523692910E-16, 1.462499999999999023 ) ) ;
#179 = CARTESIAN_POINT ( 'NONE',  ( 0.8922005383792491751, 1.545336663013166190, -2.008333333333333748 ) ) ;
#180 = CARTESIAN_POINT ( 'NONE',  ( 0.1936460374930724371, 1.990619333210394526, -0.8225562203951893858 ) ) ;
#181 = B_SPLINE_CURVE_WITH_KNOTS ( 'NONE', 3,
 ( #1662, #2391, #1180, #1925, #2869, #253, #279, #2856, #518, #1913, #1689, #1675, #1425, #1413, #946, #1209, #2841, #3073, #2189, #2175, #31, #2407, #1236, #2881, #929, #2163, #19, #2606, #2635, #2363, #2653, #708, #502, #1886, #2829, #267, #473, #226, #722, #985, #1938 ),
 .UNSPECIFIED., .F., .F.,
 ( 4, 2, 2, 1, 2, 1, 1, 2, 2, 1, 2, 2, 2, 2, 2, 2, 1, 2, 2, 2, 2, 2, 4 ),
 ( 0.02136892868761785733, 0.02325204949639664634, 0.02419360990078604084, 0.02513517030517543188, 0.02890141192273300644, 0.03078453273151179198, 0.03101992283260914668, 0.03113761788315782056, 0.03125531293370649444, 0.03172609313590120383, 0.03266765354029060875, 0.03643389515784824229, 0.04396637839296348854, 0.04584949920174230531, 0.04679105960613170329, 0.04726183980832640574, 0.04773262001052110126, 0.05149886162807867929, 0.05903134486319382146, 0.06091446567197260353, 0.06279758648075138561, 0.06656382809830896363, 0.08162879456853930349 ),
 .UNSPECIFIED. ) ;
#182 = CARTESIAN_POINT ( 'NONE',  ( -1.562723198492626864, 1.248161334741634931, 0.6883707441913881064 ) ) ;
#183 = CARTESIAN_POINT ( 'NONE',  ( -2.000000000000000000, -8.134310703387671364E-16, -0.02500000000000006384 ) ) ;
#184 = EDGE_LOOP ( 'NONE', ( #3013, #845, #261, #1130 ) ) ;
#185 = CARTESIAN_POINT ( 'NONE',  ( 0.000000000000000000, 0.000000000000000000, 1.600000000000000089 ) ) ;
#186 = CARTESIAN_POINT ( 'NONE',  ( 1.383265111874690811, -1.444523470807596022, 1.023562439560659509 ) ) ;
#187 = CARTESIAN_POINT ( 'NONE',  ( 1.784401076758498794, 1.092630533523692910E-16, -2.037500000000000977 ) ) ;
#188 = CARTESIAN_POINT ( 'NONE',  ( -1.193549399482510154, -1.606160065014419436, 0.1656819199228004302 ) ) ;
#189 = EDGE_CURVE ( 'NONE', #1646, #442, #2121, .T. ) ;
#190 = MANIFOLD_SOLID_BREP ( 'Cut-Extrude3', #1701 ) ;
#191 = ORIENTED_EDGE ( 'NONE', *, *, #216, .T. ) ;
#192 = DIRECTION ( 'NONE',  ( -1.000000000000000000, 0.000000000000000000, 0.000000000000000000 ) ) ;
#193 = CARTESIAN_POINT ( 'NONE',  ( -3.784983195928251484E-16, 1.545336663013166190, 0.2374999999999992117 ) ) ;
#194 = CARTESIAN_POINT ( 'NONE',  ( 1.892491597964125742E-16, -1.545336663013166190, -2.300000000000000266 ) ) ;
#195 = CARTESIAN_POINT ( 'NONE',  ( -1.784401076758498794, -3.277891600571078112E-16, -1.775000000000000799 ) ) ;
#196 = CARTESIAN_POINT ( 'NONE',  ( -0.4681261033437907337, 1.950005376064194662, -0.7873656999024877257 ) ) ;
#197 = EDGE_CURVE ( 'NONE', #2279, #2184, #2597, .T. ) ;
#198 = CARTESIAN_POINT ( 'NONE',  ( -1.079418343525057056, 1.105857785483417510, -1.075336663013167993 ) ) ;
#199 = DIRECTION ( 'NONE',  ( 1.000000000000000000, 0.000000000000000000, 0.000000000000000000 ) ) ;
#200 = CARTESIAN_POINT ( 'NONE',  ( 1.960250346309658109, -0.4021519030208127177, -1.010910722545155016 ) ) ;
#201 = ORIENTED_EDGE ( 'NONE', *, *, #1328, .T. ) ;
#202 = AXIS2_PLACEMENT_3D ( 'NONE', #57, #1950, #339 ) ;
#203 = APPROVAL ( #2935, 'UNSPECIFIED' ) ;
#204 = CARTESIAN_POINT ( 'NONE',  ( 3.458871371586937471, -2.033707009975582736, -1.304158023556798662 ) ) ;
#205 = CARTESIAN_POINT ( 'NONE',  ( -0.2559848227871459048, -1.983802691295477594, 0.9240858891782384177 ) ) ;
#206 = CARTESIAN_POINT ( 'NONE',  ( -0.8922005383792501743, 1.545336663013165523, -2.504166666666667762 ) ) ;
#207 = CARTESIAN_POINT ( 'NONE',  ( 1.716085573656667806, -1.027187579830437958, 0.3525765831649237403 ) ) ;
#208 = AXIS2_PLACEMENT_3D ( 'NONE', #1232, #2185, #2217 ) ;
#209 = ORIENTED_EDGE ( 'NONE', *, *, #2858, .T. ) ;
#210 = CARTESIAN_POINT ( 'NONE',  ( 0.6317359770507585681, -3.676718947920352587, 1.490486543124921015 ) ) ;
#211 = CARTESIAN_POINT ( 'NONE',  ( -1.568103866113922162, -0.8363562210056852964, 1.294648536207009037 ) ) ;
#212 = CARTESIAN_POINT ( 'NONE',  ( 0.8922005383792498412, -1.545336663013165523, 0.5583333333333327930 ) ) ;
#213 = CARTESIAN_POINT ( 'NONE',  ( 0.8922005383792498412, -1.545336663013165523, -0.8416666666666672292 ) ) ;
#214 = CARTESIAN_POINT ( 'NONE',  ( -1.682518742401575951, 1.081570782720199020, -0.7007166693403560354 ) ) ;
#215 = CARTESIAN_POINT ( 'NONE',  ( 1.784401076758499460, 1.092630533523693279E-16, 0.06250000000000179023 ) ) ;
#216 = EDGE_CURVE ( 'NONE', #156, #1178, #701, .T. ) ;
#217 = DIRECTION ( 'NONE',  ( 0.000000000000000000, 0.000000000000000000, -1.000000000000000000 ) ) ;
#218 = PRODUCT_DEFINITION_SHAPE ( 'NONE', 'NONE',  #1492 ) ;
#219 = FACE_OUTER_BOUND ( 'NONE', #2505, .T. ) ;
#220 = CARTESIAN_POINT ( 'NONE',  ( 3.499999999999998668, 1.608799489782657632, -1.402322972692529035 ) ) ;
#221 = CARTESIAN_POINT ( 'NONE',  ( 2.868264022949239322, 2.385458878570717811, 1.490486543124921237 ) ) ;
#222 = CARTESIAN_POINT ( 'NONE',  ( 0.2358906346458435888, -1.986045010185663928, 0.9498046775439455969 ) ) ;
#223 = CARTESIAN_POINT ( 'NONE',  ( 0.8922005383792491751, 1.545336663013166190, 0.1791666666666657803 ) ) ;
#224 = ORIENTED_EDGE ( 'NONE', *, *, #2198, .F. ) ;
#225 = CARTESIAN_POINT ( 'NONE',  ( -1.636688872248481585, -1.149456191186827736, 1.530000232964626949 ) ) ;
#226 = CARTESIAN_POINT ( 'NONE',  ( -1.773283894909125413, 0.9270961026363655488, -1.391448580771145638 ) ) ;
#227 = CARTESIAN_POINT ( 'NONE',  ( -3.784983195928251484E-16, 1.545336663013166190, 2.249999999999999556 ) ) ;
#228 = CARTESIAN_POINT ( 'NONE',  ( 1.784401076758498794, 1.092630533523692910E-16, 1.374999999999999334 ) ) ;
#229 = LINE ( 'NONE', #2686, #811 ) ;
#230 = CARTESIAN_POINT ( 'NONE',  ( -1.749999999999997558, 3.031088913245536531, -1.600000000000000089 ) ) ;
#231 = ADVANCED_FACE ( 'NONE', ( #1544 ), #2153, .T. ) ;
#232 = DIRECTION ( 'NONE',  ( 0.000000000000000000, 0.000000000000000000, -1.000000000000000000 ) ) ;
#233 = CARTESIAN_POINT ( 'NONE',  ( 0.8870390951744825392, -1.804994109735925667, -1.111990606522507585 ) ) ;
#234 = CARTESIAN_POINT ( 'NONE',  ( 0.000000000000000000, 0.000000000000000000, -1.600000000000000089 ) ) ;
#235 = CARTESIAN_POINT ( 'NONE',  ( -0.9867926411561370736, 1.518147710345656431, -1.336190232676492506 ) ) ;
#236 = CARTESIAN_POINT ( 'NONE',  ( 1.999999999996735278, -2.566652308386058273E-06, 0.4124560970471385923 ) ) ;
#237 = VERTEX_POINT ( 'NONE', #1496 ) ;
#238 = CARTESIAN_POINT ( 'NONE',  ( 3.499999999999998668, 1.919689645055506322, 1.316005544564211371 ) ) ;
#239 = CARTESIAN_POINT ( 'NONE',  ( -3.458871371586939691, -2.033707009975580959, 1.304158023556798218 ) ) ;
#240 = CARTESIAN_POINT ( 'NONE',  ( 1.338300807568874262, -0.7726683315065827617, -0.7833333333333339921 ) ) ;
#241 = CARTESIAN_POINT ( 'NONE',  ( -1.154700538379252128, 1.999999999999998668, -2.854166666666667407 ) ) ;
#242 = CARTESIAN_POINT ( 'NONE',  ( 3.499999999999998668, -1.919689645055514760, 1.316005544564212704 ) ) ;
#243 = CARTESIAN_POINT ( 'NONE',  ( -1.725872373999894016, -1.010845516941507150, -0.5785730721927003772 ) ) ;
#244 = CARTESIAN_POINT ( 'NONE',  ( -1.999999999999920286, 5.649192612102009385E-07, -0.6375000329536233412 ) ) ;
#245 = CARTESIAN_POINT ( 'NONE',  ( 1.793663542602807359, -0.8869713721768058834, -1.039085466810252933 ) ) ;
#246 = DIRECTION ( 'NONE',  ( 0.000000000000000000, 0.000000000000000000, 1.000000000000000000 ) ) ;
#247 = CARTESIAN_POINT ( 'NONE',  ( 3.499999999999998668, -1.936853612170585048, -1.311240036642100648 ) ) ;
#248 = CARTESIAN_POINT ( 'NONE',  ( 1.576926348521408672, -1.230650067660761904, 1.039648839468831465 ) ) ;
#249 = VERTEX_POINT ( 'NONE', #1715 ) ;
#250 = AXIS2_PLACEMENT_3D ( 'NONE', #2631, #745, #1909 ) ;
#251 = CARTESIAN_POINT ( 'NONE',  ( -1.168192517863509750, 1.623368793961406986, -1.530000000000000027 ) ) ;
#252 = EDGE_CURVE ( 'NONE', #2963, #2795, #2246, .T. ) ;
#253 = CARTESIAN_POINT ( 'NONE',  ( 0.1321722011207855652, 1.995704036079991806, -1.519290348857894823 ) ) ;
#254 = CARTESIAN_POINT ( 'NONE',  ( -1.338300807568873818, -0.7726683315065836499, -0.3166666666666671515 ) ) ;
#255 = CARTESIAN_POINT ( 'NONE',  ( 0.8922005383792498412, -1.545336663013165523, 1.258333333333332860 ) ) ;
#256 = CARTESIAN_POINT ( 'NONE',  ( -1.154700538379250796, -2.000000000000000444, 0.7916666666666662966 ) ) ;
#257 = CARTESIAN_POINT ( 'NONE',  ( -1.878448871572394818, -0.6866965480277812395, -0.5974425217570287217 ) ) ;
#258 = DIRECTION ( 'NONE',  ( -1.000000000000000000, 0.000000000000000000, 0.000000000000000000 ) ) ;
#259 = AXIS2_PLACEMENT_3D ( 'NONE', #2002, #1479, #2680 ) ;
#260 = CARTESIAN_POINT ( 'NONE',  ( -3.412500000000011191, -2.071244090717775599, 1.316005544564206931 ) ) ;
#261 = ORIENTED_EDGE ( 'NONE', *, *, #1228, .F. ) ;
#262 = CARTESIAN_POINT ( 'NONE',  ( -0.6692494302404691231, 1.744558080468696648, -1.394114037459042832 ) ) ;
#263 = CARTESIAN_POINT ( 'NONE',  ( -1.732050807568878081, 0.9999999999999986677, -0.7833333333333333259 ) ) ;
#264 = EDGE_CURVE ( 'NONE', #368, #249, #776, .T. ) ;
#265 = ORIENTED_EDGE ( 'NONE', *, *, #2688, .F. ) ;
#266 = CARTESIAN_POINT ( 'NONE',  ( 0.05597111017526882476, 4.006127209161764569, 1.307583103085863119 ) ) ;
#267 = CARTESIAN_POINT ( 'NONE',  ( -1.699433234229297485, 1.054876401456093848, -1.399089583746459642 ) ) ;
#268 = CARTESIAN_POINT ( 'NONE',  ( 1.892491597964125742E-16, -1.545336663013166190, -0.2000000000000005107 ) ) ;
#269 = CARTESIAN_POINT ( 'NONE',  ( 0.8922005383792491751, 1.545336663013166190, 1.491666666666666030 ) ) ;
#270 = CARTESIAN_POINT ( 'NONE',  ( -1.291436806379005819, -1.366790440245244875, -1.406625243504636247 ) ) ;
#271 = CARTESIAN_POINT ( 'NONE',  ( -3.468698954227368514, 2.019567623378864862, -1.303362079174958499 ) ) ;
#272 = CARTESIAN_POINT ( 'NONE',  ( -0.9948589710259198027, 1.735195472582053311, -0.05451097266030491273 ) ) ;
#273 = DIRECTION ( 'NONE',  ( 0.000000000000000000, 0.000000000000000000, 1.000000000000000000 ) ) ;
#274 = DIRECTION ( 'NONE',  ( 1.000000000000000000, 0.000000000000000000, 0.000000000000000000 ) ) ;
#275 = CARTESIAN_POINT ( 'NONE',  ( -3.500000000000000000, 0.000000000000000000, -1.600000000000000089 ) ) ;
#276 = CARTESIAN_POINT ( 'NONE',  ( 1.732050807568877193, 1.000000000000000222, 1.083333333333333037 ) ) ;
#277 = ORIENTED_EDGE ( 'NONE', *, *, #252, .F. ) ;
#278 = CARTESIAN_POINT ( 'NONE',  ( 0.003119296751584341339, 4.015257520924467194, 1.302537939657981036 ) ) ;
#279 = CARTESIAN_POINT ( 'NONE',  ( 0.04514012264262260571, 2.001087811645161807, -1.514691454487416378 ) ) ;
#280 = CARTESIAN_POINT ( 'NONE',  ( 1.712874251659511238, 1.034653652969884208, 1.172935608003723429 ) ) ;
#281 = EDGE_CURVE ( 'NONE', #1646, #729, #2892, .T. ) ;
#282 = CARTESIAN_POINT ( 'NONE',  ( -4.898587196589411843E-16, 1.999999999999999556, -1.512500000000000844 ) ) ;
#283 = CARTESIAN_POINT ( 'NONE',  ( 0.3834403076548798528, 1.601753728551233102, -1.146250663477639042 ) ) ;
#284 = ADVANCED_FACE ( 'NONE', ( #1013 ), #2491, .F. ) ;
#285 = DATE_AND_TIME ( #756, #2696 ) ;
#286 = CARTESIAN_POINT ( 'NONE',  ( -3.458871371586937915, 2.033707009975586288, -1.304158023556797552 ) ) ;
#287 = CARTESIAN_POINT ( 'NONE',  ( 0.3148325314896061600, 1.976773962232556414, -0.1290717967574504521 ) ) ;
#288 = B_SPLINE_CURVE_WITH_KNOTS ( 'NONE', 3,
 ( #1195, #460, #2589, #5 ),
 .UNSPECIFIED., .F., .F.,
 ( 4, 4 ),
 ( 0.0001043164952616436894, 0.002044882221487525405 ),
 .UNSPECIFIED. ) ;
#289 = CARTESIAN_POINT ( 'NONE',  ( 0.08749999999082734570, 3.990933735778585234, -1.316005544561290375 ) ) ;
#290 = DIRECTION ( 'NONE',  ( 0.000000000000000000, 0.000000000000000000, -1.000000000000000000 ) ) ;
#291 = CARTESIAN_POINT ( 'NONE',  ( -3.441422378838508767, 2.051536007870684575, 1.307583103085862453 ) ) ;
#292 = CARTESIAN_POINT ( 'NONE',  ( -2.031878892049594043, 2.868346059041831264, -1.600000000000000755 ) ) ;
#293 = ORIENTED_EDGE ( 'NONE', *, *, #879, .F. ) ;
#294 = CARTESIAN_POINT ( 'NONE',  ( -1.996371162144456868, -0.1349504977344907208, 1.470360608099078981 ) ) ;
#295 = CARTESIAN_POINT ( 'NONE',  ( -3.784983195928251484E-16, 1.545336663013166190, -0.5500000000000005995 ) ) ;
#296 = CARTESIAN_POINT ( 'NONE',  ( -0.2738238815853429875, 1.985251581296731960, 1.301764733641940008 ) ) ;
#297 = CARTESIAN_POINT ( 'NONE',  ( -1.154700538379252128, 1.999999999999998668, -0.05416666666666763996 ) ) ;
#298 = CARTESIAN_POINT ( 'NONE',  ( -1.344511010768065562, 0.7886900330831182471, -1.075336663013166660 ) ) ;
#299 =( NAMED_UNIT ( * ) SI_UNIT ( $, .STERADIAN. ) SOLID_ANGLE_UNIT ( ) );
#300 = CARTESIAN_POINT ( 'NONE',  ( 0.8922005383792498412, -1.545336663013165523, -2.154166666666667229 ) ) ;
#301 = CARTESIAN_POINT ( 'NONE',  ( -1.555054726507727691, 1.121795420590272485, 1.443624703861693614 ) ) ;
#302 = VECTOR ( 'NONE', #2925, 1000.000000000000000 ) ;
#303 = CARTESIAN_POINT ( 'NONE',  ( -1.989783934767137552, -0.2053351446760798282, -0.6255465166576724689 ) ) ;
#304 = AXIS2_PLACEMENT_3D ( 'NONE', #2706, #350, #1023 ) ;
#305 = CARTESIAN_POINT ( 'NONE',  ( -1.538884154436924501, 1.284487912661187670, -0.01396589681881004602 ) ) ;
#306 = CARTESIAN_POINT ( 'NONE',  ( 1.186419791931167644, 3.356472098084023248, 1.573078370213997657 ) ) ;
#307 = CARTESIAN_POINT ( 'NONE',  ( -1.464837679849134933, 0.4922560042771152999, 1.075336663013168215 ) ) ;
#308 = FACE_OUTER_BOUND ( 'NONE', #1480, .T. ) ;
#309 = CARTESIAN_POINT ( 'NONE',  ( 0.000000000000000000, 0.000000000000000000, -1.600000000000000089 ) ) ;
#310 = VERTEX_POINT ( 'NONE', #1764 ) ;
#311 = CARTESIAN_POINT ( 'NONE',  ( -1.732050807568876971, -1.000000000000000888, -2.066666666666666874 ) ) ;
#312 = CARTESIAN_POINT ( 'NONE',  ( 0.8922005383792491751, 1.545336663013166412, -0.6083333333333339477 ) ) ;
#313 = CARTESIAN_POINT ( 'NONE',  ( 1.864549671426072086, 0.7315754453032244919, 1.155129786907199030 ) ) ;
#314 = CARTESIAN_POINT ( 'NONE',  ( 2.449293598294705921E-16, -1.999999999999999556, -0.4625000000000009104 ) ) ;
#315 = DIRECTION ( 'NONE',  ( 0.000000000000000000, 0.000000000000000000, -1.000000000000000000 ) ) ;
#316 = VERTEX_POINT ( 'NONE', #2459 ) ;
#317 = B_SPLINE_CURVE_WITH_KNOTS ( 'NONE', 3,
 ( #1990, #2933, #1304, #1070, #1756, #1724, #1772, #583, #2025, #2704, #2484, #2452, #1958 ),
 .UNSPECIFIED., .F., .F.,
 ( 4, 3, 3, 3, 4 ),
 ( 3.050849360300497709E-16, 5.343974640608116283E-05, 0.0001070471692697223099, 0.0001587453692534757902, 0.0001846555834759649041 ),
 .UNSPECIFIED. ) ;
#318 = CARTESIAN_POINT ( 'NONE',  ( 0.8922005383792491751, 1.545336663013166190, -1.920833333333334059 ) ) ;
#319 = CARTESIAN_POINT ( 'NONE',  ( 1.968566536757667018, -0.3588767344966856121, 0.3915781959081465202 ) ) ;
#320 = CARTESIAN_POINT ( 'NONE',  ( -0.5077728390076388099, -1.935577153931630212, -0.4899115908732912805 ) ) ;
#321 = CARTESIAN_POINT ( 'NONE',  ( -0.1874476316016068789, 1.991260980953802884, -0.1026911155618666499 ) ) ;
#322 = DIRECTION ( 'NONE',  ( 0.000000000000000000, 0.000000000000000000, -1.000000000000000000 ) ) ;
#323 = ADVANCED_FACE ( 'NONE', ( #1315 ), #1966, .T. ) ;
#324 = CARTESIAN_POINT ( 'NONE',  ( -3.500000000000000444, 1.919689645055508320, 1.316005544564209817 ) ) ;
#325 = FACE_OUTER_BOUND ( 'NONE', #3000, .T. ) ;
#326 = CARTESIAN_POINT ( 'NONE',  ( -1.750000000000001110, -3.031088913245534755, 1.600000000000000089 ) ) ;
#327 = ORIENTED_EDGE ( 'NONE', *, *, #2373, .T. ) ;
#328 = CARTESIAN_POINT ( 'NONE',  ( -1.732050807568876971, -1.000000000000000888, 0.03333333333333334675 ) ) ;
#329 = B_SPLINE_CURVE_WITH_KNOTS ( 'NONE', 3,
 ( #1854, #2316, #1635, #2548, #2576, #416, #211, #2117, #3060, #1467 ),
 .UNSPECIFIED., .F., .F.,
 ( 4, 2, 2, 2, 4 ),
 ( 0.000000000000000000, 0.0006387485229554345622, 0.001277497045910869124, 0.001916245568866303687, 0.002554994091821738249 ),
 .UNSPECIFIED. ) ;
#330 = CARTESIAN_POINT ( 'NONE',  ( 2.000000000000000000, -0.5358983848622451696, -1.106260739116964320 ) ) ;
#331 = CARTESIAN_POINT ( 'NONE',  ( -0.4504246340484664990, 1.948671068814157969, 1.311779727796887007 ) ) ;
#332 = CARTESIAN_POINT ( 'NONE',  ( -1.732050807568876527, -1.000000000000000666, -0.5791666666666674956 ) ) ;
#333 = LINE ( 'NONE', #347, #1561 ) ;
#334 = ORIENTED_EDGE ( 'NONE', *, *, #1305, .F. ) ;
#335 = CARTESIAN_POINT ( 'NONE',  ( -0.8922005383792489530, -1.545336663013166412, -2.270833333333333481 ) ) ;
#336 = CARTESIAN_POINT ( 'NONE',  ( 0.7333423315617272342, 1.667220934753410377, 1.347371417001440808 ) ) ;
#337 = CARTESIAN_POINT ( 'NONE',  ( -0.9081716101514627493, -1.786779452927794720, -0.5149220917570361822 ) ) ;
#338 = CARTESIAN_POINT ( 'NONE',  ( -1.090735787691948344, 1.676426086615666167, -0.04796111104621057081 ) ) ;
#339 = DIRECTION ( 'NONE',  ( -1.000000000000000000, 0.000000000000000000, 0.000000000000000000 ) ) ;
#340 = DIRECTION ( 'NONE',  ( 0.000000000000000000, 0.000000000000000000, -1.000000000000000000 ) ) ;
#341 = CARTESIAN_POINT ( 'NONE',  ( -1.926474291853804033, 0.3112428366479157993, -1.475283528898440499 ) ) ;
#342 = VERTEX_POINT ( 'NONE', #2711 ) ;
#343 = CARTESIAN_POINT ( 'NONE',  ( -1.154700538379250574, -2.000000000000000444, -2.008333333333333304 ) ) ;
#344 = CARTESIAN_POINT ( 'NONE',  ( 1.338300807568874262, -0.7726683315065827617, 0.6166666666666661412 ) ) ;
#345 = CARTESIAN_POINT ( 'NONE',  ( 1.157035736548887028, 1.631590246220012475, 1.218293227857490724 ) ) ;
#346 = CARTESIAN_POINT ( 'NONE',  ( 1.154700538379251684, -1.999999999999999334, -0.4041666666666677288 ) ) ;
#347 = CARTESIAN_POINT ( 'NONE',  ( -3.412500000000000533, -2.071244090717781816, 1.600000000000000089 ) ) ;
#348 = EDGE_CURVE ( 'NONE', #2170, #2766, #2629, .T. ) ;
#349 = ORIENTED_EDGE ( 'NONE', *, *, #1012, .F. ) ;
#350 = DIRECTION ( 'NONE',  ( 0.000000000000000000, 0.000000000000000000, 1.000000000000000000 ) ) ;
#351 = CARTESIAN_POINT ( 'NONE',  ( 2.309401076758502924, 1.414100318299875804E-16, 2.424999999999999822 ) ) ;
#352 = CARTESIAN_POINT ( 'NONE',  ( 0.3916998700641780018, 1.793478328246200570, 1.361801620330212570 ) ) ;
#353 = CARTESIAN_POINT ( 'NONE',  ( 1.992352912763575068, -0.1752338594211710898, -0.2977254669504391660 ) ) ;
#354 = AXIS2_PLACEMENT_3D ( 'NONE', #1380, #2329, #192 ) ;
#355 = CONICAL_SURFACE ( 'NONE', #903, 3.500000000000000000, 1.047197551196600074 ) ;
#356 = DIRECTION ( 'NONE',  ( -0.5000000000000003331, -0.8660254037844384856, 0.000000000000000000 ) ) ;
#357 = CC_DESIGN_APPROVAL ( #1451, ( #1492 ) ) ;
#358 = CARTESIAN_POINT ( 'NONE',  ( -1.338300807568874706, 0.7726683315065820956, 1.054166666666668473 ) ) ;
#359 = DIRECTION ( 'NONE',  ( 1.000000000000000000, 0.000000000000000000, 0.000000000000000000 ) ) ;
#360 = ORIENTED_EDGE ( 'NONE', *, *, #122, .T. ) ;
#361 = CARTESIAN_POINT ( 'NONE',  ( -2.309401076758502924, -4.242300954899627659E-16, -0.7250000000000000888 ) ) ;
#362 = CARTESIAN_POINT ( 'NONE',  ( -0.8922005383792488420, -1.545336663013166412, -0.9583333333333338144 ) ) ;
#363 = CARTESIAN_POINT ( 'NONE',  ( -1.386423604244854557, 1.442967853342748352, 1.373721613392281382 ) ) ;
#364 = AXIS2_PLACEMENT_3D ( 'NONE', #1048, #340, #2444 ) ;
#365 = CARTESIAN_POINT ( 'NONE',  ( -1.154700538379252128, 1.999999999999998668, 2.045833333333332504 ) ) ;
#366 = CARTESIAN_POINT ( 'NONE',  ( -1.709007826933000018, -1.040758268557764765, 0.1234106036105947629 ) ) ;
#367 = ADVANCED_FACE ( 'NONE', ( #2643 ), #2395, .T. ) ;
#368 = VERTEX_POINT ( 'NONE', #1681 ) ;
#369 = CARTESIAN_POINT ( 'NONE',  ( 1.338300807568874040, 0.7726683315065832058, -1.279166666666667451 ) ) ;
#370 = CARTESIAN_POINT ( 'NONE',  ( -3.784983195928251484E-16, 1.545336663013166190, -1.250000000000000666 ) ) ;
#371 = CARTESIAN_POINT ( 'NONE',  ( -0.1616352664456924271, -1.993703386177418935, -0.4708459806550243099 ) ) ;
#372 = CARTESIAN_POINT ( 'NONE',  ( 0.1763920620184069032, 1.996351189865076758, 0.5782806455136437762 ) ) ;
#373 = CARTESIAN_POINT ( 'NONE',  ( 1.338300807568874262, -0.7726683315065827617, -0.6958333333333317494 ) ) ;
#374 = CARTESIAN_POINT ( 'NONE',  ( -1.989839635690684227, -0.2047006124698267926, -1.325580030735907577 ) ) ;
#375 = ORIENTED_EDGE ( 'NONE', *, *, #1783, .T. ) ;
#376 = CARTESIAN_POINT ( 'NONE',  ( -1.647601030600013283, -1.133776999352397841, 1.529032247869983374 ) ) ;
#377 = CARTESIAN_POINT ( 'NONE',  ( 3.498148907176656941, 1.945075781892940725, -1.309855574092556152 ) ) ;
#378 = CARTESIAN_POINT ( 'NONE',  ( 0.000000000000000000, 0.000000000000000000, 1.600000000000000089 ) ) ;
#379 = CARTESIAN_POINT ( 'NONE',  ( 1.892491597964125742E-16, -1.545336663013166190, -1.512500000000000622 ) ) ;
#380 = CARTESIAN_POINT ( 'NONE',  ( 0.3016701952976894585, -1.977120062828747971, 0.2533962935527252491 ) ) ;
#381 = ORIENTED_EDGE ( 'NONE', *, *, #2255, .F. ) ;
#382 = ADVANCED_FACE ( 'NONE', ( #2599 ), #1152, .T. ) ;
#383 = CARTESIAN_POINT ( 'NONE',  ( 0.8922005383792491751, 1.545336663013166190, 0.8791666666666658747 ) ) ;
#384 = CARTESIAN_POINT ( 'NONE',  ( 1.892491597964125742E-16, -1.545336663013166190, 2.687500000000000000 ) ) ;
#385 = CARTESIAN_POINT ( 'NONE',  ( 0.1899575995364978231, -1.991066175294557095, -0.4525511447970869683 ) ) ;
#386 = CARTESIAN_POINT ( 'NONE',  ( 1.263467135077342096, 1.556224933285071943, -0.8893376462125276438 ) ) ;
#387 = EDGE_CURVE ( 'NONE', #2361, #1353, #2626, .T. ) ;
#388 = EDGE_CURVE ( 'NONE', #310, #2264, #2197, .T. ) ;
#389 = CARTESIAN_POINT ( 'NONE',  ( 0.5005823493796789370, 1.937474058741824878, 0.5602904759893804210 ) ) ;
#390 = CARTESIAN_POINT ( 'NONE',  ( -0.8922005383792503963, 1.545336663013166190, 0.2958333333333350024 ) ) ;
#391 = CYLINDRICAL_SURFACE ( 'NONE', #2801, 2.000000000000000000 ) ;
#392 = ORIENTED_EDGE ( 'NONE', *, *, #1696, .T. ) ;
#393 = CARTESIAN_POINT ( 'NONE',  ( 2.309401076758502924, 1.414100318299875804E-16, 1.024999999999999911 ) ) ;
#394 = PLANE ( 'NONE',  #1751 ) ;
#395 = CARTESIAN_POINT ( 'NONE',  ( -1.868112108999871124, -0.7149739904458460860, 0.8042075460631843420 ) ) ;
#396 = CARTESIAN_POINT ( 'NONE',  ( 3.486917607418689613, 1.988403203603175573, 1.303253042212783042 ) ) ;
#397 = CARTESIAN_POINT ( 'NONE',  ( -1.248915297890944354, -1.563588126321749483, 0.1616754484700283767 ) ) ;
#398 = ORIENTED_EDGE ( 'NONE', *, *, #2435, .T. ) ;
#399 = CARTESIAN_POINT ( 'NONE',  ( 3.499999999999998668, 1.919689645055505656, -1.316005544564211149 ) ) ;
#400 = CARTESIAN_POINT ( 'NONE',  ( 0.8922005383792498412, -1.545336663013165523, 2.045833333333332504 ) ) ;
#401 = CARTESIAN_POINT ( 'NONE',  ( 1.892491597964125742E-16, -1.545336663013166190, -1.600000000000000533 ) ) ;
#402 = CARTESIAN_POINT ( 'NONE',  ( 1.892491597964125742E-16, -1.545336663013166190, -0.2000000000000005107 ) ) ;
#403 = CARTESIAN_POINT ( 'NONE',  ( 0.6311439781605452382, 1.897813187925259548, -0.8473495264018174877 ) ) ;
#404 = B_SPLINE_CURVE_WITH_KNOTS ( 'NONE', 3,
 ( #1878, #2614, #3067, #2821, #687, #1642, #2582, #1406, #937, #1893, #1420, #1981, #1062 ),
 .UNSPECIFIED., .F., .F.,
 ( 4, 3, 3, 3, 4 ),
 ( 2.112365313611909704E-16, 5.343974640665405526E-05, 0.0001070471692709579073, 0.0001587453692543037140, 0.0001846555834761886834 ),
 .UNSPECIFIED. ) ;
#405 = CARTESIAN_POINT ( 'NONE',  ( -0.4186407670183095453, 1.959517468204962309, 0.6098983561276509757 ) ) ;
#406 = CARTESIAN_POINT ( 'NONE',  ( -1.601912016456516374, -1.197652846361243251, -1.266921353974009623 ) ) ;
#407 = AXIS2_PLACEMENT_3D ( 'NONE', #185, #1139, #2067 ) ;
#408 = ORIENTED_EDGE ( 'NONE', *, *, #1571, .F. ) ;
#409 = DIRECTION ( 'NONE',  ( 0.000000000000000000, 0.000000000000000000, -1.000000000000000000 ) ) ;
#410 = CARTESIAN_POINT ( 'NONE',  ( -0.9998446830113821848, -1.732327508524637238, 0.8791821559979722256 ) ) ;
#411 = CARTESIAN_POINT ( 'NONE',  ( -1.784401076758498794, -3.277891600571078112E-16, -0.2875000000000006439 ) ) ;
#412 = CARTESIAN_POINT ( 'NONE',  ( 0.2973081709934374262, -1.977779060930027866, 0.2531651753428747487 ) ) ;
#413 = ORIENTED_EDGE ( 'NONE', *, *, #1948, .T. ) ;
#414 = CARTESIAN_POINT ( 'NONE',  ( -3.500000000000000444, -1.606074079894515227, -1.403079672022345736 ) ) ;
#415 = AXIS2_PLACEMENT_3D ( 'NONE', #925, #3039, #440 ) ;
#416 = CARTESIAN_POINT ( 'NONE',  ( -1.481231952141375707, -1.029376456988789545, 1.321461641747572635 ) ) ;
#417 = CARTESIAN_POINT ( 'NONE',  ( 0.8922005383792491751, 1.545336663013166190, -1.308333333333334014 ) ) ;
#418 = CARTESIAN_POINT ( 'NONE',  ( 1.338300807568874040, 0.7726683315065832058, -1.366666666666667362 ) ) ;
#419 = CARTESIAN_POINT ( 'NONE',  ( -0.8818260157979492808, 1.795691925776907949, -0.7619531414755371657 ) ) ;
#420 = CARTESIAN_POINT ( 'NONE',  ( -1.385975928533062840, 1.445734439888860967, 0.6735674942939033905 ) ) ;
#421 = CARTESIAN_POINT ( 'NONE',  ( 0.1696712031740177096, -1.992851463666522216, -1.153572619664728238 ) ) ;
#422 = ORIENTED_EDGE ( 'NONE', *, *, #714, .F. ) ;
#423 = CARTESIAN_POINT ( 'NONE',  ( 3.453432623532411316, 2.038559579069879835, -1.305420199740348952 ) ) ;
#424 = CARTESIAN_POINT ( 'NONE',  ( -1.065494255101853360, -1.693314483518693736, 0.8747296411727062404 ) ) ;
#425 = CARTESIAN_POINT ( 'NONE',  ( 3.446805679400797739, 2.046471335125262137, 1.306403518167266853 ) ) ;
#426 = CARTESIAN_POINT ( 'NONE',  ( -0.4984800223411973707, -1.937048004269827262, 0.2105488998027778558 ) ) ;
#427 = ORIENTED_EDGE ( 'NONE', *, *, #839, .F. ) ;
#428 = DIRECTION ( 'NONE',  ( 0.000000000000000000, 0.000000000000000000, -1.000000000000000000 ) ) ;
#429 = CARTESIAN_POINT ( 'NONE',  ( -1.338300807568873818, -0.7726683315065836499, 0.4708333333333324378 ) ) ;
#430 = CARTESIAN_POINT ( 'NONE',  ( -3.784983195928251484E-16, 1.545336663013166190, 1.637499999999999512 ) ) ;
#431 = CARTESIAN_POINT ( 'NONE',  ( 1.338300807568874262, -0.7726683315065827617, 0.6166666666666661412 ) ) ;
#432 = CARTESIAN_POINT ( 'NONE',  ( -0.2219772549008627027, 1.987659481876739243, -0.8009008163942745728 ) ) ;
#433 = CARTESIAN_POINT ( 'NONE',  ( 1.580715422278686777, 1.225730899915578043, 0.4850676425832838867 ) ) ;
#434 = CARTESIAN_POINT ( 'NONE',  ( 1.719200789834437693, -1.022047826047693730, -1.047119112514921291 ) ) ;
#435 = B_SPLINE_CURVE_WITH_KNOTS ( 'NONE', 3,
 ( #2776, #1848, #2095, #3009, #2806, #171 ),
 .UNSPECIFIED., .F., .F.,
 ( 4, 2, 4 ),
 ( 0.003896567170863960653, 0.004867353088438794093, 0.005838139006013627966 ),
 .UNSPECIFIED. ) ;
#436 = ORIENTED_EDGE ( 'NONE', *, *, #3048, .T. ) ;
#437 = APPLICATION_CONTEXT ( 'configuration controlled 3d designs of mechanical parts and assemblies' ) ;
#438 = DIRECTION ( 'NONE',  ( 0.000000000000000000, 0.000000000000000000, 1.000000000000000000 ) ) ;
#439 = CARTESIAN_POINT ( 'NONE',  ( 1.666153955689779087, -1.106493857483318299, 1.047730582447680581 ) ) ;
#440 = DIRECTION ( 'NONE',  ( -1.000000000000000000, 0.000000000000000000, 0.000000000000000000 ) ) ;
#441 = CARTESIAN_POINT ( 'NONE',  ( 1.208519563542571396, -1.594022782680623473, 0.3103811160633411226 ) ) ;
#442 = VERTEX_POINT ( 'NONE', #2124 ) ;
#443 = CARTESIAN_POINT ( 'NONE',  ( 1.584424173669439107, -0.7303959398824386717, 1.235159567887139653 ) ) ;
#444 = CARTESIAN_POINT ( 'NONE',  ( 0.8922005383792491751, 1.545336663013166190, 0.1791666666666657803 ) ) ;
#445 = CARTESIAN_POINT ( 'NONE',  ( 1.338300807568874262, -0.7726683315065827617, 2.016666666666666607 ) ) ;
#446 = CARTESIAN_POINT ( 'NONE',  ( -1.784401076758498794, -3.277891600571078112E-16, 0.3249999999999995670 ) ) ;
#447 = CARTESIAN_POINT ( 'NONE',  ( 1.666802675710389314, 1.105514110539531414, -0.9227927210072770503 ) ) ;
#448 = EDGE_CURVE ( 'NONE', #2766, #1565, #11, .T. ) ;
#449 = CARTESIAN_POINT ( 'NONE',  ( -0.8922005383792490640, -1.545336663013166634, -0.8708333333333316828 ) ) ;
#450 = CARTESIAN_POINT ( 'NONE',  ( 0.000000000000000000, 0.000000000000000000, 1.530000000000000027 ) ) ;
#451 = CARTESIAN_POINT ( 'NONE',  ( 1.677897842444886933, -1.088692755748304597, -1.051159801225683088 ) ) ;
#452 = CARTESIAN_POINT ( 'NONE',  ( 3.499999999999999112, 1.294071183846058792, -1.473682472052511017 ) ) ;
#453 = AXIS2_PLACEMENT_3D ( 'NONE', #611, #629, #2791 ) ;
#454 = CARTESIAN_POINT ( 'NONE',  ( -0.5548275720112173515, 1.803431482414107556, -1.412508997805691946 ) ) ;
#455 = CARTESIAN_POINT ( 'NONE',  ( 0.2271918965783633060, -1.987058885923142393, 0.9493567851382298528 ) ) ;
#456 = CARTESIAN_POINT ( 'NONE',  ( -0.8922005383792489530, -1.545336663013166412, 0.5291666666666658969 ) ) ;
#457 = AXIS2_PLACEMENT_3D ( 'NONE', #2725, #1731, #777 ) ;
#458 = VERTEX_POINT ( 'NONE', #1445 ) ;
#459 = CARTESIAN_POINT ( 'NONE',  ( 1.184055183478383455, -3.357837305410763307, 1.600000000000002309 ) ) ;
#460 = CARTESIAN_POINT ( 'NONE',  ( 2.868264022949416958, 2.385458878570615671, -1.490486543124885488 ) ) ;
#461 = CARTESIAN_POINT ( 'NONE',  ( -0.8922005383792489530, -1.545336663013166412, -0.9583333333333338144 ) ) ;
#462 = EDGE_CURVE ( 'NONE', #1534, #2569, #1876, .T. ) ;
#463 = CARTESIAN_POINT ( 'NONE',  ( 1.784401076758498794, 1.092630533523692910E-16, -1.425000000000000266 ) ) ;
#464 = CARTESIAN_POINT ( 'NONE',  ( 1.371140228033502106, -1.127696696847437563, -1.289342331645840112 ) ) ;
#465 = CARTESIAN_POINT ( 'NONE',  ( -1.338300807568874706, 0.7726683315065820956, -0.3458333333333316606 ) ) ;
#466 = DIRECTION ( 'NONE',  ( -0.000000000000000000, -0.000000000000000000, 1.000000000000000000 ) ) ;
#467 = CARTESIAN_POINT ( 'NONE',  ( 1.983893736056427715, -0.2538631533699304832, -1.002306002476414104 ) ) ;
#468 = CARTESIAN_POINT ( 'NONE',  ( 0.08021629318345195603, -3.995138985864518322, 1.313670402287396843 ) ) ;
#469 = CARTESIAN_POINT ( 'NONE',  ( 0.000000000000000000, 0.000000000000000000, -1.600000000000000089 ) ) ;
#470 = CARTESIAN_POINT ( 'NONE',  ( 0.000000000000000000, 0.000000000000000000, 7.256854249492381115 ) ) ;
#471 = ORIENTED_EDGE ( 'NONE', *, *, #1464, .T. ) ;
#472 = CARTESIAN_POINT ( 'NONE',  ( 3.499999999999999112, 0.6534320582525137144, 1.572821304610747761 ) ) ;
#473 = CARTESIAN_POINT ( 'NONE',  ( -1.744148995611832120, 0.9804562412031830876, -1.394628952999779736 ) ) ;
#474 = CARTESIAN_POINT ( 'NONE',  ( 0.3527281774877776832, -1.545336663013166190, 2.623061867224190991 ) ) ;
#475 = CARTESIAN_POINT ( 'NONE',  ( -1.338300807568874706, 0.7726683315065820956, 2.366666666666666252 ) ) ;
#476 = CARTESIAN_POINT ( 'NONE',  ( 0.7224538405099306670, -1.646034364115695814, -1.323656343669401325 ) ) ;
#477 = B_SPLINE_CURVE_WITH_KNOTS ( 'NONE', 3,
 ( #1175, #221, #1894, #718 ),
 .UNSPECIFIED., .F., .F.,
 ( 4, 4 ),
 ( 0.0001043164952619557906, 0.002044882221487525405 ),
 .UNSPECIFIED. ) ;
#478 = CARTESIAN_POINT ( 'NONE',  ( -1.775376664679265470, -0.9215758227774997202, -0.5838729370037486488 ) ) ;
#479 = CARTESIAN_POINT ( 'NONE',  ( -1.680968976781427981, 1.088571794875306864, 0.6987545730820897694 ) ) ;
#480 = CARTESIAN_POINT ( 'NONE',  ( -0.09634712549155273476, -1.997923503316925808, -1.167394894345855194 ) ) ;
#481 = EDGE_CURVE ( 'NONE', #1161, #2541, #703, .T. ) ;
#482 = CARTESIAN_POINT ( 'NONE',  ( 0.03180624870032303098, -4.012323981204721335, 1.304158023556844404 ) ) ;
#483 = LINE ( 'NONE', #1434, #653 ) ;
#484 = CARTESIAN_POINT ( 'NONE',  ( 0.9076583014238894798, -1.787228534199821750, 0.9894583892028109284 ) ) ;
#485 = ORIENTED_EDGE ( 'NONE', *, *, #2976, .F. ) ;
#486 = DIRECTION ( 'NONE',  ( 1.000000000000000000, 0.000000000000000000, 0.000000000000000000 ) ) ;
#487 = CARTESIAN_POINT ( 'NONE',  ( -3.426852008737130362, -2.062252971833105519, 1.311603594999026567 ) ) ;
#488 = CARTESIAN_POINT ( 'NONE',  ( -1.784401076758498794, -3.277891600571078112E-16, 1.024999999999999245 ) ) ;
#489 = CARTESIAN_POINT ( 'NONE',  ( -1.732050807568876527, -1.000000000000000666, -1.979166666666667629 ) ) ;
#490 = CARTESIAN_POINT ( 'NONE',  ( -1.999999999999978462, 2.907086598350227545E-07, 0.7624996970869459822 ) ) ;
#491 = CARTESIAN_POINT ( 'NONE',  ( -4.898587196589412829E-16, 2.000000000000000000, 0.4999999999999997780 ) ) ;
#492 = CONICAL_SURFACE ( 'NONE', #1194, 3.500000000000000000, 1.047197551196600074 ) ;
#493 = DIRECTION ( 'NONE',  ( -0.000000000000000000, -0.000000000000000000, 1.000000000000000000 ) ) ;
#494 = CARTESIAN_POINT ( 'NONE',  ( -1.633266062414831410, -8.405793323113235528E-12, 1.163266062414832547 ) ) ;
#495 = ORIENTED_EDGE ( 'NONE', *, *, #1076, .F. ) ;
#496 = CARTESIAN_POINT ( 'NONE',  ( -3.500000000000000444, -1.919689645055513871, 1.316005544564211815 ) ) ;
#497 = CARTESIAN_POINT ( 'NONE',  ( 1.599089455898731416, -1.201817737957337595, 1.041589880930914980 ) ) ;
#498 =( BOUNDED_SURFACE ( )  B_SPLINE_SURFACE ( 1, 2, ( 
 ( #1283, #1735, #610, #2929, #311, #343, #1319, #798, #2743, #2499, #2447, #2912, #2006, #2730, #80, #782, #1333, #595, #1267, #1033, #547, #2021, #1986, #2265, #1752, #2700, #1548, #361, #127, #565, #2235, #1518, #2464, #97, #2978, #1566, #580, #113, #2035, #816, #328, #1051, #1066, #2946, #1768, #2480, #2715, #2964, #1017, #1082, #1535, #846, #1800, #2513, #2280, #2527, #1096, #393, #2760, #2051, #2994, #1348, #861, #1820, #628, #141, #1581, #1274, #1041, #2707, #601, #2027, #1994, #2488, #2721, #1742, #822, #1058, #1557, #2970, #2936, #351, #586, #2689, #1776, #2013, #2506, #1509, #1791, #572, #1024, #1541, #1311 ),
 ( #133, #1526, #2271, #805, #2257, #335, #87, #300, #555, #2956, #2454, #318, #852, #836, #2736, #119, #1088, #2226, #1759, #2471, #1976, #789, #369, #1073, #2920, #1290, #2041, #2984, #2242, #104, #1325, #2673, #537, #1489, #2437, #1256, #2210, #70, #2562, #2073, #2519, #1396, #635, #1103, #1132, #2101, #1588, #444, #193, #2286, #618, #2782, #429, #3002, #2750, #1164, #1621, #148, #2060, #383, #2797, #1339, #3044, #1573, #2768, #1381, #2330, #1145, #868, #3015, #1828, #2534, #883, #679, #2346, #1369, #2088, #2812, #1604, #400, #1355, #3029, #2302, #163, #177, #1119, #896, #1808, #665, #1841, #914, #1871, #648 ) ),
 .UNSPECIFIED., .F., .F., .T. ) 
 B_SPLINE_SURFACE_WITH_KNOTS ( ( 2, 2 ),
 ( 3, 2, 2, 2, 2, 2, 2, 2, 2, 2, 2, 2, 2, 2, 2, 2, 2, 2, 2, 2, 2, 2, 2, 2, 2, 2, 2, 2, 2, 2, 2, 2, 2, 2, 2, 2, 2, 2, 2, 2, 2, 2, 2, 2, 2, 2, 3 ),
 ( 0.000000000000000000, 1.000000000000000000 ),
 ( 0.000000000000000000, 0.02083333333333333218, 0.04166666666666666435, 0.06250000000000000000, 0.08333333333333332871, 0.1041666666666666713, 0.1250000000000000000, 0.1458333333333333426, 0.1666666666666666574, 0.1875000000000000000, 0.2083333333333333426, 0.2291666666666666574, 0.2500000000000000000, 0.2708333333333333148, 0.2916666666666666852, 0.3125000000000000000, 0.3333333333333333148, 0.3541666666666666852, 0.3750000000000000000, 0.3958333333333333148, 0.4166666666666666852, 0.4375000000000000000, 0.4583333333333333148, 0.4791666666666666852, 0.5000000000000000000, 0.5208333333333333703, 0.5416666666666666297, 0.5625000000000000000, 0.5833333333333333703, 0.6041666666666666297, 0.6250000000000000000, 0.6458333333333333703, 0.6666666666666666297, 0.6875000000000000000, 0.7083333333333333703, 0.7291666666666666297, 0.7500000000000000000, 0.7708333333333333703, 0.7916666666666666297, 0.8125000000000000000, 0.8333333333333333703, 0.8541666666666666297, 0.8750000000000000000, 0.8958333333333333703, 0.9166666666666666297, 0.9375000000000000000, 0.9464622643207007968 ),
 .UNSPECIFIED. ) 
 GEOMETRIC_REPRESENTATION_ITEM ( )  RATIONAL_B_SPLINE_SURFACE ( (
 ( 1.000000000000000000, 0.8660254037844387076, 1.000000000000000000, 0.8660254037844387076, 1.000000000000000000, 0.8660254037844387076, 1.000000000000000000, 0.8660254037844387076, 1.000000000000000000, 0.8660254037844387076, 1.000000000000000000, 0.8660254037844387076, 1.000000000000000000, 0.8660254037844387076, 1.000000000000000000, 0.8660254037844387076, 1.000000000000000000, 0.8660254037844387076, 1.000000000000000000, 0.8660254037844387076, 1.000000000000000000, 0.8660254037844387076, 1.000000000000000000, 0.8660254037844387076, 1.000000000000000000, 0.8660254037844387076, 1.000000000000000000, 0.8660254037844387076, 1.000000000000000000, 0.8660254037844387076, 1.000000000000000000, 0.8660254037844387076, 1.000000000000000000, 0.8660254037844387076, 1.000000000000000000, 0.8660254037844387076, 1.000000000000000000, 0.8660254037844387076, 1.000000000000000000, 0.8660254037844387076, 1.000000000000000000, 0.8660254037844387076, 1.000000000000000000, 0.8660254037844387076, 1.000000000000000000, 0.8660254037844387076, 1.000000000000000000, 0.8660254037844387076, 1.000000000000000000, 0.8660254037844387076, 1.000000000000000000, 0.8660254037844387076, 1.000000000000000000, 0.8660254037844387076, 1.000000000000000000, 0.8660254037844387076, 1.000000000000000000, 0.8660254037844387076, 1.000000000000000000, 0.8660254037844387076, 1.000000000000000000, 0.8660254037844387076, 1.000000000000000000, 0.8660254037844387076, 1.000000000000000000, 0.8660254037844387076, 1.000000000000000000, 0.8660254037844387076, 1.000000000000000000, 0.8660254037844387076, 1.000000000000000000, 0.8660254037844387076, 1.000000000000000000, 0.8660254037844387076, 1.000000000000000000, 0.8660254037844387076, 1.000000000000000000, 0.8660254037844387076, 1.000000000000000000, 0.8660254037844387076, 1.000000000000000000, 0.8660254037844387076, 1.000000000000000000, 0.8660254037844387076, 1.000000000000000000, 0.8660254037844387076, 1.000000000000000000, 0.8660254037844387076, 1.000000000000000000, 0.8660254037844387076, 1.000000000000000000, 0.9423656443099350799, 0.9343185842660441942),
 ( 1.000000000000000000, 0.8660254037844387076, 1.000000000000000000, 0.8660254037844387076, 1.000000000000000000, 0.8660254037844387076, 1.000000000000000000, 0.8660254037844387076, 1.000000000000000000, 0.8660254037844387076, 1.000000000000000000, 0.8660254037844387076, 1.000000000000000000, 0.8660254037844387076, 1.000000000000000000, 0.8660254037844387076, 1.000000000000000000, 0.8660254037844387076, 1.000000000000000000, 0.8660254037844387076, 1.000000000000000000, 0.8660254037844387076, 1.000000000000000000, 0.8660254037844387076, 1.000000000000000000, 0.8660254037844387076, 1.000000000000000000, 0.8660254037844387076, 1.000000000000000000, 0.8660254037844387076, 1.000000000000000000, 0.8660254037844387076, 1.000000000000000000, 0.8660254037844387076, 1.000000000000000000, 0.8660254037844387076, 1.000000000000000000, 0.8660254037844387076, 1.000000000000000000, 0.8660254037844387076, 1.000000000000000000, 0.8660254037844387076, 1.000000000000000000, 0.8660254037844387076, 1.000000000000000000, 0.8660254037844387076, 1.000000000000000000, 0.8660254037844387076, 1.000000000000000000, 0.8660254037844387076, 1.000000000000000000, 0.8660254037844387076, 1.000000000000000000, 0.8660254037844387076, 1.000000000000000000, 0.8660254037844387076, 1.000000000000000000, 0.8660254037844387076, 1.000000000000000000, 0.8660254037844387076, 1.000000000000000000, 0.8660254037844387076, 1.000000000000000000, 0.8660254037844387076, 1.000000000000000000, 0.8660254037844387076, 1.000000000000000000, 0.8660254037844387076, 1.000000000000000000, 0.8660254037844387076, 1.000000000000000000, 0.8660254037844387076, 1.000000000000000000, 0.8660254037844387076, 1.000000000000000000, 0.8660254037844387076, 1.000000000000000000, 0.8660254037844387076, 1.000000000000000000, 0.8660254037844387076, 1.000000000000000000, 0.8660254037844387076, 1.000000000000000000, 0.8660254037844387076, 1.000000000000000000, 0.8660254037844387076, 1.000000000000000000, 0.8660254037844387076, 1.000000000000000000, 0.8660254037844387076, 1.000000000000000000, 0.9423656443099350799, 0.9343185842660441942) ) ) 
 REPRESENTATION_ITEM ( '' )  SURFACE ( )  );
#499 = VERTEX_POINT ( 'NONE', #244 ) ;
#500 = AXIS2_PLACEMENT_3D ( 'NONE', #2432, #1753, #596 ) ;
#501 = CARTESIAN_POINT ( 'NONE',  ( 3.499999999999998668, 1.608799489782657632, 1.402322972692529035 ) ) ;
#502 = CARTESIAN_POINT ( 'NONE',  ( -1.637770029408634143, 1.148325759951041025, -1.404945228567470394 ) ) ;
#503 = CARTESIAN_POINT ( 'NONE',  ( 0.8922005383792491751, 1.545336663013166190, -0.6083333333333339477 ) ) ;
#504 = CARTESIAN_POINT ( 'NONE',  ( 2.309401076758502480, 1.414100318299875804E-16, -1.687500000000000888 ) ) ;
#505 = CARTESIAN_POINT ( 'NONE',  ( 1.026715097971877100, -1.457559037210641950, -1.308850492327455983 ) ) ;
#506 = VECTOR ( 'NONE', #1391, 1000.000000000000000 ) ;
#507 = ORIENTED_EDGE ( 'NONE', *, *, #616, .T. ) ;
#508 = CARTESIAN_POINT ( 'NONE',  ( -3.492160694368837248, 1.971480592702065771, -1.305420199740348508 ) ) ;
#509 = CARTESIAN_POINT ( 'NONE',  ( -0.1714827584334324972, 1.992699318116553986, -0.1035073369985046315 ) ) ;
#510 = DIRECTION ( 'NONE',  ( 0.000000000000000000, 0.000000000000000000, -1.000000000000000000 ) ) ;
#511 = EDGE_CURVE ( 'NONE', #2004, #1534, #2080, .T. ) ;
#512 = CARTESIAN_POINT ( 'NONE',  ( 0.07253745826912642858, -3.998867380492508783, 1.311603594999099398 ) ) ;
#513 = CARTESIAN_POINT ( 'NONE',  ( -3.412500000000273204, -2.071244090717624164, -1.316005544564122776 ) ) ;
#514 = FACE_OUTER_BOUND ( 'NONE', #2879, .T. ) ;
#515 = ADVANCED_FACE ( 'NONE', ( #2692 ), #1151, .T. ) ;
#516 = ORIENTED_EDGE ( 'NONE', *, *, #919, .F. ) ;
#517 = DIRECTION ( 'NONE',  ( 0.000000000000000000, 0.000000000000000000, 1.000000000000000000 ) ) ;
#518 = CARTESIAN_POINT ( 'NONE',  ( -0.1466349998778039287, 1.994922188535636964, -1.504750019412296025 ) ) ;
#519 = CARTESIAN_POINT ( 'NONE',  ( -1.098167229083236718, 1.671737985177161878, 1.352574198161364372 ) ) ;
#520 = CARTESIAN_POINT ( 'NONE',  ( 2.309401076758502480, 1.414100318299875804E-16, -2.387500000000000622 ) ) ;
#521 = CARTESIAN_POINT ( 'NONE',  ( 2.449293598294706414E-16, -2.000000000000000000, 0.8499999999999998668 ) ) ;
#522 =( BOUNDED_CURVE ( )  B_SPLINE_CURVE ( 2, ( #2731, #1502, #2007, #799, #548, #767, #65, #330, #1018 ),
 .UNSPECIFIED., .F., .T. ) 
 B_SPLINE_CURVE_WITH_KNOTS ( ( 3, 2, 2, 2, 3 ),
 ( 0.1562500000000000000, 0.1666666666666666574, 0.1875000000000000000, 0.2083333333333333426, 0.2187500000000000000 ),
 .UNSPECIFIED. ) 
 CURVE ( )  GEOMETRIC_REPRESENTATION_ITEM ( )  RATIONAL_B_SPLINE_CURVE ( ( 0.9330127018922194093, 0.9330127018922194093, 1.000000000000000000, 0.8660254037844387076, 1.000000000000000000, 0.8660254037844387076, 1.000000000000000000, 0.9330127018922194093, 0.9330127018922194093 ) ) 
 REPRESENTATION_ITEM ( '' )  );
#523 = PERSON_AND_ORGANIZATION ( #1999, #1610 ) ;
#524 = CARTESIAN_POINT ( 'NONE',  ( -1.696839182832736936, -1.058709523867993996, -0.5756760199992777549 ) ) ;
#525 = CARTESIAN_POINT ( 'NONE',  ( 1.639708963198275526, 1.145864590668849603, -0.2202458391171579766 ) ) ;
#526 = APPROVAL ( #1241, 'UNSPECIFIED' ) ;
#527 = FACE_OUTER_BOUND ( 'NONE', #1868, .T. ) ;
#528 = CYLINDRICAL_SURFACE ( 'NONE', #2993, 0.1750000000000000167 ) ;
#529 = CARTESIAN_POINT ( 'NONE',  ( -3.495699004035642155, 1.961785612706504978, 1.306403518167335021 ) ) ;
#530 = CARTESIAN_POINT ( 'NONE',  ( 1.732050807568877193, 1.000000000000000222, -1.016666666666666829 ) ) ;
#531 = ORIENTED_EDGE ( 'NONE', *, *, #841, .T. ) ;
#532 = CARTESIAN_POINT ( 'NONE',  ( -0.08749999999998860079, 3.990933735773295243, 1.316005544564206708 ) ) ;
#533 = CARTESIAN_POINT ( 'NONE',  ( 2.867328807447244721, -2.385998825492545716, 1.474438468866253515 ) ) ;
#534 = CARTESIAN_POINT ( 'NONE',  ( -0.4063593026136309572, 1.958299111870071441, 1.309244741267220791 ) ) ;
#535 = CARTESIAN_POINT ( 'NONE',  ( -1.338300807568874706, 0.7726683315065820956, 1.666666666666665853 ) ) ;
#536 = CARTESIAN_POINT ( 'NONE',  ( -0.8450801664864686646, 1.321298745471530145, -1.090274727541019173 ) ) ;
#537 = CARTESIAN_POINT ( 'NONE',  ( 1.338300807568874262, -0.7726683315065827617, -0.6958333333333340809 ) ) ;
#538 = CARTESIAN_POINT ( 'NONE',  ( 1.732965956895978765, 0.2416271256653907407, 1.275568143648697195 ) ) ;
#539 = CARTESIAN_POINT ( 'NONE',  ( 0.000000000000000000, 0.000000000000000000, -1.600000000000000089 ) ) ;
#540 = CARTESIAN_POINT ( 'NONE',  ( -1.693466345954555363, 1.064416201356191083, 0.0003295733776932880462 ) ) ;
#541 = CARTESIAN_POINT ( 'NONE',  ( 0.000000000000000000, 0.000000000000000000, 7.256854249492381115 ) ) ;
#542 = CARTESIAN_POINT ( 'NONE',  ( -1.545336663013166412, 8.767624893865711433E-14, 1.075336663013167993 ) ) ;
#543 = B_SPLINE_CURVE_WITH_KNOTS ( 'NONE', 3,
 ( #2957, #587, #2737, #1542, #1472, #2489 ),
 .UNSPECIFIED., .F., .F.,
 ( 4, 2, 4 ),
 ( 0.002044882221487528007, 0.003011415531607510541, 0.003977948841727492642 ),
 .UNSPECIFIED. ) ;
#544 = CARTESIAN_POINT ( 'NONE',  ( -1.545336663013166412, 8.767624893865711433E-14, 1.075336663013167993 ) ) ;
#545 = CARTESIAN_POINT ( 'NONE',  ( -2.313580208072264721, 2.705705728405070953, -1.573078370213663257 ) ) ;
#546 = VERTEX_POINT ( 'NONE', #634 ) ;
#547 = CARTESIAN_POINT ( 'NONE',  ( 1.732050807568877415, -0.9999999999999995559, -1.133333333333333304 ) ) ;
#548 = CARTESIAN_POINT ( 'NONE',  ( 2.449293598294706414E-16, -2.000000000000000000, -1.250000000000000000 ) ) ;
#549 = CARTESIAN_POINT ( 'NONE',  ( 1.908054387527263751, 0.6152970452085698705, 1.148319174207243609 ) ) ;
#550 = CARTESIAN_POINT ( 'NONE',  ( -1.732050807568876527, -1.000000000000000666, 1.520833333333332371 ) ) ;
#551 = CARTESIAN_POINT ( 'NONE',  ( -1.545330228862154875, 0.004459351691380402868, -1.075336663013167771 ) ) ;
#552 = EDGE_LOOP ( 'NONE', ( #1985, #531, #2864, #41, #2079, #911 ) ) ;
#553 = EDGE_CURVE ( 'NONE', #2518, #983, #912, .T. ) ;
#554 = DATE_TIME_ROLE ( 'creation_date' ) ;
#555 = CARTESIAN_POINT ( 'NONE',  ( 1.338300807568874262, -0.7726683315065827617, -2.095833333333334103 ) ) ;
#556 = CARTESIAN_POINT ( 'NONE',  ( 1.979156926582496201, -0.2880990974712206443, 0.3956962019395809937 ) ) ;
#557 = CARTESIAN_POINT ( 'NONE',  ( -0.5638256725349960474, -1.919556648984576341, -0.4932096410844553636 ) ) ;
#558 = APPROVAL_PERSON_ORGANIZATION ( #1255, #203, #1040 ) ;
#559 = CARTESIAN_POINT ( 'NONE',  ( 0.000000000000000000, 0.000000000000000000, 1.600000000000000089 ) ) ;
#560 = CARTESIAN_POINT ( 'NONE',  ( -0.6317359770505821537, 3.676718947920456948, -1.490486543124884600 ) ) ;
#561 = CARTESIAN_POINT ( 'NONE',  ( -1.545336663013157086, 0.1659560403727214639, 1.075336663013167993 ) ) ;
#562 = CARTESIAN_POINT ( 'NONE',  ( -1.444092289185655797, -0.5622174212222950107, 1.075336663013168215 ) ) ;
#563 = CARTESIAN_POINT ( 'NONE',  ( 0.6326711925460093422, 3.676179001002420677, -1.474438468864774254 ) ) ;
#564 = ORIENTED_EDGE ( 'NONE', *, *, #974, .F. ) ;
#565 = CARTESIAN_POINT ( 'NONE',  ( -1.154700538379250574, -2.000000000000000444, -0.6083333333333332815 ) ) ;
#566 = CARTESIAN_POINT ( 'NONE',  ( -0.8922005383792488420, -1.545336663013166412, -0.2583333333333339144 ) ) ;
#567 = CARTESIAN_POINT ( 'NONE',  ( -0.5239407732905906334, 1.930550113724158745, 1.316091683742023122 ) ) ;
#568 = CARTESIAN_POINT ( 'NONE',  ( -1.154700538379250352, -2.000000000000000000, 0.8791666666666657637 ) ) ;
#569 = CARTESIAN_POINT ( 'NONE',  ( -1.999999999999971800, 3.351543441997347780E-07, -1.337500019550671215 ) ) ;
#570 = ORIENTED_EDGE ( 'NONE', *, *, #901, .T. ) ;
#571 = APPLICATION_PROTOCOL_DEFINITION ( 'international standard', 'config_control_design', 1994, #437 ) ;
#572 = CARTESIAN_POINT ( 'NONE',  ( -1.154700538379250574, -2.000000000000000444, 2.891666666666666607 ) ) ;
#573 = CARTESIAN_POINT ( 'NONE',  ( 1.135785419019251785, 1.398505216367152748, 1.327591804500714234 ) ) ;
#574 = CARTESIAN_POINT ( 'NONE',  ( 1.085267595883445235, -1.679969796171199903, -0.3983401969842615409 ) ) ;
#575 = CARTESIAN_POINT ( 'NONE',  ( -1.931386245106464727, 0.5756037072006531252, 0.02932964465617653865 ) ) ;
#576 = CARTESIAN_POINT ( 'NONE',  ( 1.910686342778527225, 0.5911577276298896066, 0.4469727454231721686 ) ) ;
#577 = CARTESIAN_POINT ( 'NONE',  ( -1.633266062414831410, -8.405793323113235528E-12, 1.163266062414832547 ) ) ;
#578 = PLANE ( 'NONE',  #2949 ) ;
#579 = ORIENTED_EDGE ( 'NONE', *, *, #2270, .F. ) ;
#580 = CARTESIAN_POINT ( 'NONE',  ( -4.898587196589412829E-16, 2.000000000000000000, -0.2000000000000000944 ) ) ;
#581 = CARTESIAN_POINT ( 'NONE',  ( 1.995985900122028589, 0.1270617660983688335, 1.119911857384991549 ) ) ;
#582 = CARTESIAN_POINT ( 'NONE',  ( -2.309401076758502480, -4.242300954899626673E-16, 1.462499999999998801 ) ) ;
#583 = CARTESIAN_POINT ( 'NONE',  ( -3.490677620286815053, -1.978616971229227195, -1.304158023556797552 ) ) ;
#584 = ORIENTED_EDGE ( 'NONE', *, *, #841, .F. ) ;
#585 = COORDINATED_UNIVERSAL_TIME_OFFSET ( 6, 0, .BEHIND. ) ;
#586 = CARTESIAN_POINT ( 'NONE',  ( 1.732050807568877193, 1.000000000000000222, 2.483333333333332948 ) ) ;
#587 = CARTESIAN_POINT ( 'NONE',  ( 2.031878892049594043, -2.868346059041828600, -1.600000000000002087 ) ) ;
#588 = CARTESIAN_POINT ( 'NONE',  ( 1.985380915409311386, -0.2419194155571438021, -0.3016116697487271070 ) ) ;
#589 = B_SPLINE_CURVE_WITH_KNOTS ( 'NONE', 3,
 ( #1481, #2431, #294, #2378, #1250, #2390, #1193, #2204, #64, #2840, #707, #4, #959, #1912, #2855, #1785, #2220, #1970, #376, #829, #1501, #2682 ),
 .UNSPECIFIED., .F., .F.,
 ( 4, 2, 2, 2, 1, 2, 2, 2, 1, 1, 1, 2, 4 ),
 ( 0.9573813707430529618, 0.9600754186232541842, 0.9627694665034554067, 0.9654635143836565181, 0.9668105383237571848, 0.9674840502938074627, 0.9681575622638577405, 0.9735456580242601854, 0.9762397059044612968, 0.9775867298445619635, 0.9782602418146122414, 0.9785969977996373803, 0.9789337537846625192 ),
 .UNSPECIFIED. ) ;
#590 = CARTESIAN_POINT ( 'NONE',  ( -0.08749999999998860079, 3.990933735773295243, 1.316005544564206708 ) ) ;
#591 = EDGE_CURVE ( 'NONE', #2250, #2735, #28, .T. ) ;
#592 = CARTESIAN_POINT ( 'NONE',  ( 0.03872807083641947173, -4.010040171771950490, -1.305420199740348952 ) ) ;
#593 = CARTESIAN_POINT ( 'NONE',  ( 1.184055183478292195, -3.357837305410815709, -1.600000000000002309 ) ) ;
#594 = ORIENTED_EDGE ( 'NONE', *, *, #780, .F. ) ;
#595 = CARTESIAN_POINT ( 'NONE',  ( -1.154700538379250574, -2.000000000000000444, -1.308333333333333570 ) ) ;
#596 = DIRECTION ( 'NONE',  ( -1.000000000000000000, 0.000000000000000000, 0.000000000000000000 ) ) ;
#597 = LINE ( 'NONE', #1068, #2650 ) ;
#598 = CARTESIAN_POINT ( 'NONE',  ( -1.154700538379250352, -2.000000000000000000, 2.279166666666665453 ) ) ;
#599 = CARTESIAN_POINT ( 'NONE',  ( -1.999912832309787003, -0.02148723109879751084, 0.06375300971600732225 ) ) ;
#600 = ORIENTED_EDGE ( 'NONE', *, *, #281, .F. ) ;
#601 = CARTESIAN_POINT ( 'NONE',  ( 1.732050807568877193, 1.000000000000000222, 1.783333333333333215 ) ) ;
#602 = CARTESIAN_POINT ( 'NONE',  ( 0.8922005383792491751, 1.545336663013166190, 1.579166666666665941 ) ) ;
#603 = CARTESIAN_POINT ( 'NONE',  ( -0.7567792432614809384, -1.851585795311469829, -0.5052470266318891401 ) ) ;
#604 = AXIS2_PLACEMENT_3D ( 'NONE', #2181, #2845, #2396 ) ;
#605 = CARTESIAN_POINT ( 'NONE',  ( -0.8703868082659340644, 1.800703307507550477, 0.6372832415393888672 ) ) ;
#606 = CARTESIAN_POINT ( 'NONE',  ( -0.8922005383792490640, -1.545336663013166634, -0.1708333333333316995 ) ) ;
#607 = CARTESIAN_POINT ( 'NONE',  ( -1.664079827663801803, -1.109543535260113956, -1.272389359091273819 ) ) ;
#608 = EDGE_CURVE ( 'NONE', #2687, #237, #900, .T. ) ;
#609 = ORIENTED_EDGE ( 'NONE', *, *, #974, .T. ) ;
#610 = CARTESIAN_POINT ( 'NONE',  ( -1.732050807568878081, 0.9999999999999986677, -2.183333333333333126 ) ) ;
#611 = CARTESIAN_POINT ( 'NONE',  ( 0.000000000000000000, 0.000000000000000000, 7.256854249492381115 ) ) ;
#612 = CARTESIAN_POINT ( 'NONE',  ( -1.735900428745323909, 0.9934172415233667452, 1.404537595250983983 ) ) ;
#613 = AXIS2_PLACEMENT_3D ( 'NONE', #2254, #2192, #2951 ) ;
#614 = CARTESIAN_POINT ( 'NONE',  ( 1.338300807568874262, -0.7726683315065827617, -1.395833333333333925 ) ) ;
#615 = CARTESIAN_POINT ( 'NONE',  ( -0.1070363819077706363, -1.997507461132002282, 0.2320165482198538187 ) ) ;
#616 = EDGE_CURVE ( 'NONE', #2546, #1161, #3043, .T. ) ;
#617 = VERTEX_POINT ( 'NONE', #1368 ) ;
#618 = CARTESIAN_POINT ( 'NONE',  ( -1.338300807568874706, 0.7726683315065820956, 0.3541666666666660190 ) ) ;
#619 = CARTESIAN_POINT ( 'NONE',  ( 0.3527281774877776832, -1.545336663013166190, 2.710561867224190014 ) ) ;
#620 = CARTESIAN_POINT ( 'NONE',  ( 1.661168776635841837, -1.114088357682281094, -0.3527502675229376994 ) ) ;
#621 = CARTESIAN_POINT ( 'NONE',  ( 0.5777284228012666834, 1.915486374443967188, -0.8440364405718555618 ) ) ;
#622 = ADVANCED_FACE ( 'NONE', ( #663 ), #1447, .T. ) ;
#623 =( BOUNDED_CURVE ( )  B_SPLINE_CURVE ( 2, ( #198, #1092, #858, #1401, #950, #449, #2817, #1639, #373, #933, #2136, #1150, #3077, #2048, #465, #2353, #2740, #606, #1330, #625, #1653, #215, #138, #1185, #1545, #390, #2105, #2727, #2492, #2510, #1417, #1563, #1578, #1169, #2989, #1815, #1875, #2598, #358, #2122, #3064 ),
 .UNSPECIFIED., .F., .T. ) 
 B_SPLINE_CURVE_WITH_KNOTS ( ( 3, 2, 2, 2, 2, 2, 2, 2, 2, 2, 2, 2, 2, 2, 2, 2, 2, 2, 2, 2, 3 ),
 ( 0.2803024320768404687, 0.2861533349432764384, 0.3081651299389130960, 0.3301769249345497537, 0.3521887199301863558, 0.3742005149258230690, 0.3962123099214597266, 0.4182241049170963287, 0.4402358999127330419, 0.4622476949083696995, 0.4842594899040062462, 0.5062712848996429038, 0.5282830798952795615, 0.5502948748909163301, 0.5723066698865528767, 0.5943184648821895344, 0.6163302598778261920, 0.6383420548734628497, 0.6603538498690995073, 0.6823656448647361650, 0.6866545882145540514 ),
 .UNSPECIFIED. ) 
 CURVE ( )  GEOMETRIC_REPRESENTATION_ITEM ( )  RATIONAL_B_SPLINE_CURVE ( ( 0.9477086621321785254, 0.9643885312768625262, 1.000000000000000000, 0.8660254037844385966, 1.000000000000000000, 0.8660254037844385966, 1.000000000000000000, 0.8660254037844385966, 1.000000000000000000, 0.8660254037844385966, 1.000000000000000000, 0.8660254037844385966, 1.000000000000000000, 0.8660254037844385966, 1.000000000000000000, 0.8660254037844385966, 1.000000000000000000, 0.8660254037844385966, 1.000000000000000000, 0.8660254037844385966, 1.000000000000000000, 0.8660254037844385966, 1.000000000000000000, 0.8660254037844385966, 1.000000000000000000, 0.8660254037844385966, 1.000000000000000000, 0.8660254037844385966, 1.000000000000000000, 0.8660254037844385966, 1.000000000000000000, 0.8660254037844385966, 1.000000000000000000, 0.8660254037844385966, 1.000000000000000000, 0.8660254037844385966, 1.000000000000000000, 0.8660254037844385966, 1.000000000000000000, 0.9738953841066951833, 0.9579636067990062731 ) ) 
 REPRESENTATION_ITEM ( '' )  );
#624 = CARTESIAN_POINT ( 'NONE',  ( 1.903009179652445315, 0.6152847578443445542, 0.4483916124697535088 ) ) ;
#625 = CARTESIAN_POINT ( 'NONE',  ( 0.8922005383792500632, -1.545336663013166190, -0.05416666666666505869 ) ) ;
#626 = CARTESIAN_POINT ( 'NONE',  ( -1.211320235618430718, -1.591458242456170291, -1.235609582726293620 ) ) ;
#627 = VERTEX_POINT ( 'NONE', #2116 ) ;
#628 = CARTESIAN_POINT ( 'NONE',  ( -1.732050807568876971, -1.000000000000000888, 1.433333333333333126 ) ) ;
#629 = DIRECTION ( 'NONE',  ( 0.000000000000000000, 0.000000000000000000, -1.000000000000000000 ) ) ;
#630 = CARTESIAN_POINT ( 'NONE',  ( -0.9816936699795288934, -1.742626581571381950, 0.8803992863451555184 ) ) ;
#631 = CARTESIAN_POINT ( 'NONE',  ( 3.468698954227367182, 2.019567623378861754, 1.303362079174960053 ) ) ;
#632 = CARTESIAN_POINT ( 'NONE',  ( -1.592093281938033345, -1.210502085443028175, 0.1340091406438148336 ) ) ;
#633 = EDGE_LOOP ( 'NONE', ( #732, #781, #2918, #866 ) ) ;
#634 = CARTESIAN_POINT ( 'NONE',  ( 1.750000000000001332, 3.031088913245534755, 1.600000000000000089 ) ) ;
#635 = CARTESIAN_POINT ( 'NONE',  ( 1.892491597964125742E-16, -1.545336663013166190, -0.1125000000000006273 ) ) ;
#636 = CARTESIAN_POINT ( 'NONE',  ( -1.338300807568873818, -0.7726683315065836499, 2.570833333333332860 ) ) ;
#637 = CARTESIAN_POINT ( 'NONE',  ( -1.338300807568874706, 0.7726683315065820956, 0.2666666666666661634 ) ) ;
#638 = CARTESIAN_POINT ( 'NONE',  ( -0.2339086341082212139, 1.986278626045848039, -0.8002904960624906971 ) ) ;
#639 = CARTESIAN_POINT ( 'NONE',  ( 1.484289647105023979, 1.340479633445729402, 0.4932811985058620508 ) ) ;
#640 = CARTESIAN_POINT ( 'NONE',  ( 1.749999999999998446, -3.031088913245536087, -1.600000000000000089 ) ) ;
#641 = EDGE_LOOP ( 'NONE', ( #1884, #2479, #803, #1332 ) ) ;
#642 = DIRECTION ( 'NONE',  ( 1.000000000000000000, 0.000000000000000000, 0.000000000000000000 ) ) ;
#643 = CARTESIAN_POINT ( 'NONE',  ( -1.337506259950402621, 1.488510670658647728, 1.369951860171313873 ) ) ;
#644 = CARTESIAN_POINT ( 'NONE',  ( -0.8922005383792501743, 1.545336663013165523, -1.104166666666667407 ) ) ;
#645 = CARTESIAN_POINT ( 'NONE',  ( -0.2208874229083108709, -1.988077985352380450, 0.2260163481826620580 ) ) ;
#646 = EDGE_LOOP ( 'NONE', ( #2323, #2560, #579, #1338 ) ) ;
#647 = CARTESIAN_POINT ( 'NONE',  ( -1.748165624197405066, -0.9788168766017880662, 1.523174379089738073 ) ) ;
#648 = CARTESIAN_POINT ( 'NONE',  ( 0.6705119947326866336, -1.392292737527658586, 2.737116121373124322 ) ) ;
#649 = CARTESIAN_POINT ( 'NONE',  ( 0.8922005383792498412, -1.545336663013165523, -1.541666666666667407 ) ) ;
#650 = CARTESIAN_POINT ( 'NONE',  ( 1.784401076758498794, 1.092630533523692910E-16, -0.7250000000000006439 ) ) ;
#651 = CARTESIAN_POINT ( 'NONE',  ( 0.6523861242055799536, 1.890625129700464591, -0.8486766347122625120 ) ) ;
#652 = EDGE_CURVE ( 'NONE', #316, #2299, #3014, .T. ) ;
#653 = VECTOR ( 'NONE', #2157, 1000.000000000000000 ) ;
#654 = CARTESIAN_POINT ( 'NONE',  ( 1.494464126499573720, 1.329153973347709572, 0.4924361138130952109 ) ) ;
#655 = CARTESIAN_POINT ( 'NONE',  ( 1.999999999999999556, 2.905110965495596845E-16, -0.3750000000000000555 ) ) ;
#656 = B_SPLINE_CURVE_WITH_KNOTS ( 'NONE', 3,
 ( #37, #992, #306, #1046, #2677, #2905 ),
 .UNSPECIFIED., .F., .F.,
 ( 4, 2, 4 ),
 ( 0.002044882221487525405, 0.003011415531601587328, 0.003977948841715649685 ),
 .UNSPECIFIED. ) ;
#657 = VERTEX_POINT ( 'NONE', #2828 ) ;
#658 = CARTESIAN_POINT ( 'NONE',  ( 0.08750000000080752904, 3.990933735772823177, 1.316005544564468943 ) ) ;
#659 = CARTESIAN_POINT ( 'NONE',  ( -1.652663616852191764, -1.126481528581368963, 0.8285876452086281541 ) ) ;
#660 = CARTESIAN_POINT ( 'NONE',  ( 1.999999999998178568, -1.916206122652517276E-06, -0.2875328065928313137 ) ) ;
#661 = CARTESIAN_POINT ( 'NONE',  ( -1.326116718858321386, -1.497181894112387557, 0.1558410438715516488 ) ) ;
#662 = ORIENTED_EDGE ( 'NONE', *, *, #2123, .F. ) ;
#663 = FACE_OUTER_BOUND ( 'NONE', #2415, .T. ) ;
#664 = AXIS2_PLACEMENT_3D ( 'NONE', #470, #1422, #2376 ) ;
#665 = CARTESIAN_POINT ( 'NONE',  ( -1.338300807568873818, -0.7726683315065836499, 2.570833333333332860 ) ) ;
#666 = CARTESIAN_POINT ( 'NONE',  ( -1.338300807568874706, 0.7726683315065820956, -1.833333333333333925 ) ) ;
#667 = CARTESIAN_POINT ( 'NONE',  ( 1.784401076758498794, 1.092630533523692910E-16, -2.125000000000000444 ) ) ;
#668 = CARTESIAN_POINT ( 'NONE',  ( 0.7237758443151380838, 1.864976697795162064, -0.8531581527311531410 ) ) ;
#669 = CARTESIAN_POINT ( 'NONE',  ( 0.7785471977633604546, 1.842259274891112186, 0.5435683664369730383 ) ) ;
#670 = CARTESIAN_POINT ( 'NONE',  ( -0.2944494127262908822, -1.979461136809183008, -1.177965863224231136 ) ) ;
#671 = ORIENTED_EDGE ( 'NONE', *, *, #511, .T. ) ;
#672 = CARTESIAN_POINT ( 'NONE',  ( -1.999999999999999556, -0.5358983848622460577, 0.006260739116964292826 ) ) ;
#673 = CARTESIAN_POINT ( 'NONE',  ( 1.907260079046192658, -0.6151085743117725713, 1.076605580999614231 ) ) ;
#674 = EDGE_CURVE ( 'NONE', #2810, #2184, #1344, .T. ) ;
#675 = CARTESIAN_POINT ( 'NONE',  ( -1.338300807568873818, -0.7726683315065836499, -0.2291666666666672403 ) ) ;
#676 = CARTESIAN_POINT ( 'NONE',  ( -1.518870662550869222, -1.303042081365495486, 0.1403619224408802491 ) ) ;
#677 = ORIENTED_EDGE ( 'NONE', *, *, #348, .T. ) ;
#678 = CARTESIAN_POINT ( 'NONE',  ( 1.735315606080002793, 3.982907133694463355E-14, 1.265315606080003930 ) ) ;
#679 = CARTESIAN_POINT ( 'NONE',  ( -0.8922005383792501743, 1.545336663013165523, 1.695833333333332860 ) ) ;
#680 = CARTESIAN_POINT ( 'NONE',  ( 0.8922005383792491751, 1.545336663013166190, 1.491666666666666030 ) ) ;
#681 = CARTESIAN_POINT ( 'NONE',  ( -3.784983195928251484E-16, 1.545336663013166190, -0.5500000000000005995 ) ) ;
#682 = CARTESIAN_POINT ( 'NONE',  ( 0.6762530549198952912, 1.882276799558187275, -0.8501717815034496306 ) ) ;
#683 = CARTESIAN_POINT ( 'NONE',  ( 3.499999999999998668, -2.020725942163691613, 1.600000000000000089 ) ) ;
#684 = CARTESIAN_POINT ( 'NONE',  ( -1.862392359962541155, 0.7317903632675122338, 0.7198153632110763089 ) ) ;
#685 = CARTESIAN_POINT ( 'NONE',  ( 0.2677951186770706760, -1.982063030684027005, -1.148506194158392058 ) ) ;
#686 = EDGE_CURVE ( 'NONE', #627, #310, #73, .T. ) ;
#687 = CARTESIAN_POINT ( 'NONE',  ( 3.465466490995921411, -2.025557627126489013, 1.303253042212782153 ) ) ;
#688 = DIRECTION ( 'NONE',  ( 1.000000000000000000, 0.000000000000000000, 0.000000000000000000 ) ) ;
#689 = FACE_OUTER_BOUND ( 'NONE', #63, .T. ) ;
#690 = CARTESIAN_POINT ( 'NONE',  ( -0.8922005383792501743, 1.545336663013165523, 0.2958333333333326154 ) ) ;
#691 = EDGE_LOOP ( 'NONE', ( #1125, #1628, #126 ) ) ;
#692 = DIRECTION ( 'NONE',  ( 0.000000000000000000, 0.000000000000000000, -1.000000000000000000 ) ) ;
#693 = CARTESIAN_POINT ( 'NONE',  ( -3.500000000000000444, -1.936853612170583494, 1.311240036642100648 ) ) ;
#694 = CARTESIAN_POINT ( 'NONE',  ( -1.338300807568874706, 0.7726683315065820956, 0.2666666666666661634 ) ) ;
#695 = CARTESIAN_POINT ( 'NONE',  ( -0.8922005383792489530, -1.545336663013166412, -0.2583333333333339144 ) ) ;
#696 = CARTESIAN_POINT ( 'NONE',  ( 1.506176259761255354, -0.9234727679404969303, -1.280607545289136784 ) ) ;
#697 = B_SPLINE_CURVE_WITH_KNOTS ( 'NONE', 3,
 ( #577, #1280, #2232, #2477 ),
 .UNSPECIFIED., .F., .F.,
 ( 4, 4 ),
 ( 0.002554994091821738249, 0.003083075592897201612 ),
 .UNSPECIFIED. ) ;
#698 = CARTESIAN_POINT ( 'NONE',  ( 0.08749999999972470077, -3.990933735773445790, -1.316005544564122998 ) ) ;
#699 = CARTESIAN_POINT ( 'NONE',  ( -1.976621344976608574, 0.3237247920267045664, 0.7436344779513611725 ) ) ;
#700 = CARTESIAN_POINT ( 'NONE',  ( 1.732050807568877193, 1.000000000000000222, -0.3166666666666667074 ) ) ;
#701 = B_SPLINE_CURVE_WITH_KNOTS ( 'NONE', 3,
 ( #324, #2959, #2231, #825, #2661, #761 ),
 .UNSPECIFIED., .F., .F.,
 ( 4, 2, 4 ),
 ( 0.01104054122425449092, 0.01201111410053841422, 0.01298168697682233926 ),
 .UNSPECIFIED. ) ;
#702 = VERTEX_POINT ( 'NONE', #399 ) ;
#703 = CIRCLE ( 'NONE', #999, 2.070000000000000284 ) ;
#704 = CARTESIAN_POINT ( 'NONE',  ( 3.478874664232927572, -2.004927370233308803, -1.302537939658001687 ) ) ;
#705 = CARTESIAN_POINT ( 'NONE',  ( -0.2151467917957805842, -1.988451216200842753, 0.9262927473966227065 ) ) ;
#706 = ORIENTED_EDGE ( 'NONE', *, *, #2538, .T. ) ;
#707 = CARTESIAN_POINT ( 'NONE',  ( -1.908311019435011913, -0.5986932317087581001, 1.497423555932474892 ) ) ;
#708 = CARTESIAN_POINT ( 'NONE',  ( -1.547716540152872078, 1.272657469422906473, -1.413163715120207886 ) ) ;
#709 = CARTESIAN_POINT ( 'NONE',  ( -0.8922005383792501743, 1.545336663013165523, 2.308333333333333126 ) ) ;
#710 = CARTESIAN_POINT ( 'NONE',  ( 1.784401076758498794, 1.092630533523692910E-16, 2.074999999999999734 ) ) ;
#711 = CARTESIAN_POINT ( 'NONE',  ( -1.924354972915478967, -0.2372935692740290869, -1.454354972915484767 ) ) ;
#712 = EDGE_CURVE ( 'NONE', #2173, #617, #997, .T. ) ;
#713 = CARTESIAN_POINT ( 'NONE',  ( -1.999564150396627493, -0.04310215186641774138, -0.6349872297559890910 ) ) ;
#714 = EDGE_CURVE ( 'NONE', #1249, #1307, #2767, .T. ) ;
#715 = CARTESIAN_POINT ( 'NONE',  ( -1.934348247063308657, 0.5082609108836475542, 0.7328514241804854334 ) ) ;
#716 = CARTESIAN_POINT ( 'NONE',  ( 1.985957306136331590, -0.2371863857178607704, -1.001335153084137897 ) ) ;
#717 = ORIENTED_EDGE ( 'NONE', *, *, #2765, .T. ) ;
#718 = CARTESIAN_POINT ( 'NONE',  ( 1.750000000000001332, 3.031088913245534755, 1.600000000000000089 ) ) ;
#719 = CARTESIAN_POINT ( 'NONE',  ( 0.2653457117372809981, -1.982353051112853537, 0.9513553372651977202 ) ) ;
#720 = ORIENTED_EDGE ( 'NONE', *, *, #935, .F. ) ;
#721 = CARTESIAN_POINT ( 'NONE',  ( 3.412500000000009415, 2.071244090717776487, 1.316005544564207819 ) ) ;
#722 = CARTESIAN_POINT ( 'NONE',  ( -1.911554255658669321, 0.6408179266805055230, -1.374513627640423064 ) ) ;
#723 = CARTESIAN_POINT ( 'NONE',  ( 1.338300807568874040, 0.7726683315065832058, 0.7333333333333326154 ) ) ;
#724 = CARTESIAN_POINT ( 'NONE',  ( 1.338300807568874040, 0.7726683315065832058, 1.433333333333332682 ) ) ;
#725 = CARTESIAN_POINT ( 'NONE',  ( 3.499999999999999112, -0.6466934978837348691, 1.573526477393122791 ) ) ;
#726 = CARTESIAN_POINT ( 'NONE',  ( -3.478874664232928904, 2.004927370233311912, -1.302537939658000354 ) ) ;
#727 = CARTESIAN_POINT ( 'NONE',  ( -1.775477029000109397, 0.9207246812363528710, 0.7087884958457432161 ) ) ;
#728 = CARTESIAN_POINT ( 'NONE',  ( -2.868264022949240211, -2.385458878570717367, 1.490486543124920793 ) ) ;
#729 = VERTEX_POINT ( 'NONE', #1131 ) ;
#730 = CARTESIAN_POINT ( 'NONE',  ( 0.1997513062146382967, 1.977398419294537080, -1.513219377851071634 ) ) ;
#731 = CARTESIAN_POINT ( 'NONE',  ( -0.1076588534206697617, -1.998116914637301456, 0.9320150088959401335 ) ) ;
#732 = ORIENTED_EDGE ( 'NONE', *, *, #2140, .T. ) ;
#733 = CARTESIAN_POINT ( 'NONE',  ( -0.06458941418358628284, 4.002023710782060206, 1.309855574092648967 ) ) ;
#734 = CARTESIAN_POINT ( 'NONE',  ( -3.497393489013601364, -1.954591201291854485, 1.307583103085733889 ) ) ;
#735 = CARTESIAN_POINT ( 'NONE',  ( 0.8922005383792498412, -1.545336663013165523, 1.958333333333332815 ) ) ;
#736 = CARTESIAN_POINT ( 'NONE',  ( 0.6705224285319264510, -1.392287712683091927, 2.649616993227398520 ) ) ;
#737 = CARTESIAN_POINT ( 'NONE',  ( -1.670293228726325463, -0.9095191796133906825, -1.428123445198817620 ) ) ;
#738 =( BOUNDED_CURVE ( )  B_SPLINE_CURVE ( 2, ( #655, #1669, #700, #966, #2820, #1373, #2322, #2125, #183 ),
 .UNSPECIFIED., .F., .T. ) 
 B_SPLINE_CURVE_WITH_KNOTS ( ( 3, 2, 2, 2, 3 ),
 ( 0.3437500000000000000, 0.3541666666666666852, 0.3750000000000000000, 0.3958333333333333148, 0.4062500000000000000 ),
 .UNSPECIFIED. ) 
 CURVE ( )  GEOMETRIC_REPRESENTATION_ITEM ( )  RATIONAL_B_SPLINE_CURVE ( ( 0.9330127018922194093, 0.9330127018922194093, 1.000000000000000000, 0.8660254037844387076, 1.000000000000000000, 0.8660254037844387076, 1.000000000000000000, 0.9330127018922194093, 0.9330127018922194093 ) ) 
 REPRESENTATION_ITEM ( '' )  );
#739 = DIRECTION ( 'NONE',  ( 1.000000000000000000, 0.000000000000000000, 0.000000000000000000 ) ) ;
#740 = EDGE_CURVE ( 'NONE', #1117, #2143, #3028, .T. ) ;
#741 = CARTESIAN_POINT ( 'NONE',  ( -1.577769684213224055, 1.229150094965441253, 0.6896505092307908535 ) ) ;
#742 = CARTESIAN_POINT ( 'NONE',  ( -2.000000000000000000, -8.134310703387671364E-16, -0.02500000000000006384 ) ) ;
#743 = EDGE_CURVE ( 'NONE', #747, #2805, #2991, .T. ) ;
#744 = DIRECTION ( 'NONE',  ( -1.000000000000000000, 0.000000000000000000, 0.000000000000000000 ) ) ;
#745 = DIRECTION ( 'NONE',  ( 0.000000000000000000, 0.000000000000000000, -1.000000000000000000 ) ) ;
#746 = CARTESIAN_POINT ( 'NONE',  ( -4.898587196589412829E-16, 2.000000000000000000, 1.199999999999999956 ) ) ;
#747 = VERTEX_POINT ( 'NONE', #251 ) ;
#748 = VECTOR ( 'NONE', #692, 1000.000000000000000 ) ;
#749 = CARTESIAN_POINT ( 'NONE',  ( -2.000000000000000000, -8.134310703387671364E-16, -0.7250000000000000888 ) ) ;
#750 = CYLINDRICAL_SURFACE ( 'NONE', #1553, 2.000000000000000000 ) ;
#751 = CARTESIAN_POINT ( 'NONE',  ( 1.999519010735500979, 0.05125932960706121311, 1.115493938880166569 ) ) ;
#752 = CARTESIAN_POINT ( 'NONE',  ( 1.338300807568874262, -0.7726683315065827617, 1.316666666666666208 ) ) ;
#753 = FACE_OUTER_BOUND ( 'NONE', #889, .T. ) ;
#754 = AXIS2_PLACEMENT_3D ( 'NONE', #541, #322, #2412 ) ;
#755 =( GEOMETRIC_REPRESENTATION_CONTEXT ( 3 ) GLOBAL_UNCERTAINTY_ASSIGNED_CONTEXT ( ( #2320 ) ) GLOBAL_UNIT_ASSIGNED_CONTEXT ( ( #48, #772, #299 ) ) REPRESENTATION_CONTEXT ( 'NONE', 'WORKASPACE' ) );
#756 = CALENDAR_DATE ( 2026, 1, 6 ) ;
#757 = CARTESIAN_POINT ( 'NONE',  ( -1.963674666455395013, -0.3845844805177305314, -0.6151104034440703083 ) ) ;
#758 = CARTESIAN_POINT ( 'NONE',  ( -0.2640775296759919066, 1.982578440863123737, -0.09872177635042335420 ) ) ;
#759 = AXIS2_PLACEMENT_3D ( 'NONE', #1137, #3034, #936 ) ;
#760 = CARTESIAN_POINT ( 'NONE',  ( -3.500000000000000444, -2.020725942163689837, 1.600000000000000089 ) ) ;
#761 = CARTESIAN_POINT ( 'NONE',  ( -3.500000000000000000, 0.000000000000000000, 1.600000000000000089 ) ) ;
#762 = CARTESIAN_POINT ( 'NONE',  ( -3.453432623531995649, 2.038559579070333694, 1.305420199740422671 ) ) ;
#763 = CARTESIAN_POINT ( 'NONE',  ( 1.999999999999999556, 0.5358983848622456136, 1.056260739116964054 ) ) ;
#764 = EDGE_LOOP ( 'NONE', ( #3035, #375, #2099, #112 ) ) ;
#765 = DIRECTION ( 'NONE',  ( 1.000000000000000000, 0.000000000000000000, 0.000000000000000000 ) ) ;
#766 = EDGE_CURVE ( 'NONE', #342, #2512, #2159, .T. ) ;
#767 = CARTESIAN_POINT ( 'NONE',  ( 1.154700538379252572, -1.999999999999999556, -1.191666666666666874 ) ) ;
#768 = CARTESIAN_POINT ( 'NONE',  ( 1.237069889276971812, 1.571591092013513213, 1.212510752014488435 ) ) ;
#769 = CARTESIAN_POINT ( 'NONE',  ( -0.8922005383792489530, -1.545336663013166412, 2.541666666666666075 ) ) ;
#770 = CARTESIAN_POINT ( 'NONE',  ( 1.704624039429958327, 0.1600734047721795172, -1.234624039429959019 ) ) ;
#771 = CALENDAR_DATE ( 2026, 1, 6 ) ;
#772 =( NAMED_UNIT ( * ) PLANE_ANGLE_UNIT ( ) SI_UNIT ( $, .RADIAN. ) );
#773 = CARTESIAN_POINT ( 'NONE',  ( -1.732050807568878081, 0.9999999999999986677, 0.6166666666666665853 ) ) ;
#774 = CARTESIAN_POINT ( 'NONE',  ( -1.017361559507212521, 1.722115787515002383, -0.05299664730710626492 ) ) ;
#775 = DIRECTION ( 'NONE',  ( -0.000000000000000000, -0.000000000000000000, 1.000000000000000000 ) ) ;
#776 = B_SPLINE_CURVE_WITH_KNOTS ( 'NONE', 3,
 ( #307, #2000, #561, #542 ),
 .UNSPECIFIED., .F., .F.,
 ( 4, 4 ),
 ( 0.000000000000000000, 0.0005037784349814268276 ),
 .UNSPECIFIED. ) ;
#777 = DIRECTION ( 'NONE',  ( 1.000000000000000000, 0.000000000000000000, 0.000000000000000000 ) ) ;
#778 = CARTESIAN_POINT ( 'NONE',  ( -3.141035414736101927, 2.227974242095347446, 1.403036564026339583 ) ) ;
#779 = CARTESIAN_POINT ( 'NONE',  ( -2.000000000000000000, 0.5358983848622443924, -1.456260739116964187 ) ) ;
#780 = EDGE_CURVE ( 'NONE', #2170, #1087, #1222, .T. ) ;
#781 = ORIENTED_EDGE ( 'NONE', *, *, #1530, .T. ) ;
#782 = CARTESIAN_POINT ( 'NONE',  ( -2.309401076758502924, -4.242300954899627659E-16, -1.425000000000000044 ) ) ;
#783 = CARTESIAN_POINT ( 'NONE',  ( 1.784401076758498794, 1.092630533523693033E-16, -0.02500000000000049752 ) ) ;
#784 = CARTESIAN_POINT ( 'NONE',  ( 1.791280008185274664, 0.8901764493490621488, 1.164423456676705770 ) ) ;
#785 = CARTESIAN_POINT ( 'NONE',  ( -1.154700538379250352, -2.000000000000000000, 1.579166666666665719 ) ) ;
#786 = CARTESIAN_POINT ( 'NONE',  ( -1.999571358209567773, -0.04274834927328270001, 0.06499175075997008777 ) ) ;
#787 = ORIENTED_EDGE ( 'NONE', *, *, #1400, .F. ) ;
#788 = APPLICATION_PROTOCOL_DEFINITION ( 'international standard', 'config_control_design', 1994, #2610 ) ;
#789 = CARTESIAN_POINT ( 'NONE',  ( 1.784401076758498794, 1.092630533523692910E-16, -1.337500000000000577 ) ) ;
#790 = CARTESIAN_POINT ( 'NONE',  ( 1.983216788555620891, -0.2585635690280840282, 0.3974171419274630246 ) ) ;
#791 = CARTESIAN_POINT ( 'NONE',  ( 1.513051500916403391, -1.314834964183784649, -0.3661620915571149326 ) ) ;
#792 = CARTESIAN_POINT ( 'NONE',  ( 1.612057005248153541, 1.184190769280141442, -0.2177299731712499797 ) ) ;
#793 = FACE_OUTER_BOUND ( 'NONE', #552, .T. ) ;
#794 = CARTESIAN_POINT ( 'NONE',  ( -1.749999999999997558, 3.031088913245536531, 1.600000000000000089 ) ) ;
#795 = CARTESIAN_POINT ( 'NONE',  ( -3.498148907176725331, 1.945075781892491751, 1.309855574092647856 ) ) ;
#796 = CARTESIAN_POINT ( 'NONE',  ( 1.750000000000001332, 3.031088913245534755, -1.600000000000000089 ) ) ;
#797 = ORIENTED_EDGE ( 'NONE', *, *, #2435, .F. ) ;
#798 = CARTESIAN_POINT ( 'NONE',  ( 1.154700538379252128, -1.999999999999999778, -1.891666666666666829 ) ) ;
#799 = CARTESIAN_POINT ( 'NONE',  ( -1.154700538379250796, -2.000000000000000444, -1.308333333333333348 ) ) ;
#800 = CARTESIAN_POINT ( 'NONE',  ( -0.4073722242800886240, 1.958074124188770915, 1.309302605601548208 ) ) ;
#801 = CARTESIAN_POINT ( 'NONE',  ( 1.154700538379251018, 1.999999999999999778, -0.1708333333333344750 ) ) ;
#802 = CARTESIAN_POINT ( 'NONE',  ( -1.274404104289591944, -1.792667341996120323, 1.479572261616439954 ) ) ;
#803 = ORIENTED_EDGE ( 'NONE', *, *, #388, .T. ) ;
#804 = SECURITY_CLASSIFICATION_LEVEL ( 'unclassified' ) ;
#805 = CARTESIAN_POINT ( 'NONE',  ( -1.784401076758498794, -3.277891600571078112E-16, -2.387500000000000622 ) ) ;
#806 = CARTESIAN_POINT ( 'NONE',  ( 0.03482740398098232298, 1.848669985539518557, 1.374988363136929514 ) ) ;
#807 = VECTOR ( 'NONE', #409, 1000.000000000000000 ) ;
#808 = CARTESIAN_POINT ( 'NONE',  ( 1.587441205058457872, -1.220992871220334175, -0.3596268552357221315 ) ) ;
#809 = CARTESIAN_POINT ( 'NONE',  ( -0.3572357587419308644, 1.969276533744441782, -0.09365227142381378489 ) ) ;
#810 = ADVANCED_FACE ( 'NONE', ( #2162 ), #42, .T. ) ;
#811 = VECTOR ( 'NONE', #1254, 1000.000000000000000 ) ;
#812 = DIRECTION ( 'NONE',  ( 0.000000000000000000, 0.000000000000000000, -1.000000000000000000 ) ) ;
#813 = CARTESIAN_POINT ( 'NONE',  ( -3.499389467006011945, 1.936614408659232733, 1.311603594999098954 ) ) ;
#814 = CARTESIAN_POINT ( 'NONE',  ( -1.749999999999997558, 3.031088913245536531, -1.600000000000000089 ) ) ;
#815 = ORIENTED_EDGE ( 'NONE', *, *, #1725, .F. ) ;
#816 = CARTESIAN_POINT ( 'NONE',  ( -2.309401076758502924, -4.242300954899627659E-16, -0.02500000000000006731 ) ) ;
#817 = CARTESIAN_POINT ( 'NONE',  ( 3.499999999999998668, -1.919689645055514760, 1.316005544564212704 ) ) ;
#818 = CARTESIAN_POINT ( 'NONE',  ( 0.5270707008402343297, 1.929976312616062950, 1.258722378242088880 ) ) ;
#819 = CARTESIAN_POINT ( 'NONE',  ( -2.309401076758502480, -4.242300954899626673E-16, 0.06249999999999918121 ) ) ;
#820 = CARTESIAN_POINT ( 'NONE',  ( -0.3753767161454076851, -1.964457258627911873, 1.529999999999999583 ) ) ;
#821 = ORIENTED_EDGE ( 'NONE', *, *, #2910, .T. ) ;
#822 = CARTESIAN_POINT ( 'NONE',  ( -1.732050807568876971, -1.000000000000000888, 2.133333333333333304 ) ) ;
#823 = CARTESIAN_POINT ( 'NONE',  ( 1.983309716929595456, -0.2578684807612353636, 0.3974576836697501503 ) ) ;
#824 = CARTESIAN_POINT ( 'NONE',  ( 1.989845104203251225, -0.2017262892225273885, -0.2992678020121617433 ) ) ;
#825 = CARTESIAN_POINT ( 'NONE',  ( -3.499999999999999556, 0.6534320582525157128, 1.572821304610745985 ) ) ;
#826 = CARTESIAN_POINT ( 'NONE',  ( -3.500000000000000000, 0.3247170633041935872, -1.600000000000000311 ) ) ;
#827 = DIRECTION ( 'NONE',  ( 0.000000000000000000, 0.000000000000000000, -1.000000000000000000 ) ) ;
#828 = VERTEX_POINT ( 'NONE', #1208 ) ;
#829 = CARTESIAN_POINT ( 'NONE',  ( -1.640448319600108507, -1.144101722320149284, 1.529661432790006437 ) ) ;
#830 = CARTESIAN_POINT ( 'NONE',  ( -1.338300807568873818, -0.7726683315065836499, 0.3833333333333325266 ) ) ;
#831 = CARTESIAN_POINT ( 'NONE',  ( -1.750000000000001110, -3.031088913245534755, -1.600000000000000089 ) ) ;
#832 = CARTESIAN_POINT ( 'NONE',  ( 2.309401076758502480, 1.414100318299875804E-16, 1.812499999999998890 ) ) ;
#833 = CARTESIAN_POINT ( 'NONE',  ( -1.999999999999784839, 9.263846002595722655E-07, 0.06249994596089852167 ) ) ;
#834 = VERTEX_POINT ( 'NONE', #721 ) ;
#835 = CC_DESIGN_PERSON_AND_ORGANIZATION_ASSIGNMENT ( #2955, #1525, ( #2202 ) ) ;
#836 = CARTESIAN_POINT ( 'NONE',  ( -0.8922005383792501743, 1.545336663013165523, -1.804166666666667140 ) ) ;
#837 = CARTESIAN_POINT ( 'NONE',  ( -0.5702851053267236070, 1.794525396320003185, 1.397313648250702922 ) ) ;
#838 = CARTESIAN_POINT ( 'NONE',  ( -0.6331916083631332626, -1.897192552748957928, -0.4974647396461956972 ) ) ;
#839 = EDGE_CURVE ( 'NONE', #1465, #2633, #2428, .T. ) ;
#840 = CARTESIAN_POINT ( 'NONE',  ( -0.1001561519228673647, 1.997532285972317689, 0.5926350830123376934 ) ) ;
#841 = EDGE_CURVE ( 'NONE', #1410, #2687, #2790, .T. ) ;
#842 = DIRECTION ( 'NONE',  ( -0.4999999999999996114, 0.8660254037844389297, 0.000000000000000000 ) ) ;
#843 = CARTESIAN_POINT ( 'NONE',  ( -2.000000001625455326, -0.009699573032147237525, -1.336934191584834064 ) ) ;
#844 = B_SPLINE_CURVE_WITH_KNOTS ( 'NONE', 3,
 ( #544, #2697, #2712, #1497, #562, #1515 ),
 .UNSPECIFIED., .F., .F.,
 ( 4, 2, 4 ),
 ( 0.0005037784349814268276, 0.0008508252045154159277, 0.001197871974049405028 ),
 .UNSPECIFIED. ) ;
#845 = ORIENTED_EDGE ( 'NONE', *, *, #780, .T. ) ;
#846 = CARTESIAN_POINT ( 'NONE',  ( -2.309401076758502924, -4.242300954899627659E-16, 0.6750000000000001554 ) ) ;
#847 = CARTESIAN_POINT ( 'NONE',  ( 3.475755367481235147, 2.010330150691122419, -1.302537939658002131 ) ) ;
#848 = CARTESIAN_POINT ( 'NONE',  ( -3.500000000000000444, 1.919689645055508542, 1.600000000000000089 ) ) ;
#849 = CARTESIAN_POINT ( 'NONE',  ( 1.154700538379251684, -1.999999999999999334, 0.9958333333333324600 ) ) ;
#850 = CARTESIAN_POINT ( 'NONE',  ( 1.177459452402199735, -1.617145317052577358, 0.3081442291891297036 ) ) ;
#851 = ORIENTED_EDGE ( 'NONE', *, *, #901, .F. ) ;
#852 = CARTESIAN_POINT ( 'NONE',  ( -3.784983195928251484E-16, 1.545336663013166190, -1.862500000000000711 ) ) ;
#853 = CARTESIAN_POINT ( 'NONE',  ( 1.338300807568874040, 0.7726683315065832058, 2.220833333333332327 ) ) ;
#854 = CARTESIAN_POINT ( 'NONE',  ( 1.873533957982812082, -0.7114519115044835029, -0.3287688067093018085 ) ) ;
#855 = CARTESIAN_POINT ( 'NONE',  ( -0.2694435248186318188, 1.981850113553899284, -0.7984236161183541070 ) ) ;
#856 = VECTOR ( 'NONE', #1951, 1000.000000000000000 ) ;
#857 = CARTESIAN_POINT ( 'NONE',  ( 0.01571590661494833008, 2.000196559048746714, 0.5866586206686633664 ) ) ;
#858 = CARTESIAN_POINT ( 'NONE',  ( -1.338300807568874706, 0.7726683315065820956, -1.045833333333331616 ) ) ;
#859 = DIRECTION ( 'NONE',  ( 1.000000000000000000, 0.000000000000000000, 0.000000000000000000 ) ) ;
#860 = ORIENTED_EDGE ( 'NONE', *, *, #1948, .F. ) ;
#861 = CARTESIAN_POINT ( 'NONE',  ( -1.732050807568878081, 0.9999999999999986677, 1.316666666666666652 ) ) ;
#862 = CARTESIAN_POINT ( 'NONE',  ( -2.000000000000000000, -8.134310703387671364E-16, -0.02500000000000006384 ) ) ;
#863 = CARTESIAN_POINT ( 'NONE',  ( -0.9248051326319071119, -1.773464958422843685, 0.8841642427390848935 ) ) ;
#864 = CARTESIAN_POINT ( 'NONE',  ( 1.338300807568874262, -0.7726683315065827617, 0.004166666666665990934 ) ) ;
#865 = CARTESIAN_POINT ( 'NONE',  ( -1.995348571650814362, -0.1466666901684898217, 0.07103735845695387241 ) ) ;
#866 = ORIENTED_EDGE ( 'NONE', *, *, #448, .F. ) ;
#867 = CARTESIAN_POINT ( 'NONE',  ( 0.1966476732727752419, 1.990325078928534497, -0.1227159125174276111 ) ) ;
#868 = CARTESIAN_POINT ( 'NONE',  ( 1.338300807568874262, -0.7726683315065827617, 1.404166666666666119 ) ) ;
#869 = CARTESIAN_POINT ( 'NONE',  ( 1.784401076758498794, 1.092630533523692910E-16, 2.162499999999999645 ) ) ;
#870 = CARTESIAN_POINT ( 'NONE',  ( 0.8922005383792498412, -1.545336663013165523, 0.5583333333333327930 ) ) ;
#871 = CARTESIAN_POINT ( 'NONE',  ( 1.678995003845064504, 1.086752391019753405, -0.9239560767213274017 ) ) ;
#872 = CARTESIAN_POINT ( 'NONE',  ( 1.549849672085823471, 1.264892624807980592, 0.4877662901743655133 ) ) ;
#873 = CARTESIAN_POINT ( 'NONE',  ( -1.741857337886426826, -0.9908778435597657142, -1.279589477847797863 ) ) ;
#874 = ORIENTED_EDGE ( 'NONE', *, *, #511, .F. ) ;
#875 = CARTESIAN_POINT ( 'NONE',  ( -1.154700538379250796, -2.000000000000000444, 0.09166666666666656305 ) ) ;
#876 = CARTESIAN_POINT ( 'NONE',  ( -1.976804696671375039, -0.3268468306136371737, 0.7815271933182122988 ) ) ;
#877 = CARTESIAN_POINT ( 'NONE',  ( 1.338300807568874040, 0.7726683315065832058, -0.5791666666666672736 ) ) ;
#878 = CARTESIAN_POINT ( 'NONE',  ( -1.975740770271412705, -0.3198867292066350787, 0.08109679445889357574 ) ) ;
#879 = EDGE_CURVE ( 'NONE', #2184, #342, #1500, .T. ) ;
#880 = B_SPLINE_CURVE_WITH_KNOTS ( 'NONE', 3,
 ( #2028, #71, #538, #2708, #2243, #2674, #2971, #573, #1727, #2690, #336, #1275, #352, #2227, #806, #2438, #837, #1777, #1792, #2722, #88, #1042, #301, #1257, #2211, #1527, #2472, #1291 ),
 .UNSPECIFIED., .F., .F.,
 ( 4, 2, 2, 2, 2, 2, 2, 2, 2, 2, 2, 2, 2, 4 ),
 ( 0.004410429027445759639, 0.004772527911128335472, 0.005134626794810911304, 0.005858824562176064704, 0.006220923445858640537, 0.006583022329541216369, 0.006945121213223791334, 0.007307220096906367167, 0.008031417864271517965, 0.008393516747954094664, 0.008755615631636671364, 0.009117714515319248064, 0.009479813399001823029, 0.01020401116636697469 ),
 .UNSPECIFIED. ) ;
#881 = EDGE_LOOP ( 'NONE', ( #1095, #209, #1719, #2339, #2094 ) ) ;
#882 = CARTESIAN_POINT ( 'NONE',  ( 2.000000000000000000, 2.449293598294706414E-16, 7.256854249492381115 ) ) ;
#883 = CARTESIAN_POINT ( 'NONE',  ( -3.784983195928251484E-16, 1.545336663013166190, 1.637499999999999512 ) ) ;
#884 = CARTESIAN_POINT ( 'NONE',  ( 1.338300807568874262, -0.7726683315065827617, -2.183333333333334014 ) ) ;
#885 = CARTESIAN_POINT ( 'NONE',  ( -0.8922005383792489530, -1.545336663013166412, -1.658333333333333881 ) ) ;
#886 = CARTESIAN_POINT ( 'NONE',  ( 1.043119576590531672, 1.711749629277676155, -0.8738496367212783555 ) ) ;
#887 = CARTESIAN_POINT ( 'NONE',  ( -0.07437466187370873894, 1.998658274428362747, 0.5912969733465213151 ) ) ;
#888 = CARTESIAN_POINT ( 'NONE',  ( -0.7246367691735861039, -1.865279231528880421, -1.203113701253072376 ) ) ;
#889 = EDGE_LOOP ( 'NONE', ( #1580, #17, #1448, #2719 ) ) ;
#890 = CARTESIAN_POINT ( 'NONE',  ( 0.000000000000000000, 0.000000000000000000, 1.600000000000000089 ) ) ;
#891 = CARTESIAN_POINT ( 'NONE',  ( -1.751472226951486189, 0.9655957254220333130, 1.406173552904045554 ) ) ;
#892 = CARTESIAN_POINT ( 'NONE',  ( 1.784401076758498794, 1.092630533523692910E-16, -0.6375000000000007327 ) ) ;
#893 = CARTESIAN_POINT ( 'NONE',  ( -0.1841061066683446767, -1.991882974930342609, 0.2279695046444727147 ) ) ;
#894 = ORIENTED_EDGE ( 'NONE', *, *, #2819, .T. ) ;
#895 = CARTESIAN_POINT ( 'NONE',  ( 3.499999999999998668, -1.919689645055506544, 1.600000000000000089 ) ) ;
#896 = CARTESIAN_POINT ( 'NONE',  ( -1.338300807568874706, 0.7726683315065820956, 2.454166666666666163 ) ) ;
#897 = CARTESIAN_POINT ( 'NONE',  ( 1.892491597964125742E-16, -1.545336663013166190, 1.987499999999999600 ) ) ;
#898 = CARTESIAN_POINT ( 'NONE',  ( 1.338300807568874040, 0.7726683315065832058, 0.03333333333333291654 ) ) ;
#899 = CARTESIAN_POINT ( 'NONE',  ( -1.352646906278835992, 1.479376100090188828, -0.7290538296663591211 ) ) ;
#900 = CIRCLE ( 'NONE', #1056, 3.500000000000000444 ) ;
#901 = EDGE_CURVE ( 'NONE', #2928, #2789, #2494, .T. ) ;
#902 = CARTESIAN_POINT ( 'NONE',  ( 0.8322162625992838292, 1.818686272682610516, 0.5401751475302210004 ) ) ;
#903 = AXIS2_PLACEMENT_3D ( 'NONE', #539, #2194, #1227 ) ;
#904 = CARTESIAN_POINT ( 'NONE',  ( -0.07263556844862220641, 3.999515719330827057, -1.311240036642033147 ) ) ;
#905 = LOCAL_TIME ( 10, 39, 53.00000000000000000, #86 ) ;
#906 = ORIENTED_EDGE ( 'NONE', *, *, #197, .T. ) ;
#907 = LINE ( 'NONE', #1630, #807 ) ;
#908 = CARTESIAN_POINT ( 'NONE',  ( 1.793244449752417369, -0.8861674726481234554, 1.061012347287442203 ) ) ;
#909 = CARTESIAN_POINT ( 'NONE',  ( -0.8922005383792489530, -1.545336663013166412, -0.8708333333333339032 ) ) ;
#910 = CARTESIAN_POINT ( 'NONE',  ( 0.6934010378483127512, -1.880310593994530155, 0.2761247944785769626 ) ) ;
#911 = ORIENTED_EDGE ( 'NONE', *, *, #1430, .T. ) ;
#912 = LINE ( 'NONE', #882, #748 ) ;
#913 = AXIS2_PLACEMENT_3D ( 'NONE', #683, #918, #2833 ) ;
#914 = CARTESIAN_POINT ( 'NONE',  ( 1.892491597964125742E-16, -1.545336663013166190, 2.687500000000000000 ) ) ;
#915 = CARTESIAN_POINT ( 'NONE',  ( -1.338300807568873818, -0.7726683315065836499, -1.716666666666667229 ) ) ;
#916 = CARTESIAN_POINT ( 'NONE',  ( -1.338300807568874706, 0.7726683315065820956, -2.533333333333333659 ) ) ;
#917 = CARTESIAN_POINT ( 'NONE',  ( 1.918056053784804593, 0.5680913183413807133, -0.9544409567471598965 ) ) ;
#918 = DIRECTION ( 'NONE',  ( -1.000000000000000000, 0.000000000000000000, 0.000000000000000000 ) ) ;
#919 = EDGE_CURVE ( 'NONE', #1307, #1646, #1523, .T. ) ;
#920 = CARTESIAN_POINT ( 'NONE',  ( -1.824811804340721322, 0.8191870899210207391, 0.7147155025408298279 ) ) ;
#921 = CARTESIAN_POINT ( 'NONE',  ( 1.703396609921314919, -1.048176084350688209, -1.048688622806562831 ) ) ;
#922 = ORIENTED_EDGE ( 'NONE', *, *, #2424, .T. ) ;
#923 = FACE_OUTER_BOUND ( 'NONE', #2911, .T. ) ;
#924 = CARTESIAN_POINT ( 'NONE',  ( 0.2185508224758830886, -1.988038983776514890, 0.9489149597460638796 ) ) ;
#925 = CARTESIAN_POINT ( 'NONE',  ( 0.000000000000000000, 0.000000000000000000, -1.600000000000000089 ) ) ;
#926 = CARTESIAN_POINT ( 'NONE',  ( 1.673564994696567609, -1.095564121353616471, 0.3484219785046063222 ) ) ;
#927 = ORIENTED_EDGE ( 'NONE', *, *, #51, .F. ) ;
#928 = DIRECTION ( 'NONE',  ( -0.000000000000000000, -0.000000000000000000, -1.000000000000000000 ) ) ;
#929 = CARTESIAN_POINT ( 'NONE',  ( -1.055251129103768948, 1.699214606808669537, -1.450417085626193536 ) ) ;
#930 = CARTESIAN_POINT ( 'NONE',  ( 1.338300807568874262, -0.7726683315065827617, 1.316666666666666208 ) ) ;
#931 = CARTESIAN_POINT ( 'NONE',  ( 0.8922005383792491751, 1.545336663013166190, -1.308333333333334014 ) ) ;
#932 = CARTESIAN_POINT ( 'NONE',  ( 3.499999999999999112, -1.286671059031419873, 1.475157883768694500 ) ) ;
#933 = CARTESIAN_POINT ( 'NONE',  ( 1.784401076758499460, 1.092630533523693279E-16, -0.6374999999999985123 ) ) ;
#934 = CARTESIAN_POINT ( 'NONE',  ( 1.885931010557605703, 0.6658091677010264942, -0.2486621190050061769 ) ) ;
#935 = EDGE_CURVE ( 'NONE', #316, #310, #589, .T. ) ;
#936 = DIRECTION ( 'NONE',  ( 0.8660254037844389297, 0.4999999999999993339, 0.000000000000000000 ) ) ;
#937 = CARTESIAN_POINT ( 'NONE',  ( 3.495699004035640378, -1.961785612706503423, 1.306403518167336353 ) ) ;
#938 = ADVANCED_FACE ( 'NONE', ( #1300 ), #498, .F. ) ;
#939 = CARTESIAN_POINT ( 'NONE',  ( 3.492160694368834584, -1.971480592702065771, -1.305420199740349840 ) ) ;
#940 = CARTESIAN_POINT ( 'NONE',  ( 1.814114869846114253, -0.8430717391640824010, 1.063504911299273381 ) ) ;
#941 = CARTESIAN_POINT ( 'NONE',  ( 1.338300807568874040, 0.7726683315065832058, 0.1208333333333328208 ) ) ;
#942 =( BOUNDED_CURVE ( )  B_SPLINE_CURVE ( 2, ( #2218, #2944, #1952, #779, #1717 ),
 .UNSPECIFIED., .F., .T. ) 
 B_SPLINE_CURVE_WITH_KNOTS ( ( 3, 2, 3 ),
 ( 0.1373653270202822296, 0.1458333333333333426, 0.1562500000000000000 ),
 .UNSPECIFIED. ) 
 CURVE ( )  GEOMETRIC_REPRESENTATION_ITEM ( )  RATIONAL_B_SPLINE_CURVE ( ( 0.9353569697115597936, 0.9455441091259914055, 1.000000000000000000, 0.9330127018922194093, 0.9330127018922194093 ) ) 
 REPRESENTATION_ITEM ( '' )  );
#943 = ORIENTED_EDGE ( 'NONE', *, *, #1072, .T. ) ;
#944 = CARTESIAN_POINT ( 'NONE',  ( -3.500000000000000888, -0.6466934978837562964, -1.573526477393120571 ) ) ;
#945 = EDGE_CURVE ( 'NONE', #2264, #2705, #329, .T. ) ;
#946 = CARTESIAN_POINT ( 'NONE',  ( -0.2451361612729858197, 1.984922925835012952, -1.499685606715949637 ) ) ;
#947 = CARTESIAN_POINT ( 'NONE',  ( 1.892491597964125742E-16, -1.545336663013166190, 1.899999999999999467 ) ) ;
#948 = CARTESIAN_POINT ( 'NONE',  ( 1.732050807568877193, -0.9999999999999993339, -1.045833333333334281 ) ) ;
#949 = CARTESIAN_POINT ( 'NONE',  ( 0.3853848236463940924, -1.770529056424609227, -1.338077432464150673 ) ) ;
#950 = CARTESIAN_POINT ( 'NONE',  ( -1.338300807568873818, -0.7726683315065836499, -0.9291666666666649199 ) ) ;
#951 = CARTESIAN_POINT ( 'NONE',  ( -1.758663345530066868, 0.9528615552148129719, 0.7069000185874670938 ) ) ;
#952 = CARTESIAN_POINT ( 'NONE',  ( -0.002430443282114809391, -2.001716325534562912, -1.162458238553857548 ) ) ;
#953 = ORIENTED_EDGE ( 'NONE', *, *, #2988, .F. ) ;
#954 = AXIS2_PLACEMENT_3D ( 'NONE', #2406, #517, #486 ) ;
#955 = CARTESIAN_POINT ( 'NONE',  ( 0.07013402325941925364, 1.970412684093890476, -1.497454323229458595 ) ) ;
#956 = CARTESIAN_POINT ( 'NONE',  ( 0.2496116183772608688, -1.984402220288039587, 0.9505179126533411793 ) ) ;
#957 = LOCAL_TIME ( 10, 39, 53.00000000000000000, #1007 ) ;
#958 = ORIENTED_EDGE ( 'NONE', *, *, #2954, .F. ) ;
#959 = CARTESIAN_POINT ( 'NONE',  ( -1.871294591013724196, -0.7129889684114130155, 1.504090874542750145 ) ) ;
#960 = CARTESIAN_POINT ( 'NONE',  ( -3.478874664232929792, -2.004927370233306583, 1.302537939658001243 ) ) ;
#961 = CARTESIAN_POINT ( 'NONE',  ( -1.338300807568873818, -0.7726683315065836499, 0.3833333333333325266 ) ) ;
#962 = CARTESIAN_POINT ( 'NONE',  ( -1.732050807568876527, -1.000000000000000666, -2.679166666666667584 ) ) ;
#963 = DIRECTION ( 'NONE',  ( -1.000000000000000000, 0.000000000000000000, 0.000000000000000000 ) ) ;
#964 = CARTESIAN_POINT ( 'NONE',  ( 1.732050807568877193, 1.000000000000000222, 0.3833333333333334147 ) ) ;
#965 = DIRECTION ( 'NONE',  ( 0.000000000000000000, 0.000000000000000000, -1.000000000000000000 ) ) ;
#966 = CARTESIAN_POINT ( 'NONE',  ( 1.154700538379251240, 2.000000000000000000, -0.2583333333333335258 ) ) ;
#967 = CARTESIAN_POINT ( 'NONE',  ( 0.04889332463516752464, -4.008256947832077088, 1.306403518167336575 ) ) ;
#968 = CARTESIAN_POINT ( 'NONE',  ( -1.440712266007505127, 0.8939833274149008302, -1.220705705529238960 ) ) ;
#969 = CARTESIAN_POINT ( 'NONE',  ( 0.3257859571977862467, -1.973519418713487905, 0.9546435106479154165 ) ) ;
#970 = ORIENTED_EDGE ( 'NONE', *, *, #2270, .T. ) ;
#971 = DIRECTION ( 'NONE',  ( -0.000000000000000000, -0.000000000000000000, -1.000000000000000000 ) ) ;
#972 = CARTESIAN_POINT ( 'NONE',  ( -3.419783706816673874, -2.067038840626476581, 1.313670402287355543 ) ) ;
#973 = CARTESIAN_POINT ( 'NONE',  ( 1.892491597964125742E-16, -1.545336663013166190, -0.9000000000000005773 ) ) ;
#974 = EDGE_CURVE ( 'NONE', #1318, #1750, #1560, .T. ) ;
#975 = CARTESIAN_POINT ( 'NONE',  ( 1.892491597964125742E-16, -1.545336663013166190, 1.899999999999999467 ) ) ;
#976 = CARTESIAN_POINT ( 'NONE',  ( -1.732050807568876971, -1.000000000000000888, 0.7333333333333330595 ) ) ;
#977 = CARTESIAN_POINT ( 'NONE',  ( -1.714716068936762650, -1.029691738449477922, -0.5774389632941208106 ) ) ;
#978 = CARTESIAN_POINT ( 'NONE',  ( 0.000000000000000000, 0.000000000000000000, 1.600000000000000089 ) ) ;
#979 = CARTESIAN_POINT ( 'NONE',  ( -1.749999999999997558, 3.031088913245536531, -1.600000000000000089 ) ) ;
#980 = CARTESIAN_POINT ( 'NONE',  ( -1.394099894608654022, -0.6667464929827578990, 1.075336663013167771 ) ) ;
#981 = CARTESIAN_POINT ( 'NONE',  ( 3.412499999999191846, -2.071244090718249442, 1.316005544564469609 ) ) ;
#982 = CARTESIAN_POINT ( 'NONE',  ( 1.999999999999999556, 2.905110965495596845E-16, 1.024999999999999911 ) ) ;
#983 = VERTEX_POINT ( 'NONE', #1223 ) ;
#984 = DIRECTION ( 'NONE',  ( -1.000000000000000000, 0.000000000000000000, 0.000000000000000000 ) ) ;
#985 = CARTESIAN_POINT ( 'NONE',  ( -1.999999942086015281, 0.3455960775904712290, -1.357659770775645702 ) ) ;
#986 = CARTESIAN_POINT ( 'NONE',  ( 1.784401076758498794, 1.092630533523692910E-16, 0.6749999999999996003 ) ) ;
#987 = CARTESIAN_POINT ( 'NONE',  ( -1.784401076758498794, -3.277891600571078112E-16, 2.424999999999999378 ) ) ;
#988 = CARTESIAN_POINT ( 'NONE',  ( -1.999999999999920286, 5.649192612102009385E-07, -0.6375000329536233412 ) ) ;
#989 = PERSON_AND_ORGANIZATION_ROLE ( 'creator' ) ;
#990 = CARTESIAN_POINT ( 'NONE',  ( -1.920333197433778949, -0.5611217788887747915, -0.6047873092934120676 ) ) ;
#991 = CARTESIAN_POINT ( 'NONE',  ( -0.2113655475115869542, 1.988815937320662197, -0.1014703287187937591 ) ) ;
#992 = CARTESIAN_POINT ( 'NONE',  ( 1.468121107952132354, 3.193831767448245706, 1.600000000000001865 ) ) ;
#993 = EDGE_CURVE ( 'NONE', #657, #2057, #288, .T. ) ;
#994 = CARTESIAN_POINT ( 'NONE',  ( -2.000000000000000000, 0.000000000000000000, 7.256854249492381115 ) ) ;
#995 = DIRECTION ( 'NONE',  ( 0.000000000000000000, 0.000000000000000000, 1.000000000000000000 ) ) ;
#996 = CARTESIAN_POINT ( 'NONE',  ( 1.999999999999999556, 2.905110965495596845E-16, 1.024999999999999911 ) ) ;
#997 = B_SPLINE_CURVE_WITH_KNOTS ( 'NONE', 3,
 ( #1179, #3072, #944, #2300, #414, #2561 ),
 .UNSPECIFIED., .F., .F.,
 ( 4, 2, 4 ),
 ( 0.01298168697682233926, 0.01395185984289283934, 0.01492203270896333943 ),
 .UNSPECIFIED. ) ;
#998 = ORIENTED_EDGE ( 'NONE', *, *, #2369, .F. ) ;
#999 = AXIS2_PLACEMENT_3D ( 'NONE', #2370, #965, #2862 ) ;
#1000 = CARTESIAN_POINT ( 'NONE',  ( 3.499999999999999112, 1.294071183846058792, 1.473682472052511017 ) ) ;
#1001 = CARTESIAN_POINT ( 'NONE',  ( 1.749999999999998446, -3.031088913245536087, 1.600000000000000089 ) ) ;
#1002 = CARTESIAN_POINT ( 'NONE',  ( 1.229103450576583434, 1.578041894389641264, 1.213102375598175353 ) ) ;
#1003 = CARTESIAN_POINT ( 'NONE',  ( -4.898587196589411843E-16, 1.999999999999999556, -2.912500000000000977 ) ) ;
#1004 = CARTESIAN_POINT ( 'NONE',  ( -1.998808438738553628, -0.07441152938074015177, 0.06683553030757698188 ) ) ;
#1005 = CONICAL_SURFACE ( 'NONE', #1309, 2.070000000000000284, 0.7853981633974500554 ) ;
#1006 = SECURITY_CLASSIFICATION ( '', '', #804 ) ;
#1007 = COORDINATED_UNIVERSAL_TIME_OFFSET ( 6, 0, .BEHIND. ) ;
#1008 = CARTESIAN_POINT ( 'NONE',  ( -3.500000000000000444, 1.936853612170587713, -1.311240036642119300 ) ) ;
#1009 = CARTESIAN_POINT ( 'NONE',  ( 1.681672711752370875, 1.082683655746219609, -0.2242100028278974921 ) ) ;
#1010 = AXIS2_PLACEMENT_3D ( 'NONE', #2422, #2921, #1490 ) ;
#1011 = CARTESIAN_POINT ( 'NONE',  ( -0.08749999999082891389, -3.990933735778584346, -1.316005544561290819 ) ) ;
#1012 = EDGE_CURVE ( 'NONE', #2805, #2963, #181, .T. ) ;
#1013 = FACE_OUTER_BOUND ( 'NONE', #1540, .T. ) ;
#1014 = CARTESIAN_POINT ( 'NONE',  ( -1.749999999999997558, 3.031088913245536531, 1.600000000000000089 ) ) ;
#1015 = FACE_OUTER_BOUND ( 'NONE', #1234, .T. ) ;
#1016 = ORIENTED_EDGE ( 'NONE', *, *, #448, .T. ) ;
#1017 = CARTESIAN_POINT ( 'NONE',  ( -4.898587196589412829E-16, 2.000000000000000000, 0.4999999999999997780 ) ) ;
#1018 = CARTESIAN_POINT ( 'NONE',  ( 1.999999999999999556, 2.905110965495596845E-16, -1.074999999999999956 ) ) ;
#1019 = CARTESIAN_POINT ( 'NONE',  ( 1.677691521777189720, 1.090707922608621816, 1.176405015836987866 ) ) ;
#1020 = CARTESIAN_POINT ( 'NONE',  ( -1.154700538379252128, 1.999999999999998668, 0.6458333333333324822 ) ) ;
#1021 = CARTESIAN_POINT ( 'NONE',  ( 1.502928166059162018, 0.7632430407787634818, -1.208147412308318458 ) ) ;
#1022 = EDGE_LOOP ( 'NONE', ( #2681, #1452, #2463, #1324 ) ) ;
#1023 = DIRECTION ( 'NONE',  ( 1.000000000000000000, 0.000000000000000000, 0.000000000000000000 ) ) ;
#1024 = CARTESIAN_POINT ( 'NONE',  ( 2.449293598294706414E-16, -2.000000000000000000, 2.950000000000000178 ) ) ;
#1025 = CARTESIAN_POINT ( 'NONE',  ( 1.980851473524839701, -0.2762934115533799972, 0.3963835571064436292 ) ) ;
#1026 = CARTESIAN_POINT ( 'NONE',  ( 1.370689725539964599, -1.457991300785285382, -0.3775158952659527500 ) ) ;
#1027 = CARTESIAN_POINT ( 'NONE',  ( -1.999999999999784839, 9.263846002595722655E-07, 0.06249994596089852167 ) ) ;
#1028 = PLANE ( 'NONE',  #1807 ) ;
#1029 = CARTESIAN_POINT ( 'NONE',  ( -2.466559942404522587E-15, -3.839379290111011311, 1.600000000000000089 ) ) ;
#1030 = CARTESIAN_POINT ( 'NONE',  ( -0.08749999999998860079, 3.990933735773295243, 1.316005544564206708 ) ) ;
#1031 = CARTESIAN_POINT ( 'NONE',  ( -2.000000000000000000, 0.5358983848622443924, -0.7562607391169643423 ) ) ;
#1032 = EDGE_LOOP ( 'NONE', ( #1394, #1839, #2526, #224 ) ) ;
#1033 = CARTESIAN_POINT ( 'NONE',  ( 1.154700538379252128, -1.999999999999999778, -1.191666666666666874 ) ) ;
#1034 = CARTESIAN_POINT ( 'NONE',  ( -1.338300807568874706, 0.7726683315065820956, 0.2666666666666661634 ) ) ;
#1035 = CARTESIAN_POINT ( 'NONE',  ( 0.4218346676283086238, 1.955026717072508413, 1.264877969147480297 ) ) ;
#1036 = CARTESIAN_POINT ( 'NONE',  ( -1.732050807568877859, 0.9999999999999985567, 2.104166666666665630 ) ) ;
#1037 = CARTESIAN_POINT ( 'NONE',  ( 0.8246161807406949817, 1.423796655658555510, -1.167710275013952970 ) ) ;
#1038 = ADVANCED_FACE ( 'NONE', ( #2619 ), #750, .F. ) ;
#1039 = ORIENTED_EDGE ( 'NONE', *, *, #1783, .F. ) ;
#1040 = APPROVAL_ROLE ( '' ) ;
#1041 = CARTESIAN_POINT ( 'NONE',  ( 1.732050807568877415, -0.9999999999999995559, 1.666666666666666741 ) ) ;
#1042 = CARTESIAN_POINT ( 'NONE',  ( -1.478240724741341605, 1.214437160227082035, 1.439323352907436959 ) ) ;
#1043 = CARTESIAN_POINT ( 'NONE',  ( 0.3487463027234377066, -1.970612586864095572, -0.4441245484564244062 ) ) ;
#1044 =( BOUNDED_CURVE ( )  B_SPLINE_CURVE ( 2, ( #862, #672, #2036, #875, #1597, #1835, #2542, #1801, #1821 ),
 .UNSPECIFIED., .F., .T. ) 
 B_SPLINE_CURVE_WITH_KNOTS ( ( 3, 2, 2, 2, 3 ),
 ( 0.4062500000000000000, 0.4166666666666666852, 0.4375000000000000000, 0.4583333333333333148, 0.4687500000000000000 ),
 .UNSPECIFIED. ) 
 CURVE ( )  GEOMETRIC_REPRESENTATION_ITEM ( )  RATIONAL_B_SPLINE_CURVE ( ( 0.9330127018922194093, 0.9330127018922194093, 1.000000000000000000, 0.8660254037844387076, 1.000000000000000000, 0.8660254037844387076, 1.000000000000000000, 0.9330127018922194093, 0.9330127018922194093 ) ) 
 REPRESENTATION_ITEM ( '' )  );
#1045 = CARTESIAN_POINT ( 'NONE',  ( -1.353132552712599690, 1.478886720928695109, -0.02901882210440712498 ) ) ;
#1046 = CARTESIAN_POINT ( 'NONE',  ( 0.6326711925527545022, 3.676179000998526902, 1.474438468866253071 ) ) ;
#1047 = CARTESIAN_POINT ( 'NONE',  ( -1.184055183478384121, 3.357837305410764639, 1.600000000000001421 ) ) ;
#1048 = CARTESIAN_POINT ( 'NONE',  ( 0.000000000000000000, 0.000000000000000000, -1.600000000000000089 ) ) ;
#1049 = CARTESIAN_POINT ( 'NONE',  ( -1.154700538379252572, 1.999999999999999334, -0.8416666666666667851 ) ) ;
#1050 = ORIENTED_EDGE ( 'NONE', *, *, #2085, .T. ) ;
#1051 = CARTESIAN_POINT ( 'NONE',  ( -1.154700538379250574, -2.000000000000000444, 0.09166666666666654917 ) ) ;
#1052 = CARTESIAN_POINT ( 'NONE',  ( -0.08749999999082891389, -3.990933735778584346, -1.316005544561290819 ) ) ;
#1053 = CARTESIAN_POINT ( 'NONE',  ( -0.9004735712857895313, 1.797946943286974797, 1.338998589521781080 ) ) ;
#1054 = CARTESIAN_POINT ( 'NONE',  ( 1.154700538379251018, 1.999999999999999778, 0.5291666666666656749 ) ) ;
#1055 = CARTESIAN_POINT ( 'NONE',  ( 1.711541558721918266, -4.677228654447910886E-15, -1.241541558721919403 ) ) ;
#1056 = AXIS2_PLACEMENT_3D ( 'NONE', #2131, #928, #2100 ) ;
#1057 = ORIENTED_EDGE ( 'NONE', *, *, #1453, .T. ) ;
#1058 = CARTESIAN_POINT ( 'NONE',  ( -1.154700538379250574, -2.000000000000000444, 2.191666666666666430 ) ) ;
#1059 = CARTESIAN_POINT ( 'NONE',  ( 1.999999999996735278, -2.566652308386058273E-06, 0.4124560970471385923 ) ) ;
#1060 = CARTESIAN_POINT ( 'NONE',  ( 0.8876787824946915650, -1.804626175409005828, -0.4119537168862664189 ) ) ;
#1061 = CONICAL_SURFACE ( 'NONE', #415, 2.070000000000000284, 0.7853981633974500554 ) ;
#1062 = CARTESIAN_POINT ( 'NONE',  ( 3.499999999999998668, -1.919689645055514760, 1.316005544564212704 ) ) ;
#1063 = LINE ( 'NONE', #1781, #1794 ) ;
#1064 = CARTESIAN_POINT ( 'NONE',  ( 0.000000000000000000, 0.000000000000000000, 7.256854249492381115 ) ) ;
#1065 = ORIENTED_EDGE ( 'NONE', *, *, #674, .F. ) ;
#1066 = CARTESIAN_POINT ( 'NONE',  ( 2.449293598294706414E-16, -2.000000000000000000, 0.1499999999999999667 ) ) ;
#1067 = DIRECTION ( 'NONE',  ( -1.000000000000000000, 0.000000000000000000, 0.000000000000000000 ) ) ;
#1068 = CARTESIAN_POINT ( 'NONE',  ( 3.499999999999998668, 1.919689645055506100, 1.600000000000000089 ) ) ;
#1069 = CARTESIAN_POINT ( 'NONE',  ( 2.309401076758502480, 1.414100318299875804E-16, -0.9875000000000009326 ) ) ;
#1070 = CARTESIAN_POINT ( 'NONE',  ( -3.453432623532413093, -2.038559579069879391, -1.305420199740348508 ) ) ;
#1071 = VERTEX_POINT ( 'NONE', #1052 ) ;
#1072 = EDGE_CURVE ( 'NONE', #2795, #983, #522, .T. ) ;
#1073 = CARTESIAN_POINT ( 'NONE',  ( 0.8922005383792491751, 1.545336663013166190, -1.220833333333333881 ) ) ;
#1074 = DIRECTION ( 'NONE',  ( 0.000000000000000000, 0.000000000000000000, -1.000000000000000000 ) ) ;
#1075 = CARTESIAN_POINT ( 'NONE',  ( -0.09918566005976686695, -1.997784111522760586, -0.4675404314824018748 ) ) ;
#1076 = EDGE_CURVE ( 'NONE', #2184, #1353, #2152, .T. ) ;
#1077 = B_SPLINE_CURVE_WITH_KNOTS ( 'NONE', 3,
 ( #3023, #2310, #1126, #157, #1567, #2514 ),
 .UNSPECIFIED., .F., .F.,
 ( 4, 2, 4 ),
 ( 0.01298168697682233926, 0.01395185984289280465, 0.01492203270896327177 ),
 .UNSPECIFIED. ) ;
#1078 = CARTESIAN_POINT ( 'NONE',  ( 0.5972033161895951014, 1.910832515225662664, 0.5546851506397056930 ) ) ;
#1079 = CARTESIAN_POINT ( 'NONE',  ( -0.01464738939296863357, -4.013765224130847464, -1.303362079174959165 ) ) ;
#1080 = CARTESIAN_POINT ( 'NONE',  ( -2.070000000000000284, 2.535018874235021689E-16, 1.600000000000000089 ) ) ;
#1081 = EDGE_LOOP ( 'NONE', ( #2040, #1704, #1806, #2357, #1299, #2219, #570, #2225, #2234 ) ) ;
#1082 = CARTESIAN_POINT ( 'NONE',  ( -1.154700538379252794, 1.999999999999999334, 0.5583333333333332371 ) ) ;
#1083 = CARTESIAN_POINT ( 'NONE',  ( -2.070000000000000284, 0.000000000000000000, -1.600000000000000089 ) ) ;
#1084 = FACE_OUTER_BOUND ( 'NONE', #1081, .T. ) ;
#1085 = CARTESIAN_POINT ( 'NONE',  ( -1.732050807568877859, 0.9999999999999985567, 0.004166666666665774094 ) ) ;
#1086 = CARTESIAN_POINT ( 'NONE',  ( -1.821436985351047477, -0.8261337541986255584, 0.1106906261806202413 ) ) ;
#1087 = VERTEX_POINT ( 'NONE', #2022 ) ;
#1088 = CARTESIAN_POINT ( 'NONE',  ( -1.338300807568873818, -0.7726683315065836499, -1.629166666666667318 ) ) ;
#1089 = CARTESIAN_POINT ( 'NONE',  ( -0.8922005383792501743, 1.545336663013165523, 0.9958333333333326820 ) ) ;
#1090 = CARTESIAN_POINT ( 'NONE',  ( 0.2617679950898786911, -1.982873202878787211, -0.4488402521426858582 ) ) ;
#1091 = CARTESIAN_POINT ( 'NONE',  ( 1.458063097866286295, 1.369485264271989022, 0.4954660654539587150 ) ) ;
#1092 = CARTESIAN_POINT ( 'NONE',  ( -1.231818241401755554, 0.9571015462283475328, -1.059757294952316631 ) ) ;
#1093 = CARTESIAN_POINT ( 'NONE',  ( -1.613603194820790510, -1.181770137022257305, -1.267948941901182236 ) ) ;
#1094 = EDGE_CURVE ( 'NONE', #1178, #2279, #155, .T. ) ;
#1095 = ORIENTED_EDGE ( 'NONE', *, *, #1147, .F. ) ;
#1096 = CARTESIAN_POINT ( 'NONE',  ( 1.732050807568877415, -0.9999999999999995559, 0.9666666666666666741 ) ) ;
#1097 = CARTESIAN_POINT ( 'NONE',  ( 0.000000000000000000, 0.000000000000000000, 1.600000000000000089 ) ) ;
#1098 = CARTESIAN_POINT ( 'NONE',  ( -1.688784768096052824, 1.071897002390691522, 1.399787632214030353 ) ) ;
#1099 = CARTESIAN_POINT ( 'NONE',  ( -0.8922005383792489530, -1.545336663013166412, -0.1708333333333340309 ) ) ;
#1100 = CARTESIAN_POINT ( 'NONE',  ( -0.3887378004422714639, -1.962690285973025972, 0.2168838538065342714 ) ) ;
#1101 = ORIENTED_EDGE ( 'NONE', *, *, #1494, .T. ) ;
#1102 = CARTESIAN_POINT ( 'NONE',  ( 0.7738747268036061389, 1.844520625061504937, -0.1563299026293865357 ) ) ;
#1103 = CARTESIAN_POINT ( 'NONE',  ( 0.8922005383792498412, -1.545336663013165523, -0.05416666666666741792 ) ) ;
#1104 = CARTESIAN_POINT ( 'NONE',  ( -0.8922005383792489530, -1.545336663013166412, 1.229166666666666075 ) ) ;
#1105 = CARTESIAN_POINT ( 'NONE',  ( 1.338300807568874262, -0.7726683315065827617, -0.08333333333333391157 ) ) ;
#1106 = CARTESIAN_POINT ( 'NONE',  ( 1.687007012414149854, 1.074272927327744043, -0.9247248585448357705 ) ) ;
#1107 = AXIS2_PLACEMENT_3D ( 'NONE', #450, #466, #199 ) ;
#1108 = CARTESIAN_POINT ( 'NONE',  ( 1.904644097584971663, 0.6101893635724356946, 0.4480943521194918899 ) ) ;
#1109 = ADVANCED_FACE ( 'NONE', ( #2701 ), #1904, .F. ) ;
#1110 = CARTESIAN_POINT ( 'NONE',  ( 3.412500000009172751, -2.071244090712486940, -1.316005544561290597 ) ) ;
#1111 = ORIENTED_EDGE ( 'NONE', *, *, #616, .F. ) ;
#1112 = CARTESIAN_POINT ( 'NONE',  ( -1.745338563743392246, 0.06765825721348427135, 1.019892075280098842 ) ) ;
#1113 = CARTESIAN_POINT ( 'NONE',  ( -1.529309551334825157, -1.290283346567791423, 0.8394574496264756158 ) ) ;
#1114 = CARTESIAN_POINT ( 'NONE',  ( -3.784983195928251484E-16, 1.545336663013166190, -1.162500000000000755 ) ) ;
#1115 = CARTESIAN_POINT ( 'NONE',  ( -1.989759888267736532, -0.2057312925871081499, 0.07446694122207131450 ) ) ;
#1116 = DESIGN_CONTEXT ( 'detailed design', #437, 'design' ) ;
#1117 = VERTEX_POINT ( 'NONE', #817 ) ;
#1118 = CARTESIAN_POINT ( 'NONE',  ( 1.093569917661445290, -1.281964424537156200, 1.204908001081247182 ) ) ;
#1119 = CARTESIAN_POINT ( 'NONE',  ( -0.8922005383792501743, 1.545336663013165523, 2.395833333333333481 ) ) ;
#1120 = CARTESIAN_POINT ( 'NONE',  ( -1.338300807568874706, 0.7726683315065820956, 1.054166666666666252 ) ) ;
#1121 = CARTESIAN_POINT ( 'NONE',  ( -0.8922005383792501743, 1.545336663013165523, -1.191666666666667318 ) ) ;
#1122 = CARTESIAN_POINT ( 'NONE',  ( -0.2338259332075764696, 1.986284984391041730, -0.8002945197772732833 ) ) ;
#1123 = CARTESIAN_POINT ( 'NONE',  ( -1.550386920994096140, 1.263456634455584870, 0.6873041596057667402 ) ) ;
#1124 = CARTESIAN_POINT ( 'NONE',  ( -1.166070631061863816, -1.625040535827565691, -1.232345170612876073 ) ) ;
#1125 = ORIENTED_EDGE ( 'NONE', *, *, #1984, .F. ) ;
#1126 = CARTESIAN_POINT ( 'NONE',  ( -3.500000000000001776, -0.6466934978837332038, 1.573526477393122569 ) ) ;
#1127 = CARTESIAN_POINT ( 'NONE',  ( -1.524147235577926640, 1.301645784778505455, 1.384722901380464721 ) ) ;
#1128 = LINE ( 'NONE', #2558, #506 ) ;
#1129 = CARTESIAN_POINT ( 'NONE',  ( -1.554120287717413396, -1.259551021177051977, 0.1372908115800191287 ) ) ;
#1130 = ORIENTED_EDGE ( 'NONE', *, *, #462, .F. ) ;
#1131 = CARTESIAN_POINT ( 'NONE',  ( -0.08749999999972607467, 3.990933735773446678, -1.316005544564122554 ) ) ;
#1132 = CARTESIAN_POINT ( 'NONE',  ( 1.338300807568874262, -0.7726683315065827617, 0.004166666666665990934 ) ) ;
#1133 = CARTESIAN_POINT ( 'NONE',  ( -1.338300807568874706, 0.7726683315065820956, 1.754166666666665764 ) ) ;
#1134 = CARTESIAN_POINT ( 'NONE',  ( -1.338300807568873818, -0.7726683315065836499, -1.016666666666667274 ) ) ;
#1135 = CARTESIAN_POINT ( 'NONE',  ( -0.09435144307847807832, 1.998799972685959103, -0.8074507743322690834 ) ) ;
#1136 = CARTESIAN_POINT ( 'NONE',  ( 1.486514433952873304, 1.338011969350641373, 0.4930961199057455335 ) ) ;
#1137 = CARTESIAN_POINT ( 'NONE',  ( 8.395121768632871024E-16, 4.041451884327381450, 1.600000000000000089 ) ) ;
#1138 = EDGE_LOOP ( 'NONE', ( #349, #1057, #118, #2209, #2854, #3008, #720, #1819, #1936, #2729, #953, #874, #2639, #2405, #1896 ) ) ;
#1139 = DIRECTION ( 'NONE',  ( -0.000000000000000000, -0.000000000000000000, 1.000000000000000000 ) ) ;
#1140 = CARTESIAN_POINT ( 'NONE',  ( 0.6525792841263771127, -1.890578489192772604, 0.9736586829696772805 ) ) ;
#1141 = CARTESIAN_POINT ( 'NONE',  ( 0.8922005383792491751, 1.545336663013166190, -1.920833333333334059 ) ) ;
#1142 = CARTESIAN_POINT ( 'NONE',  ( -0.07819781420154882368, -1.998714570075756924, 0.2335171156870150255 ) ) ;
#1143 = ORIENTED_EDGE ( 'NONE', *, *, #712, .F. ) ;
#1144 = CARTESIAN_POINT ( 'NONE',  ( -0.3072493104922711105, -1.592966709003415637, 1.141764045366434166 ) ) ;
#1145 = CARTESIAN_POINT ( 'NONE',  ( 0.8922005383792498412, -1.545336663013165523, 1.345833333333332771 ) ) ;
#1146 = CARTESIAN_POINT ( 'NONE',  ( -3.784983195928251484E-16, 1.545336663013166190, -1.950000000000000622 ) ) ;
#1147 = EDGE_CURVE ( 'NONE', #2896, #2250, #2772, .T. ) ;
#1148 = CARTESIAN_POINT ( 'NONE',  ( 0.8922005383792491751, 1.545336663013166190, 0.7916666666666660745 ) ) ;
#1149 = CARTESIAN_POINT ( 'NONE',  ( 0.6427718650896583341, 1.893906530661034759, -0.8480751863980877658 ) ) ;
#1150 = CARTESIAN_POINT ( 'NONE',  ( 0.8922005383792492861, 1.545336663013166190, -0.5208333333333318160 ) ) ;
#1151 = CONICAL_SURFACE ( 'NONE', #2941, 3.500000000000000000, 1.047197551196600074 ) ;
#1152 = CYLINDRICAL_SURFACE ( 'NONE', #1608, 0.1749999999999998224 ) ;
#1153 = VECTOR ( 'NONE', #2033, 1000.000000000000000 ) ;
#1154 = CARTESIAN_POINT ( 'NONE',  ( 1.998342596081789990, -0.09630769400274799552, -0.9931348397185157939 ) ) ;
#1155 = ORIENTED_EDGE ( 'NONE', *, *, #1298, .F. ) ;
#1156 = CIRCLE ( 'NONE', #1907, 3.500000000000000444 ) ;
#1157 = CARTESIAN_POINT ( 'NONE',  ( -0.1862348958853805858, 1.930704342561720299, -1.465389956047559616 ) ) ;
#1158 = CARTESIAN_POINT ( 'NONE',  ( 1.847439081354659507, -0.7662116123762072739, 1.067860982348271870 ) ) ;
#1159 = CARTESIAN_POINT ( 'NONE',  ( 0.8922005383792498412, -1.545336663013165523, -2.154166666666667229 ) ) ;
#1160 = CARTESIAN_POINT ( 'NONE',  ( 1.297553108257063492, -1.523833521068644226, 0.3169044685116693127 ) ) ;
#1161 = VERTEX_POINT ( 'NONE', #1083 ) ;
#1162 = CARTESIAN_POINT ( 'NONE',  ( 1.749999999999998446, -3.031088913245536087, 1.600000000000000089 ) ) ;
#1163 = AXIS2_PLACEMENT_3D ( 'NONE', #760, #2627, #1713 ) ;
#1164 = CARTESIAN_POINT ( 'NONE',  ( 0.8922005383792498412, -1.545336663013165523, 0.6458333333333327042 ) ) ;
#1165 = CARTESIAN_POINT ( 'NONE',  ( -3.784983195928251484E-16, 1.545336663013166190, 0.8499999999999994227 ) ) ;
#1166 = CARTESIAN_POINT ( 'NONE',  ( 0.8922005383792491751, 1.545336663013166190, 0.09166666666666588303 ) ) ;
#1167 = CARTESIAN_POINT ( 'NONE',  ( 1.999999999999999556, 2.905110965495596845E-16, 1.024999999999999911 ) ) ;
#1168 = ADVANCED_FACE ( 'NONE', ( #1864 ), #1402, .F. ) ;
#1169 = CARTESIAN_POINT ( 'NONE',  ( 1.784401076758499460, 1.092630533523693279E-16, 0.7625000000000020650 ) ) ;
#1170 = EDGE_CURVE ( 'NONE', #2143, #1410, #435, .T. ) ;
#1171 = CARTESIAN_POINT ( 'NONE',  ( -3.325000000000000622, -1.919689645055505212, 1.600000000000000089 ) ) ;
#1172 = CARTESIAN_POINT ( 'NONE',  ( 0.7219485556861541253, -1.870385396955116963, -1.122152283323514244 ) ) ;
#1173 = ADVANCED_FACE ( 'NONE', ( #142, #2570 ), #394, .T. ) ;
#1174 = FACE_OUTER_BOUND ( 'NONE', #26, .T. ) ;
#1175 = CARTESIAN_POINT ( 'NONE',  ( 3.412500000000009415, 2.071244090717776487, 1.316005544564207819 ) ) ;
#1176 = CARTESIAN_POINT ( 'NONE',  ( 1.836638397557465385, -0.7919627479600848119, 1.066409522091151141 ) ) ;
#1177 = CARTESIAN_POINT ( 'NONE',  ( -1.784401076758498794, -3.277891600571078112E-16, 0.4124999999999994782 ) ) ;
#1178 = VERTEX_POINT ( 'NONE', #2281 ) ;
#1179 = CARTESIAN_POINT ( 'NONE',  ( -3.500000000000000000, 0.000000000000000000, -1.600000000000000089 ) ) ;
#1180 = CARTESIAN_POINT ( 'NONE',  ( 0.2491062328258467906, 1.984929551970554540, -1.525520189260190174 ) ) ;
#1181 = CARTESIAN_POINT ( 'NONE',  ( 1.338300807568874040, 0.7726683315065832058, -0.6666666666666671848 ) ) ;
#1182 = B_SPLINE_CURVE_WITH_KNOTS ( 'NONE', 3,
 ( #1297, #2263, #593, #640 ),
 .UNSPECIFIED., .F., .F.,
 ( 4, 4 ),
 ( 0.0001043164952616436352, 0.002044882221487528007 ),
 .UNSPECIFIED. ) ;
#1183 = CARTESIAN_POINT ( 'NONE',  ( 1.892491597964125742E-16, -1.545336663013166190, 2.600000000000000089 ) ) ;
#1184 = CARTESIAN_POINT ( 'NONE',  ( 1.669980896987638408, -0.4737042455971030019, -1.261787554812515255 ) ) ;
#1185 = CARTESIAN_POINT ( 'NONE',  ( 0.8922005383792492861, 1.545336663013166190, 0.1791666666666682228 ) ) ;
#1186 = B_SPLINE_CURVE_WITH_KNOTS ( 'NONE', 3,
 ( #35, #2903, #1258, #713, #2167, #2151, #303, #1199, #757, #1667, #990, #1944, #2624, #257, #1214, #23, #2611, #2383, #1711, #478, #1429, #243, #977, #524, #1511, #1793, #2738, #2753, #1778, #135, #2473, #1978, #2456, #337, #603, #89, #1559, #838, #2972, #557, #320, #2244, #2508, #2288, #371, #1075, #1327, #1761, #2273, #385, #1543, #1341, #1292, #1811, #1090, #1043, #1996, #2709, #1060, #2986, #574, #1528, #2521, #2922, #2723, #2490, #1026, #791, #808, #620, #2938, #2015, #2043, #106, #2958, #121, #854, #1744, #1575, #2691, #1276, #588, #2228, #824, #353, #1313, #2259, #2029 ),
 .UNSPECIFIED., .F., .F.,
 ( 4, 2, 1, 1, 2, 2, 2, 2, 2, 2, 2, 2, 2, 2, 1, 2, 2, 2, 2, 1, 2, 2, 2, 2, 2, 1, 2, 1, 2, 2, 2, 2, 2, 2, 1, 1, 2, 2, 2, 2, 2, 1, 2, 2, 2, 2, 2, 1, 4 ),
 ( 0.3005666648725641155, 0.3009891096822303602, 0.3014115544918966605, 0.3022564441112291500, 0.3039462233498941846, 0.3073257818272243092, 0.3107053403045543782, 0.3123951195432194128, 0.3132400091625519578, 0.3140848987818845028, 0.3174644572592145719, 0.3191542364978796065, 0.3199991261172121515, 0.3204215709268783963, 0.3208440157365446410, 0.3276031326912048902, 0.3309826911685349593, 0.3343622496458650839, 0.3411213666005252776, 0.3428111458391903121, 0.3436560354585228572, 0.3445009250778554022, 0.3478804835551854713, 0.3512600420325155959, 0.3529498212711806304, 0.3546396005098456650, 0.3580191589871757896, 0.3588640486065083346, 0.3592864934161745794, 0.3597089382258408241, 0.3613987174645058587, 0.3681578344191660523, 0.3749169513738263015, 0.3753393961834925463, 0.3757618409931587911, 0.3766067306124912806, 0.3782965098511563706, 0.3816760683284864952, 0.3884351852831467444, 0.3901249645218118345, 0.3909698541411443795, 0.3918147437604768690, 0.3951943022378069936, 0.4019534191924672428, 0.4053329776697973674, 0.4061778672891299125, 0.4066003120987961572, 0.4070227569084624020, 0.4087125361471274920 ),
 .UNSPECIFIED. ) ;
#1187 = CARTESIAN_POINT ( 'NONE',  ( -1.635902542331249432, 1.151732803287063955, 0.6947170720396391719 ) ) ;
#1188 = CARTESIAN_POINT ( 'NONE',  ( 1.664013944349100438, -1.109840432172802815, -1.052483580228150251 ) ) ;
#1189 = CARTESIAN_POINT ( 'NONE',  ( -3.325000000000000622, 1.919689645055508542, 1.600000000000000089 ) ) ;
#1190 = CARTESIAN_POINT ( 'NONE',  ( -1.552873082637577395, 0.5202897449009973307, -1.162773469112154290 ) ) ;
#1191 = CARTESIAN_POINT ( 'NONE',  ( 0.01985721523361360513, -2.002950113075234295, 0.9387008862808720044 ) ) ;
#1192 = ORIENTED_EDGE ( 'NONE', *, *, #1305, .T. ) ;
#1193 = CARTESIAN_POINT ( 'NONE',  ( -1.946571709222147728, -0.4612357597560789446, 1.489383607249633368 ) ) ;
#1194 = AXIS2_PLACEMENT_3D ( 'NONE', #1879, #1921, #688 ) ;
#1195 = CARTESIAN_POINT ( 'NONE',  ( 3.412500000000271871, 2.071244090717625053, -1.316005544564123220 ) ) ;
#1196 = CARTESIAN_POINT ( 'NONE',  ( 1.338300807568874262, -0.7726683315065827617, -0.08333333333333391157 ) ) ;
#1197 = CARTESIAN_POINT ( 'NONE',  ( -2.309401076758502480, -4.242300954899626673E-16, -2.037500000000000977 ) ) ;
#1198 = CARTESIAN_POINT ( 'NONE',  ( 1.711541558721918266, -4.677228654447910886E-15, -1.241541558721919403 ) ) ;
#1199 = CARTESIAN_POINT ( 'NONE',  ( -1.976160295274835166, -0.3168611717541679473, -0.6190572375185801057 ) ) ;
#1200 = CARTESIAN_POINT ( 'NONE',  ( -1.999999975315764011, 0.1801214770755730776, 0.7519923419962343258 ) ) ;
#1201 = CARTESIAN_POINT ( 'NONE',  ( 1.137768220248909889, -1.644959021045598213, -1.094670579747590411 ) ) ;
#1202 = ADVANCED_FACE ( 'NONE', ( #1334 ), #3036, .T. ) ;
#1203 = CARTESIAN_POINT ( 'NONE',  ( 3.500000000000000000, 0.000000000000000000, -1.600000000000000089 ) ) ;
#1204 = CIRCLE ( 'NONE', #2003, 3.500000000000000444 ) ;
#1205 = CARTESIAN_POINT ( 'NONE',  ( 3.497393489013599588, -1.954591201291856262, -1.307583103085734111 ) ) ;
#1206 = CARTESIAN_POINT ( 'NONE',  ( 1.749465323412315199, -0.9713109011884344390, 1.056023355772045313 ) ) ;
#1207 = ORIENTED_EDGE ( 'NONE', *, *, #1892, .T. ) ;
#1208 = CARTESIAN_POINT ( 'NONE',  ( -3.500000000000000444, 1.919689645055508320, -1.316005544564209595 ) ) ;
#1209 = CARTESIAN_POINT ( 'NONE',  ( -0.2554245216171531219, 1.983644993592926786, -1.499152278199555877 ) ) ;
#1210 = CARTESIAN_POINT ( 'NONE',  ( -1.338300807568873818, -0.7726683315065836499, 1.083333333333332593 ) ) ;
#1211 = CARTESIAN_POINT ( 'NONE',  ( -1.732050807568877859, 0.9999999999999985567, -2.795833333333334281 ) ) ;
#1212 = CARTESIAN_POINT ( 'NONE',  ( 1.154700538379252572, -1.999999999999999556, 0.9083333333333332149 ) ) ;
#1213 = CONICAL_SURFACE ( 'NONE', #52, 3.500000000000000000, 1.047197551196600074 ) ;
#1214 = CARTESIAN_POINT ( 'NONE',  ( -1.876140048707861663, -0.6929570889416861723, -0.5970792366978159293 ) ) ;
#1215 = DIRECTION ( 'NONE',  ( 0.000000000000000000, 0.000000000000000000, -1.000000000000000000 ) ) ;
#1216 = CARTESIAN_POINT ( 'NONE',  ( -2.315944816521615657, -2.704340521080307536, 1.600000000000002087 ) ) ;
#1217 = B_SPLINE_CURVE_WITH_KNOTS ( 'NONE', 3,
 ( #1475, #560, #2426, #979 ),
 .UNSPECIFIED., .F., .F.,
 ( 4, 4 ),
 ( 0.0001043164952616437436, 0.002044882221487526706 ),
 .UNSPECIFIED. ) ;
#1218 = ORIENTED_EDGE ( 'NONE', *, *, #189, .T. ) ;
#1219 = CARTESIAN_POINT ( 'NONE',  ( 0.3309213845559241807, 1.972432771285810071, -1.530000102779339732 ) ) ;
#1220 = DIRECTION ( 'NONE',  ( 1.000000000000000000, 0.000000000000000000, 0.000000000000000000 ) ) ;
#1221 = ORIENTED_EDGE ( 'NONE', *, *, #712, .T. ) ;
#1222 = LINE ( 'NONE', #1661, #1697 ) ;
#1223 = CARTESIAN_POINT ( 'NONE',  ( 1.999999999999999556, 2.905110965495596845E-16, -1.074999999999999956 ) ) ;
#1224 = CARTESIAN_POINT ( 'NONE',  ( -0.8922005383792489530, -1.545336663013166412, 1.841666666666665897 ) ) ;
#1225 = CARTESIAN_POINT ( 'NONE',  ( -1.338300807568873818, -0.7726683315065836499, 1.083333333333332593 ) ) ;
#1226 = CARTESIAN_POINT ( 'NONE',  ( -1.536296839761114752, -1.107106721024600393, -1.419883932096791312 ) ) ;
#1227 = DIRECTION ( 'NONE',  ( 1.000000000000000000, 0.000000000000000000, 0.000000000000000000 ) ) ;
#1228 = EDGE_CURVE ( 'NONE', #2569, #1087, #1044, .T. ) ;
#1229 = CARTESIAN_POINT ( 'NONE',  ( 1.665170214911296798, 1.107896729503627942, -0.2226404982517736220 ) ) ;
#1230 = CARTESIAN_POINT ( 'NONE',  ( -0.003119296751691575872, 4.015257520924429002, -1.302537939658001243 ) ) ;
#1231 = CARTESIAN_POINT ( 'NONE',  ( 0.08749999999998724076, -3.990933735773294355, 1.316005544564207153 ) ) ;
#1232 = CARTESIAN_POINT ( 'NONE',  ( 0.000000000000000000, 0.000000000000000000, 1.600000000000000089 ) ) ;
#1233 = CARTESIAN_POINT ( 'NONE',  ( -2.000000000000000000, -8.134310703387671364E-16, -0.7250000000000000888 ) ) ;
#1234 = EDGE_LOOP ( 'NONE', ( #1207, #436, #427, #1596 ) ) ;
#1235 = CARTESIAN_POINT ( 'NONE',  ( 0.03872807083702148323, 4.010040171771815487, 1.305420199740423337 ) ) ;
#1236 = CARTESIAN_POINT ( 'NONE',  ( -0.9569441444953068476, 1.757120412373055496, -1.457052650782800329 ) ) ;
#1237 = CARTESIAN_POINT ( 'NONE',  ( 1.086324783308018960, 1.680229797979076345, 1.223254451303413148 ) ) ;
#1238 = CARTESIAN_POINT ( 'NONE',  ( 1.154700538379251684, -1.999999999999999334, -2.504166666666667762 ) ) ;
#1239 = CARTESIAN_POINT ( 'NONE',  ( -1.544736526524094655, 0.2101991617458279504, -1.075336663013167993 ) ) ;
#1240 = ADVANCED_FACE ( 'NONE', ( #2761 ), #2744, .F. ) ;
#1241 = APPROVAL_STATUS ( 'not_yet_approved' ) ;
#1242 = LINE ( 'NONE', #120, #2356 ) ;
#1243 = CARTESIAN_POINT ( 'NONE',  ( -3.486917607418691389, 1.988403203603178682, -1.303253042212781487 ) ) ;
#1244 = CARTESIAN_POINT ( 'NONE',  ( 0.1167856530336296994, 1.997037786029081330, -0.1184640394785545781 ) ) ;
#1245 = DIRECTION ( 'NONE',  ( 1.000000000000000000, 0.000000000000000000, -0.000000000000000000 ) ) ;
#1246 = DIRECTION ( 'NONE',  ( -1.000000000000000000, 0.000000000000000000, 0.000000000000000000 ) ) ;
#1247 = CARTESIAN_POINT ( 'NONE',  ( -3.500000000000000888, 1.928100145237958918, 1.313670402287398842 ) ) ;
#1248 = CARTESIAN_POINT ( 'NONE',  ( 0.3589645852555293226, 3.834203584400558640, -1.403036564024058741 ) ) ;
#1249 = VERTEX_POINT ( 'NONE', #3037 ) ;
#1250 = CARTESIAN_POINT ( 'NONE',  ( -1.976179988324233916, -0.3121383015706355457, 1.480676823064332792 ) ) ;
#1251 = CARTESIAN_POINT ( 'NONE',  ( 1.892491597964125742E-16, -1.545336663013166190, -0.9000000000000005773 ) ) ;
#1252 = CARTESIAN_POINT ( 'NONE',  ( 1.999999999999921174, 3.978730580160669219E-07, 1.112506842289602726 ) ) ;
#1253 = CARTESIAN_POINT ( 'NONE',  ( 1.732050807568877193, -0.9999999999999993339, 0.3541666666666658525 ) ) ;
#1254 = DIRECTION ( 'NONE',  ( -0.000000000000000000, -0.000000000000000000, 1.000000000000000000 ) ) ;
#1255 = PERSON_AND_ORGANIZATION ( #1999, #1610 ) ;
#1256 = CARTESIAN_POINT ( 'NONE',  ( 0.8922005383792491751, 1.545336663013166190, -0.5208333333333341475 ) ) ;
#1257 = CARTESIAN_POINT ( 'NONE',  ( -1.691037399524553564, 0.9212471870903931048, 1.451885325780690961 ) ) ;
#1258 = CARTESIAN_POINT ( 'NONE',  ( -1.999910966833519987, -0.02169589329616342793, -0.6362347427871415384 ) ) ;
#1259 =( BOUNDED_SURFACE ( )  B_SPLINE_SURFACE ( 1, 2, ( 
 ( #1888, #165, #916, #2090, #1650, #2550, #1856, #2318, #2304, #667, #1606, #179, #1873, #150, #3046, #195, #2103, #885, #1398, #2591, #1623, #463, #418, #931, #2814, #1121, #2075, #1843, #1134, #2119, #2784, #213, #3062, #650, #3017, #1383, #681, #1357, #2831, #2332, #1637, #695, #402, #2578, #1105, #3031, #898, #1166, #2062, #2799, #637, #446, #2349, #3004, #2564, #870, #431, #1830, #1590, #1148, #2770, #2536, #1940, #2178, #1225, #1900, #1665, #255, #752, #228, #724, #269, #2149, #7, #535, #1708, #2859, #2843, #975, #2381, #1469, #710, #2608, #1427, #2883, #33, #475, #987, #1915, #769, #1183, #21, #736 ),
 ( #1003, #241, #1211, #2655, #962, #1440, #1456, #1238, #2134, #520, #2419, #2900, #1677, #1691, #2621, #1197, #489, #2393, #2871, #2165, #2637, #504, #1927, #2409, #282, #2191, #2365, #45, #1957, #1723, #3075, #2670, #948, #1069, #1286, #2267, #1755, #2502, #2223, #2483, #332, #2253, #314, #346, #1303, #1788, #2038, #801, #116, #297, #1085, #819, #130, #1738, #83, #2981, #1253, #100, #2950, #1054, #2238, #1020, #2451, #2746, #1973, #568, #1521, #849, #2207, #1803, #2024, #1771, #2915, #2717, #1485, #582, #550, #785, #67, #2467, #2967, #832, #2009, #2434, #2703, #365, #1036, #2733, #1538, #598, #1270, #1551, #1322 ) ),
 .UNSPECIFIED., .F., .F., .T. ) 
 B_SPLINE_SURFACE_WITH_KNOTS ( ( 2, 2 ),
 ( 3, 2, 2, 2, 2, 2, 2, 2, 2, 2, 2, 2, 2, 2, 2, 2, 2, 2, 2, 2, 2, 2, 2, 2, 2, 2, 2, 2, 2, 2, 2, 2, 2, 2, 2, 2, 2, 2, 2, 2, 2, 2, 2, 2, 2, 2, 3 ),
 ( 0.000000000000000000, 1.000000000000000000 ),
 ( 0.000000000000000000, 0.02083333333333333218, 0.04166666666666666435, 0.06250000000000000000, 0.08333333333333332871, 0.1041666666666666713, 0.1250000000000000000, 0.1458333333333333426, 0.1666666666666666574, 0.1875000000000000000, 0.2083333333333333426, 0.2291666666666666574, 0.2500000000000000000, 0.2708333333333333148, 0.2916666666666666852, 0.3125000000000000000, 0.3333333333333333148, 0.3541666666666666852, 0.3750000000000000000, 0.3958333333333333148, 0.4166666666666666852, 0.4375000000000000000, 0.4583333333333333148, 0.4791666666666666852, 0.5000000000000000000, 0.5208333333333333703, 0.5416666666666666297, 0.5625000000000000000, 0.5833333333333333703, 0.6041666666666666297, 0.6250000000000000000, 0.6458333333333333703, 0.6666666666666666297, 0.6875000000000000000, 0.7083333333333333703, 0.7291666666666666297, 0.7500000000000000000, 0.7708333333333333703, 0.7916666666666666297, 0.8125000000000000000, 0.8333333333333333703, 0.8541666666666666297, 0.8750000000000000000, 0.8958333333333333703, 0.9166666666666666297, 0.9375000000000000000, 0.9464624101908378773 ),
 .UNSPECIFIED. ) 
 GEOMETRIC_REPRESENTATION_ITEM ( )  RATIONAL_B_SPLINE_SURFACE ( (
 ( 1.000000000000000000, 0.8660254037844387076, 1.000000000000000000, 0.8660254037844387076, 1.000000000000000000, 0.8660254037844387076, 1.000000000000000000, 0.8660254037844387076, 1.000000000000000000, 0.8660254037844387076, 1.000000000000000000, 0.8660254037844387076, 1.000000000000000000, 0.8660254037844387076, 1.000000000000000000, 0.8660254037844387076, 1.000000000000000000, 0.8660254037844387076, 1.000000000000000000, 0.8660254037844387076, 1.000000000000000000, 0.8660254037844387076, 1.000000000000000000, 0.8660254037844387076, 1.000000000000000000, 0.8660254037844387076, 1.000000000000000000, 0.8660254037844387076, 1.000000000000000000, 0.8660254037844387076, 1.000000000000000000, 0.8660254037844387076, 1.000000000000000000, 0.8660254037844387076, 1.000000000000000000, 0.8660254037844387076, 1.000000000000000000, 0.8660254037844387076, 1.000000000000000000, 0.8660254037844387076, 1.000000000000000000, 0.8660254037844387076, 1.000000000000000000, 0.8660254037844387076, 1.000000000000000000, 0.8660254037844387076, 1.000000000000000000, 0.8660254037844387076, 1.000000000000000000, 0.8660254037844387076, 1.000000000000000000, 0.8660254037844387076, 1.000000000000000000, 0.8660254037844387076, 1.000000000000000000, 0.8660254037844387076, 1.000000000000000000, 0.8660254037844387076, 1.000000000000000000, 0.8660254037844387076, 1.000000000000000000, 0.8660254037844387076, 1.000000000000000000, 0.8660254037844387076, 1.000000000000000000, 0.8660254037844387076, 1.000000000000000000, 0.8660254037844387076, 1.000000000000000000, 0.8660254037844387076, 1.000000000000000000, 0.8660254037844387076, 1.000000000000000000, 0.8660254037844387076, 1.000000000000000000, 0.8660254037844387076, 1.000000000000000000, 0.8660254037844387076, 1.000000000000000000, 0.8660254037844387076, 1.000000000000000000, 0.8660254037844387076, 1.000000000000000000, 0.8660254037844387076, 1.000000000000000000, 0.8660254037844387076, 1.000000000000000000, 0.8660254037844387076, 1.000000000000000000, 0.8660254037844387076, 1.000000000000000000, 0.9423647062510847050, 0.9343183223307016672),
 ( 1.000000000000000000, 0.8660254037844387076, 1.000000000000000000, 0.8660254037844387076, 1.000000000000000000, 0.8660254037844387076, 1.000000000000000000, 0.8660254037844387076, 1.000000000000000000, 0.8660254037844387076, 1.000000000000000000, 0.8660254037844387076, 1.000000000000000000, 0.8660254037844387076, 1.000000000000000000, 0.8660254037844387076, 1.000000000000000000, 0.8660254037844387076, 1.000000000000000000, 0.8660254037844387076, 1.000000000000000000, 0.8660254037844387076, 1.000000000000000000, 0.8660254037844387076, 1.000000000000000000, 0.8660254037844387076, 1.000000000000000000, 0.8660254037844387076, 1.000000000000000000, 0.8660254037844387076, 1.000000000000000000, 0.8660254037844387076, 1.000000000000000000, 0.8660254037844387076, 1.000000000000000000, 0.8660254037844387076, 1.000000000000000000, 0.8660254037844387076, 1.000000000000000000, 0.8660254037844387076, 1.000000000000000000, 0.8660254037844387076, 1.000000000000000000, 0.8660254037844387076, 1.000000000000000000, 0.8660254037844387076, 1.000000000000000000, 0.8660254037844387076, 1.000000000000000000, 0.8660254037844387076, 1.000000000000000000, 0.8660254037844387076, 1.000000000000000000, 0.8660254037844387076, 1.000000000000000000, 0.8660254037844387076, 1.000000000000000000, 0.8660254037844387076, 1.000000000000000000, 0.8660254037844387076, 1.000000000000000000, 0.8660254037844387076, 1.000000000000000000, 0.8660254037844387076, 1.000000000000000000, 0.8660254037844387076, 1.000000000000000000, 0.8660254037844387076, 1.000000000000000000, 0.8660254037844387076, 1.000000000000000000, 0.8660254037844387076, 1.000000000000000000, 0.8660254037844387076, 1.000000000000000000, 0.8660254037844387076, 1.000000000000000000, 0.8660254037844387076, 1.000000000000000000, 0.8660254037844387076, 1.000000000000000000, 0.8660254037844387076, 1.000000000000000000, 0.8660254037844387076, 1.000000000000000000, 0.8660254037844387076, 1.000000000000000000, 0.8660254037844387076, 1.000000000000000000, 0.8660254037844387076, 1.000000000000000000, 0.9423647062510847050, 0.9343183223307016672) ) ) 
 REPRESENTATION_ITEM ( '' )  SURFACE ( )  );
#1260 = CARTESIAN_POINT ( 'NONE',  ( 1.688500287444204551, 1.072140806205882813, -0.2248587238941645583 ) ) ;
#1261 = CARTESIAN_POINT ( 'NONE',  ( 2.070000000000000284, 2.535018874235021689E-16, -1.600000000000000089 ) ) ;
#1262 = EDGE_CURVE ( 'NONE', #2810, #175, #907, .T. ) ;
#1263 = CARTESIAN_POINT ( 'NONE',  ( 1.970238764844453483, 0.3594896727635922828, 0.4332539286772215115 ) ) ;
#1264 = FACE_OUTER_BOUND ( 'NONE', #69, .T. ) ;
#1265 = CARTESIAN_POINT ( 'NONE',  ( 1.154700538379251240, 2.000000000000000000, 1.141666666666666385 ) ) ;
#1266 = ORIENTED_EDGE ( 'NONE', *, *, #2890, .T. ) ;
#1267 = CARTESIAN_POINT ( 'NONE',  ( 2.449293598294706414E-16, -2.000000000000000000, -1.250000000000000000 ) ) ;
#1268 = CARTESIAN_POINT ( 'NONE',  ( -0.8922005383792488420, -1.545336663013166412, 0.4416666666666658747 ) ) ;
#1269 = CARTESIAN_POINT ( 'NONE',  ( 1.997179979579025932, 0.1066608412619417523, 1.118721939040894009 ) ) ;
#1270 = CARTESIAN_POINT ( 'NONE',  ( 2.449293598294705921E-16, -1.999999999999999556, 2.337499999999999467 ) ) ;
#1271 = CARTESIAN_POINT ( 'NONE',  ( -1.545330228862154875, 0.004459351691380402868, -1.075336663013167771 ) ) ;
#1272 = ORIENTED_EDGE ( 'NONE', *, *, #993, .T. ) ;
#1273 = CALENDAR_DATE ( 2026, 1, 6 ) ;
#1274 = CARTESIAN_POINT ( 'NONE',  ( 1.154700538379252128, -1.999999999999999778, 1.608333333333333393 ) ) ;
#1275 = CARTESIAN_POINT ( 'NONE',  ( 0.5096363212471375359, 1.758652742621734433, 1.357022412522260968 ) ) ;
#1276 = CARTESIAN_POINT ( 'NONE',  ( 1.983357449390570570, -0.2579825704853715984, -0.3025469154788177906 ) ) ;
#1277 = CARTESIAN_POINT ( 'NONE',  ( -0.7587201781316512683, 1.852815373348241978, -0.06981380604338259521 ) ) ;
#1278 = CARTESIAN_POINT ( 'NONE',  ( 1.999999999998542943, -1.713574410093052201E-06, -0.9875293486849936464 ) ) ;
#1279 = CARTESIAN_POINT ( 'NONE',  ( 1.999999999996735278, -2.566652308386058273E-06, 0.4124560970471385923 ) ) ;
#1280 = CARTESIAN_POINT ( 'NONE',  ( -1.604047677274312633, 0.1728808759851121202, 1.134047677273424926 ) ) ;
#1281 = DIRECTION ( 'NONE',  ( -0.000000000000000000, 0.000000000000000000, -1.000000000000000000 ) ) ;
#1282 = ORIENTED_EDGE ( 'NONE', *, *, #839, .T. ) ;
#1283 = CARTESIAN_POINT ( 'NONE',  ( -4.898587196589412829E-16, 2.000000000000000000, -2.299999999999999822 ) ) ;
#1284 = CARTESIAN_POINT ( 'NONE',  ( 0.8922005383792491751, 1.545336663013166412, 0.7916666666666660745 ) ) ;
#1285 = CARTESIAN_POINT ( 'NONE',  ( 0.4344319154995022192, 1.952251878886413827, 1.264160652219639580 ) ) ;
#1286 = CARTESIAN_POINT ( 'NONE',  ( 1.732050807568876971, 1.000000000000000000, -0.9291666666666675845 ) ) ;
#1287 = CARTESIAN_POINT ( 'NONE',  ( 0.05113429922265615851, 1.633979434848123358, -1.133462570736198050 ) ) ;
#1288 = ORIENTED_EDGE ( 'NONE', *, *, #3080, .F. ) ;
#1289 = APPROVAL_DATE_TIME ( #1310, #203 ) ;
#1290 = CARTESIAN_POINT ( 'NONE',  ( -0.8922005383792501743, 1.545336663013165523, -1.104166666666667407 ) ) ;
#1291 = CARTESIAN_POINT ( 'NONE',  ( -1.957206714755449717, -3.433841161215795967E-14, 1.487206714755449966 ) ) ;
#1292 = CARTESIAN_POINT ( 'NONE',  ( 0.2301851944080333112, -1.986712259225486887, -0.4504952716983050554 ) ) ;
#1293 = CARTESIAN_POINT ( 'NONE',  ( -1.610658580777883708, 1.190021573050234815, -0.007533501293141378098 ) ) ;
#1294 = B_SPLINE_CURVE_WITH_KNOTS ( 'NONE', 3,
 ( #2429, #2001, #291, #762, #2926, #1716, #58, #2663, #529, #795, #813, #1247, #2200 ),
 .UNSPECIFIED., .F., .F.,
 ( 4, 3, 3, 3, 4 ),
 ( 2.112365313611909458E-16, 5.343974640665378421E-05, 0.0001070471692709579751, 0.0001587453692543040393, 0.0001846555834761960831 ),
 .UNSPECIFIED. ) ;
#1295 = CARTESIAN_POINT ( 'NONE',  ( 1.905054559566002892, 0.6089066803175009479, 0.4480193275049528800 ) ) ;
#1296 = CARTESIAN_POINT ( 'NONE',  ( 0.000000000000000000, 0.000000000000000000, -1.600000000000000089 ) ) ;
#1297 = CARTESIAN_POINT ( 'NONE',  ( 0.08749999999972470077, -3.990933735773445790, -1.316005544564122998 ) ) ;
#1298 = EDGE_CURVE ( 'NONE', #657, #702, #2044, .T. ) ;
#1299 = ORIENTED_EDGE ( 'NONE', *, *, #686, .F. ) ;
#1300 = FACE_OUTER_BOUND ( 'NONE', #1388, .T. ) ;
#1301 = CARTESIAN_POINT ( 'NONE',  ( 0.000000000000000000, 0.000000000000000000, 1.600000000000000089 ) ) ;
#1302 = CARTESIAN_POINT ( 'NONE',  ( 0.4354528769044292424, 1.952019842061106569, 1.264101587589533171 ) ) ;
#1303 = CARTESIAN_POINT ( 'NONE',  ( 1.732050807568877193, -0.9999999999999993339, -0.3458333333333342696 ) ) ;
#1304 = CARTESIAN_POINT ( 'NONE',  ( -3.441422378839097629, -2.051536007870136125, -1.307583103085732112 ) ) ;
#1305 = EDGE_CURVE ( 'NONE', #1178, #1318, #1077, .T. ) ;
#1306 = VECTOR ( 'NONE', #1418, 1000.000000000000000 ) ;
#1307 = VERTEX_POINT ( 'NONE', #658 ) ;
#1308 = CC_DESIGN_PERSON_AND_ORGANIZATION_ASSIGNMENT ( #523, #2012, ( #2853 ) ) ;
#1309 = AXIS2_PLACEMENT_3D ( 'NONE', #378, #2068, #2966 ) ;
#1310 = DATE_AND_TIME ( #771, #2301 ) ;
#1311 = CARTESIAN_POINT ( 'NONE',  ( 0.8677875970732391586, -1.801928046944675676, 2.999616121373125832 ) ) ;
#1312 = CARTESIAN_POINT ( 'NONE',  ( 1.867279580523635518, -0.7277368052863730785, 0.3702688271795079311 ) ) ;
#1313 = CARTESIAN_POINT ( 'NONE',  ( 1.997892902299530427, -0.1096570204555254863, -0.2939120472303132781 ) ) ;
#1314 = APPROVAL_PERSON_ORGANIZATION ( #2470, #1451, #2241 ) ;
#1315 = FACE_OUTER_BOUND ( 'NONE', #2759, .T. ) ;
#1316 = CARTESIAN_POINT ( 'NONE',  ( 0.02145111642262816434, -4.013960830729427443, -1.303253042212783042 ) ) ;
#1317 = CARTESIAN_POINT ( 'NONE',  ( -1.168192517863509750, 1.623368793961406986, -1.530000000000000027 ) ) ;
#1318 = VERTEX_POINT ( 'NONE', #496 ) ;
#1319 = CARTESIAN_POINT ( 'NONE',  ( 2.449293598294706414E-16, -2.000000000000000000, -1.950000000000000178 ) ) ;
#1320 = CARTESIAN_POINT ( 'NONE',  ( -1.546532007316022472, -0.4120013138234982497, -1.043895567486018638 ) ) ;
#1321 = CARTESIAN_POINT ( 'NONE',  ( -1.999999999999999112, 4.087383864883394163E-08, 1.462499793687516814 ) ) ;
#1322 = CARTESIAN_POINT ( 'NONE',  ( 0.8678011006669729133, -1.801921543708601359, 2.387116993227397010 ) ) ;
#1323 = CARTESIAN_POINT ( 'NONE',  ( 0.3047242920350730633, -1.976652117435107492, 0.2535592733512783692 ) ) ;
#1324 = ORIENTED_EDGE ( 'NONE', *, *, #743, .T. ) ;
#1325 = CARTESIAN_POINT ( 'NONE',  ( 1.892491597964125742E-16, -1.545336663013166190, -0.8125000000000006661 ) ) ;
#1326 = CARTESIAN_POINT ( 'NONE',  ( -0.8922005383792501743, 1.545336663013165523, -1.191666666666667318 ) ) ;
#1327 = CARTESIAN_POINT ( 'NONE',  ( -0.005367547906945811277, -2.001707202042317224, -0.4626078176794304886 ) ) ;
#1328 = EDGE_CURVE ( 'NONE', #2279, #1834, #1963, .T. ) ;
#1329 = CARTESIAN_POINT ( 'NONE',  ( 1.639774169760735756, 1.146930953953046339, 0.4797900535949272127 ) ) ;
#1330 = CARTESIAN_POINT ( 'NONE',  ( 1.892491597964125742E-16, -1.545336663013166190, -0.1124999999999982542 ) ) ;
#1331 = CARTESIAN_POINT ( 'NONE',  ( -1.628236941222845902, -1.161424382216106332, -1.269216656790198350 ) ) ;
#1332 = ORIENTED_EDGE ( 'NONE', *, *, #2906, .F. ) ;
#1333 = CARTESIAN_POINT ( 'NONE',  ( -1.732050807568876971, -1.000000000000000888, -1.366666666666666696 ) ) ;
#1334 = FACE_OUTER_BOUND ( 'NONE', #1911, .T. ) ;
#1335 = CARTESIAN_POINT ( 'NONE',  ( -1.733070263557418444, -1.006458147415992377, 0.8213091806763567204 ) ) ;
#1336 = CARTESIAN_POINT ( 'NONE',  ( -1.784401076758498794, -3.277891600571078112E-16, -0.9875000000000005995 ) ) ;
#1337 = CARTESIAN_POINT ( 'NONE',  ( 1.069672726072106173, -1.690122260840902557, 0.3005773384935319648 ) ) ;
#1338 = ORIENTED_EDGE ( 'NONE', *, *, #2348, .F. ) ;
#1339 = CARTESIAN_POINT ( 'NONE',  ( -0.8922005383792501743, 1.545336663013165523, 0.9958333333333326820 ) ) ;
#1340 = CARTESIAN_POINT ( 'NONE',  ( 0.6705224285319264510, -1.392287712683091927, 2.737116993227397987 ) ) ;
#1341 = CARTESIAN_POINT ( 'NONE',  ( 0.2288473751823792424, -1.986879481960488469, -0.4505639133043317646 ) ) ;
#1342 = CARTESIAN_POINT ( 'NONE',  ( 1.899470218062607518, 0.6264420033427147150, -0.9509885459812686959 ) ) ;
#1343 = EDGE_CURVE ( 'NONE', #834, #546, #477, .T. ) ;
#1344 = B_SPLINE_CURVE_WITH_KNOTS ( 'NONE', 3,
 ( #2588, #210, #459, #1162 ),
 .UNSPECIFIED., .F., .F.,
 ( 4, 4 ),
 ( 0.0001043164952619557228, 0.002044882221487528007 ),
 .UNSPECIFIED. ) ;
#1345 = CARTESIAN_POINT ( 'NONE',  ( -0.7326168026986638049, 1.861379757725445172, 0.6285723301116060702 ) ) ;
#1346 = CARTESIAN_POINT ( 'NONE',  ( -1.999562443868064587, -0.04318444318015195876, -1.334982287000569645 ) ) ;
#1347 = ORIENTED_EDGE ( 'NONE', *, *, #2177, .T. ) ;
#1348 = CARTESIAN_POINT ( 'NONE',  ( -1.154700538379252794, 1.999999999999999334, 1.258333333333333304 ) ) ;
#1349 = CARTESIAN_POINT ( 'NONE',  ( 3.499999999999998668, 1.919689645055505656, -1.316005544564211149 ) ) ;
#1350 = CARTESIAN_POINT ( 'NONE',  ( -0.5501306228364178930, -1.928521237322359472, 0.9075256282097150518 ) ) ;
#1351 = CARTESIAN_POINT ( 'NONE',  ( 3.433559492993488949, 2.056947928889293120, 1.309855574092557706 ) ) ;
#1352 = CARTESIAN_POINT ( 'NONE',  ( -1.916724080193110247, -0.5866663735428515603, 0.09663615501854146139 ) ) ;
#1353 = VERTEX_POINT ( 'NONE', #981 ) ;
#1354 = DIRECTION ( 'NONE',  ( 0.000000000000000000, 0.000000000000000000, 1.000000000000000000 ) ) ;
#1355 = CARTESIAN_POINT ( 'NONE',  ( 1.338300807568874262, -0.7726683315065827617, 2.104166666666666519 ) ) ;
#1356 = CARTESIAN_POINT ( 'NONE',  ( -1.784401076758498794, -3.277891600571078112E-16, 2.512499999999998845 ) ) ;
#1357 = CARTESIAN_POINT ( 'NONE',  ( -0.8922005383792501743, 1.545336663013165523, -0.4916666666666671404 ) ) ;
#1358 = CARTESIAN_POINT ( 'NONE',  ( 0.2095791515185096154, 1.989004951435904722, -0.8234082602605734547 ) ) ;
#1359 = VECTOR ( 'NONE', #1215, 1000.000000000000000 ) ;
#1360 = CARTESIAN_POINT ( 'NONE',  ( -1.494040853042730710, 1.330643177462617954, 0.6824614216178586101 ) ) ;
#1361 = CARTESIAN_POINT ( 'NONE',  ( -1.440453456413559374, -1.388980892111547627, -1.253153383317311187 ) ) ;
#1362 = ORIENTED_EDGE ( 'NONE', *, *, #1817, .F. ) ;
#1363 = CARTESIAN_POINT ( 'NONE',  ( 3.465466490996057303, 2.025557627126249649, -1.303253042212783264 ) ) ;
#1364 = CARTESIAN_POINT ( 'NONE',  ( -0.4254645283063869243, -1.957135126553056770, 0.9146875909798540816 ) ) ;
#1365 = CARTESIAN_POINT ( 'NONE',  ( -1.338300807568874706, 0.7726683315065820956, -2.445833333333333748 ) ) ;
#1366 = CARTESIAN_POINT ( 'NONE',  ( -1.612918915197536718, -1.182681452623082219, 0.1322302864715911852 ) ) ;
#1367 = VERTEX_POINT ( 'NONE', #2877 ) ;
#1368 = CARTESIAN_POINT ( 'NONE',  ( -3.500000000000000444, -1.919689645055576710, -1.316005544564190721 ) ) ;
#1369 = CARTESIAN_POINT ( 'NONE',  ( -1.784401076758498794, -3.277891600571078112E-16, 1.812499999999999334 ) ) ;
#1370 = CARTESIAN_POINT ( 'NONE',  ( 0.8922005383792491751, 1.545336663013166190, -2.008333333333333748 ) ) ;
#1371 = CARTESIAN_POINT ( 'NONE',  ( -1.090326991092864573, 1.676691879738581470, -0.7479890102476745017 ) ) ;
#1372 = CARTESIAN_POINT ( 'NONE',  ( -1.559681840263865471, 1.251956542901503822, 0.6881101976654908636 ) ) ;
#1373 = CARTESIAN_POINT ( 'NONE',  ( -1.154700538379252572, 1.999999999999999334, -0.1416666666666666630 ) ) ;
#1374 = EDGE_LOOP ( 'NONE', ( #1065, #2714, #1461, #1863, #3042, #495 ) ) ;
#1375 = CARTESIAN_POINT ( 'NONE',  ( 3.495699004035530244, 1.961785612706949067, -1.306403518167265965 ) ) ;
#1376 = CARTESIAN_POINT ( 'NONE',  ( -2.315944816521707139, -2.704340521080254689, -1.600000000000002087 ) ) ;
#1377 = CARTESIAN_POINT ( 'NONE',  ( 1.338300807568874262, -0.7726683315065827617, -2.095833333333334103 ) ) ;
#1378 = CARTESIAN_POINT ( 'NONE',  ( 0.2876505410075232416, -1.979210043928891327, 0.2526559847435370099 ) ) ;
#1379 = ORIENTED_EDGE ( 'NONE', *, *, #1400, .T. ) ;
#1380 = CARTESIAN_POINT ( 'NONE',  ( 0.000000000000000000, 0.000000000000000000, -1.530000000000000027 ) ) ;
#1381 = CARTESIAN_POINT ( 'NONE',  ( -0.8922005383792489530, -1.545336663013166412, 1.229166666666666075 ) ) ;
#1382 = CARTESIAN_POINT ( 'NONE',  ( -1.338300807568873818, -0.7726683315065836499, 1.170833333333332504 ) ) ;
#1383 = CARTESIAN_POINT ( 'NONE',  ( 0.8922005383792491751, 1.545336663013166190, -0.6083333333333339477 ) ) ;
#1384 = CARTESIAN_POINT ( 'NONE',  ( -0.3592874409303175587, 1.968803572059534490, -0.7935326795945455425 ) ) ;
#1385 = FACE_OUTER_BOUND ( 'NONE', #2446, .T. ) ;
#1386 = CARTESIAN_POINT ( 'NONE',  ( -1.941490992353359424, 0.4807592305900008078, 0.7344558163536336615 ) ) ;
#1387 = CARTESIAN_POINT ( 'NONE',  ( 0.1852717094675810916, -1.991461691094081665, -1.152770937699685305 ) ) ;
#1388 = EDGE_LOOP ( 'NONE', ( #815, #821, #3, #327, #1347, #943, #146, #1282, #398, #2867, #1517, #2026, #1975, #2071, #102, #392 ) ) ;
#1389 = CARTESIAN_POINT ( 'NONE',  ( -0.3589645852638995716, -3.834203584395726505, 1.403036564026340915 ) ) ;
#1390 = CARTESIAN_POINT ( 'NONE',  ( 0.4886102628624001132, -1.941466896827282351, 0.9638692334659088035 ) ) ;
#1391 = DIRECTION ( 'NONE',  ( -0.7071067811865487940, 8.659560562354948882E-17, 0.7071067811865463515 ) ) ;
#1392 = CARTESIAN_POINT ( 'NONE',  ( 1.707811972062457162, -1.040885338714398589, 0.3517513036030247009 ) ) ;
#1393 = ADVANCED_FACE ( 'NONE', ( #2402 ), #2127, .F. ) ;
#1394 = ORIENTED_EDGE ( 'NONE', *, *, #553, .F. ) ;
#1395 = DIRECTION ( 'NONE',  ( 1.000000000000000000, 0.000000000000000000, 0.000000000000000000 ) ) ;
#1396 = CARTESIAN_POINT ( 'NONE',  ( -0.8922005383792489530, -1.545336663013166412, -0.1708333333333340309 ) ) ;
#1397 = CARTESIAN_POINT ( 'NONE',  ( 1.784401076758498794, 1.092630533523692910E-16, 2.074999999999999734 ) ) ;
#1398 = CARTESIAN_POINT ( 'NONE',  ( 1.892491597964125742E-16, -1.545336663013166190, -1.600000000000000533 ) ) ;
#1399 = CARTESIAN_POINT ( 'NONE',  ( 0.5144028895952653668, 1.933846714452990501, -0.8402948121211881727 ) ) ;
#1400 = EDGE_CURVE ( 'NONE', #2143, #2361, #62, .T. ) ;
#1401 = CARTESIAN_POINT ( 'NONE',  ( -1.784401076758499460, -3.277891600571079098E-16, -0.9874999999999983791 ) ) ;
#1402 = CONICAL_SURFACE ( 'NONE', #407, 2.070000000000000284, 0.7853981633974500554 ) ;
#1403 = CARTESIAN_POINT ( 'NONE',  ( -2.000000000000000000, 0.000000000000000000, 7.256854249492381115 ) ) ;
#1404 = AXIS2_PLACEMENT_3D ( 'NONE', #1516, #2461, #1220 ) ;
#1405 = AXIS2_PLACEMENT_3D ( 'NONE', #1189, #2630, #744 ) ;
#1406 = CARTESIAN_POINT ( 'NONE',  ( 3.490677620286967819, -1.978616971228795096, 1.304158023556844181 ) ) ;
#1407 = CARTESIAN_POINT ( 'NONE',  ( -1.247124991411048045, 1.230656084577782527, -1.277378695607011450 ) ) ;
#1408 = CARTESIAN_POINT ( 'NONE',  ( 0.4151061202159647689, -1.957383062342489710, 0.9596490691281994723 ) ) ;
#1409 = CARTESIAN_POINT ( 'NONE',  ( 0.8922005383792498412, -1.545336663013165523, 0.6458333333333327042 ) ) ;
#1410 = VERTEX_POINT ( 'NONE', #15 ) ;
#1411 = CARTESIAN_POINT ( 'NONE',  ( -1.940724202723338676, -0.4053920848913232788, 1.502434272183639674 ) ) ;
#1412 = AXIS2_PLACEMENT_3D ( 'NONE', #1746, #510, #1730 ) ;
#1413 = CARTESIAN_POINT ( 'NONE',  ( -0.2410661294932176513, 1.985418795532312375, -1.499894581616632250 ) ) ;
#1414 = CARTESIAN_POINT ( 'NONE',  ( -0.8922005383792501743, 1.545336663013165523, 1.608333333333332948 ) ) ;
#1415 = FACE_OUTER_BOUND ( 'NONE', #1138, .T. ) ;
#1416 = CARTESIAN_POINT ( 'NONE',  ( -1.460516978259730481, -1.198553936962281075, -1.415587058646551544 ) ) ;
#1417 = CARTESIAN_POINT ( 'NONE',  ( 1.892491597964125742E-16, -1.545336663013166190, 0.5875000000000016875 ) ) ;
#1418 = DIRECTION ( 'NONE',  ( 0.000000000000000000, 0.000000000000000000, -1.000000000000000000 ) ) ;
#1419 = CARTESIAN_POINT ( 'NONE',  ( 1.589808008618352142, -1.217999000702875811, -1.059421066352093099 ) ) ;
#1420 = CARTESIAN_POINT ( 'NONE',  ( 3.499389467006009724, -1.936614408659232511, 1.311603594999100064 ) ) ;
#1421 = DIRECTION ( 'NONE',  ( 1.000000000000000000, 0.000000000000000000, 0.000000000000000000 ) ) ;
#1422 = DIRECTION ( 'NONE',  ( 0.000000000000000000, 0.000000000000000000, -1.000000000000000000 ) ) ;
#1423 = EDGE_LOOP ( 'NONE', ( #2945, #2486, #2453, #662 ) ) ;
#1424 = CARTESIAN_POINT ( 'NONE',  ( 0.07263556844846470739, 3.999515719330918984, 1.311240036647952856 ) ) ;
#1425 = CARTESIAN_POINT ( 'NONE',  ( -0.2377350634434515775, 1.985821439863527660, -1.500065576956603364 ) ) ;
#1426 = CARTESIAN_POINT ( 'NONE',  ( -1.338300807568873818, -0.7726683315065836499, 2.483333333333332948 ) ) ;
#1427 = CARTESIAN_POINT ( 'NONE',  ( 0.8922005383792491751, 1.545336663013166190, 2.191666666666666430 ) ) ;
#1428 = CARTESIAN_POINT ( 'NONE',  ( -1.805023527489888036, 0.8634928003776501937, -0.6876493572365649509 ) ) ;
#1429 = CARTESIAN_POINT ( 'NONE',  ( -1.757247761008966069, -0.9559585494445244080, -0.5818518389944886682 ) ) ;
#1430 = EDGE_CURVE ( 'NONE', #1757, #2057, #1204, .T. ) ;
#1431 = CARTESIAN_POINT ( 'NONE',  ( -2.000000000000000000, 0.000000000000000000, 7.256854249492381115 ) ) ;
#1432 = CARTESIAN_POINT ( 'NONE',  ( 1.088593750025581786, -1.677994131426366220, -1.098115188829039690 ) ) ;
#1433 = CARTESIAN_POINT ( 'NONE',  ( 0.06458941418358457587, -4.002023710782059318, 1.309855574092649411 ) ) ;
#1434 = CARTESIAN_POINT ( 'NONE',  ( 2.070000000000000284, 0.000000000000000000, 1.600000000000000089 ) ) ;
#1435 = CARTESIAN_POINT ( 'NONE',  ( 0.1472522202495525345, -1.995589741633901681, 0.9452606023376614042 ) ) ;
#1436 = ORIENTED_EDGE ( 'NONE', *, *, #553, .T. ) ;
#1437 = CARTESIAN_POINT ( 'NONE',  ( 1.732050807568877415, -0.9999999999999995559, -0.4333333333333335147 ) ) ;
#1438 = CARTESIAN_POINT ( 'NONE',  ( -3.412500000000011191, -2.071244090717775599, 1.316005544564206931 ) ) ;
#1439 = CARTESIAN_POINT ( 'NONE',  ( -3.784983195928251484E-16, 1.545336663013166190, 1.549999999999999600 ) ) ;
#1440 = CARTESIAN_POINT ( 'NONE',  ( -1.154700538379250352, -2.000000000000000000, -2.620833333333334458 ) ) ;
#1441 = DIRECTION ( 'NONE',  ( -0.000000000000000000, -0.000000000000000000, 1.000000000000000000 ) ) ;
#1442 = B_SPLINE_CURVE_WITH_KNOTS ( 'NONE', 3,
 ( #1219, #730, #955, #1157, #2375, #454, #262, #2583, #235, #1685, #1407, #2851, #968, #2171, #1190, #2111, #2387, #3054 ),
 .UNSPECIFIED., .F., .F.,
 ( 4, 2, 2, 2, 2, 2, 2, 2, 4 ),
 ( 0.000000000000000000, 0.0003917011504007491965, 0.0007834023008014983930, 0.001175103451202247698, 0.001566804601602996786, 0.001958505752003745874, 0.002350206902404495396, 0.002741908052805244484, 0.003133609203205993572 ),
 .UNSPECIFIED. ) ;
#1443 = CC_DESIGN_PERSON_AND_ORGANIZATION_ASSIGNMENT ( #1775, #989, ( #1492 ) ) ;
#1444 = CARTESIAN_POINT ( 'NONE',  ( -2.000000000000000000, 0.5358983848622443924, 0.6437392608830356799 ) ) ;
#1445 = CARTESIAN_POINT ( 'NONE',  ( 1.999999999999921174, 3.978730580160669219E-07, 1.112506842289602726 ) ) ;
#1446 = CARTESIAN_POINT ( 'NONE',  ( 1.999999999998542943, -1.713574410093052201E-06, -0.9875293486849936464 ) ) ;
#1447 = CONICAL_SURFACE ( 'NONE', #2298, 3.500000000000000000, 1.047197551196600074 ) ;
#1448 = ORIENTED_EDGE ( 'NONE', *, *, #652, .T. ) ;
#1449 = CARTESIAN_POINT ( 'NONE',  ( -0.08750000000080904172, -3.990933735772822288, 1.316005544564469387 ) ) ;
#1450 = CARTESIAN_POINT ( 'NONE',  ( 0.5959277082078698884, -1.909285801777271363, 0.9702483455766118814 ) ) ;
#1451 = APPROVAL ( #1741, 'UNSPECIFIED' ) ;
#1452 = ORIENTED_EDGE ( 'NONE', *, *, #252, .T. ) ;
#1453 = EDGE_CURVE ( 'NONE', #2805, #2896, #1442, .T. ) ;
#1454 = CARTESIAN_POINT ( 'NONE',  ( -3.492160694368836804, -1.971480592702063550, 1.305420199740349618 ) ) ;
#1455 = CARTESIAN_POINT ( 'NONE',  ( 1.892491597964125742E-16, -1.545336663013166190, 1.199999999999999512 ) ) ;
#1456 = CARTESIAN_POINT ( 'NONE',  ( 2.449293598294705921E-16, -1.999999999999999556, -2.562500000000000888 ) ) ;
#1457 = CARTESIAN_POINT ( 'NONE',  ( -0.3268026904980790293, -1.820712118547243019, -1.364212554231664098 ) ) ;
#1458 = CARTESIAN_POINT ( 'NONE',  ( -3.433559492993490725, 2.056947928889295785, -1.309855574092556152 ) ) ;
#1459 = CARTESIAN_POINT ( 'NONE',  ( 0.5823423599372528070, 1.914104006764003163, -0.1443062034605703536 ) ) ;
#1460 = CARTESIAN_POINT ( 'NONE',  ( 1.973242705983550671, 0.3469512834296203940, -0.9674597109524198935 ) ) ;
#1461 = ORIENTED_EDGE ( 'NONE', *, *, #2334, .T. ) ;
#1462 = CARTESIAN_POINT ( 'NONE',  ( 3.324999999999998845, -1.919689645055506544, 1.600000000000000089 ) ) ;
#1463 = CARTESIAN_POINT ( 'NONE',  ( 1.154700538379251240, 2.000000000000000000, -0.9583333333333332593 ) ) ;
#1464 = EDGE_CURVE ( 'NONE', #2735, #2789, #483, .T. ) ;
#1465 = VERTEX_POINT ( 'NONE', #2141 ) ;
#1466 = CARTESIAN_POINT ( 'NONE',  ( 1.154700538379252572, -1.999999999999999556, -0.4916666666666667518 ) ) ;
#1467 = CARTESIAN_POINT ( 'NONE',  ( -1.633266062414831410, -8.405793323113235528E-12, 1.163266062414832547 ) ) ;
#1468 = CARTESIAN_POINT ( 'NONE',  ( 0.6705224285319264510, -1.392287712683091927, 2.649616993227398520 ) ) ;
#1469 = CARTESIAN_POINT ( 'NONE',  ( 1.338300807568874262, -0.7726683315065827617, 2.016666666666666607 ) ) ;
#1470 = CARTESIAN_POINT ( 'NONE',  ( 3.499999999999998668, 0.000000000000000000, 1.600000000000000089 ) ) ;
#1471 = DATE_AND_TIME ( #2193, #905 ) ;
#1472 = CARTESIAN_POINT ( 'NONE',  ( 3.141035414744470788, -2.227974242090512202, -1.403036564024058519 ) ) ;
#1473 = CARTESIAN_POINT ( 'NONE',  ( -0.08021629318403596109, -3.995138985864249204, -1.313670402287546723 ) ) ;
#1474 = CARTESIAN_POINT ( 'NONE',  ( 1.553658810419351166, 1.261065646855101363, -0.2125366321977130157 ) ) ;
#1475 = CARTESIAN_POINT ( 'NONE',  ( -0.08749999999972607467, 3.990933735773446678, -1.316005544564122554 ) ) ;
#1476 = B_SPLINE_CURVE_WITH_KNOTS ( 'NONE', 3,
 ( #1014, #1748, #2908, #1967, #778, #1732 ),
 .UNSPECIFIED., .F., .F.,
 ( 4, 2, 4 ),
 ( 0.002044882221487526706, 0.003011415531601588629, 0.003977948841715650552 ),
 .UNSPECIFIED. ) ;
#1477 = FACE_OUTER_BOUND ( 'NONE', #646, .T. ) ;
#1478 = CYLINDRICAL_SURFACE ( 'NONE', #2891, 0.1749999999999998224 ) ;
#1479 = DIRECTION ( 'NONE',  ( -0.000000000000000000, -0.000000000000000000, -1.000000000000000000 ) ) ;
#1480 = EDGE_LOOP ( 'NONE', ( #2130, #1555, #787, #1923 ) ) ;
#1481 = CARTESIAN_POINT ( 'NONE',  ( -1.999999999999999112, 4.087383864883394163E-08, 1.462499793687516814 ) ) ;
#1482 = CARTESIAN_POINT ( 'NONE',  ( 3.141035414736101039, -2.227974242095345669, 1.403036564026341138 ) ) ;
#1483 = CARTESIAN_POINT ( 'NONE',  ( 1.992627085857161973, 0.1777451926069700816, 1.122866498974011140 ) ) ;
#1484 = ADVANCED_FACE ( 'NONE', ( #923 ), #492, .T. ) ;
#1485 = CARTESIAN_POINT ( 'NONE',  ( -1.732050807568877859, 0.9999999999999985567, 1.404166666666665453 ) ) ;
#1486 = CARTESIAN_POINT ( 'NONE',  ( 1.212167550097842383, 1.143551587788652180, -1.188918494695146988 ) ) ;
#1487 = EDGE_CURVE ( 'NONE', #828, #2173, #1929, .T. ) ;
#1488 = COORDINATED_UNIVERSAL_TIME_OFFSET ( 6, 0, .BEHIND. ) ;
#1489 = CARTESIAN_POINT ( 'NONE',  ( 1.784401076758498794, 1.092630533523692910E-16, -0.6375000000000007327 ) ) ;
#1490 = DIRECTION ( 'NONE',  ( -1.000000000000000000, 0.000000000000000000, 0.000000000000000000 ) ) ;
#1491 = FACE_OUTER_BOUND ( 'NONE', #641, .T. ) ;
#1492 = PRODUCT_DEFINITION ( 'UNKNOWN', '', #2202, #1116 ) ;
#1493 = CARTESIAN_POINT ( 'NONE',  ( -1.806872132406942111, 0.8596867892446584669, 0.01260616667293214081 ) ) ;
#1494 = EDGE_CURVE ( 'NONE', #1734, #2836, #1063, .T. ) ;
#1495 = CARTESIAN_POINT ( 'NONE',  ( 0.01464738939296727528, 4.013765224130848353, -1.303362079174958721 ) ) ;
#1496 = CARTESIAN_POINT ( 'NONE',  ( -1.750000000000001110, -3.031088913245534755, -1.600000000000000089 ) ) ;
#1497 = CARTESIAN_POINT ( 'NONE',  ( -1.481580887416920955, -0.4540062176979331454, 1.075336663013167549 ) ) ;
#1498 = CARTESIAN_POINT ( 'NONE',  ( -3.141035414744472121, 2.227974242090514867, -1.403036564024057853 ) ) ;
#1499 = ORIENTED_EDGE ( 'NONE', *, *, #3050, .F. ) ;
#1500 = CIRCLE ( 'NONE', #954, 3.500000000000000444 ) ;
#1501 = CARTESIAN_POINT ( 'NONE',  ( -1.638740373466071265, -1.146535099105083777, 1.529810172855593509 ) ) ;
#1502 = CARTESIAN_POINT ( 'NONE',  ( -1.999999999999999556, -0.5358983848622460577, -1.393739260883036124 ) ) ;
#1503 = CARTESIAN_POINT ( 'NONE',  ( 1.808310487963498581, 0.8548376664360429755, 1.162353179423653904 ) ) ;
#1504 = CARTESIAN_POINT ( 'NONE',  ( 3.499999999999998668, 1.936853612170585048, 1.311240036642120632 ) ) ;
#1505 = CARTESIAN_POINT ( 'NONE',  ( -0.9696981790308564220, 1.223362680281023351, -1.082784712884884204 ) ) ;
#1506 = CC_DESIGN_APPROVAL ( #526, ( #1006 ) ) ;
#1507 = EDGE_LOOP ( 'NONE', ( #1852, #2742, #1039, #29 ) ) ;
#1508 = PERSON_AND_ORGANIZATION ( #1999, #1610 ) ;
#1509 = CARTESIAN_POINT ( 'NONE',  ( -2.309401076758502924, -4.242300954899627659E-16, 2.774999999999999911 ) ) ;
#1510 = CYLINDRICAL_SURFACE ( 'NONE', #1010, 2.000000000000000000 ) ;
#1511 = CARTESIAN_POINT ( 'NONE',  ( -1.690108368039938691, -1.069385890072209522, -0.5750240703728413116 ) ) ;
#1512 = CARTESIAN_POINT ( 'NONE',  ( 1.796440440371378955, 0.8977895088380892785, -0.2354487214118155258 ) ) ;
#1513 = CARTESIAN_POINT ( 'NONE',  ( -1.750000000000001110, -3.031088913245534755, 1.600000000000000089 ) ) ;
#1514 = DIRECTION ( 'NONE',  ( 0.8660254037844384856, -0.5000000000000003331, 0.000000000000000000 ) ) ;
#1515 = CARTESIAN_POINT ( 'NONE',  ( -1.394099894608654022, -0.6667464929827578990, 1.075336663013167771 ) ) ;
#1516 = CARTESIAN_POINT ( 'NONE',  ( 0.000000000000000000, 0.000000000000000000, 1.600000000000000089 ) ) ;
#1517 = ORIENTED_EDGE ( 'NONE', *, *, #1817, .T. ) ;
#1518 = CARTESIAN_POINT ( 'NONE',  ( 1.154700538379252128, -1.999999999999999778, -0.4916666666666666963 ) ) ;
#1519 = CARTESIAN_POINT ( 'NONE',  ( 1.338300807568874040, 0.7726683315065832058, 0.7333333333333326154 ) ) ;
#1520 = CARTESIAN_POINT ( 'NONE',  ( 0.8198081444783442695, 1.835576583464489708, 1.241078611529248032 ) ) ;
#1521 = CARTESIAN_POINT ( 'NONE',  ( 2.449293598294705921E-16, -1.999999999999999556, 0.9374999999999991118 ) ) ;
#1522 = CARTESIAN_POINT ( 'NONE',  ( -3.412499999999194067, 2.071244090718251218, 1.316005544564467611 ) ) ;
#1523 = B_SPLINE_CURVE_WITH_KNOTS ( 'NONE', 3,
 ( #2416, #1424, #266, #1235, #1688, #278, #1954, #2634, #1720, #733, #2144, #2897, #532 ),
 .UNSPECIFIED., .F., .F.,
 ( 4, 3, 3, 3, 4 ),
 ( 2.113508089129896579E-16, 5.343974640665576965E-05, 0.0001070471692709612548, 0.0001587453692543090808, 0.0001846555834761831269 ),
 .UNSPECIFIED. ) ;
#1524 = VERTEX_POINT ( 'NONE', #513 ) ;
#1525 = PERSON_AND_ORGANIZATION_ROLE ( 'design_supplier' ) ;
#1526 = CARTESIAN_POINT ( 'NONE',  ( -0.8922005383792501743, 1.545336663013165523, -2.504166666666667762 ) ) ;
#1527 = CARTESIAN_POINT ( 'NONE',  ( -1.893359655708012790, 0.4820194220182991152, 1.468856674844677190 ) ) ;
#1528 = CARTESIAN_POINT ( 'NONE',  ( 1.102365251072826791, -1.668800504538898055, -0.3971517108585123079 ) ) ;
#1529 = CARTESIAN_POINT ( 'NONE',  ( -1.999999859819733716, 0.3026399183203005716, 0.04484600588661561554 ) ) ;
#1530 = EDGE_CURVE ( 'NONE', #458, #2314, #93, .T. ) ;
#1531 = DIRECTION ( 'NONE',  ( 1.000000000000000000, 0.000000000000000000, 0.000000000000000000 ) ) ;
#1532 = CARTESIAN_POINT ( 'NONE',  ( -2.000000000000000000, -8.134310703387671364E-16, 0.6749999999999999334 ) ) ;
#1533 = CARTESIAN_POINT ( 'NONE',  ( -0.6596367679986091526, -1.889007420730461684, -1.199076090582340104 ) ) ;
#1534 = VERTEX_POINT ( 'NONE', #2414 ) ;
#1535 = CARTESIAN_POINT ( 'NONE',  ( -1.732050807568878081, 0.9999999999999986677, 0.6166666666666665853 ) ) ;
#1536 = CARTESIAN_POINT ( 'NONE',  ( -3.784983195928251484E-16, 1.545336663013166190, 0.1499999999999993006 ) ) ;
#1537 = CARTESIAN_POINT ( 'NONE',  ( 1.997971667134904372, 0.09102288512939560317, 1.117810106704816508 ) ) ;
#1538 = CARTESIAN_POINT ( 'NONE',  ( -1.732050807568876527, -1.000000000000000666, 2.220833333333332327 ) ) ;
#1539 = CARTESIAN_POINT ( 'NONE',  ( -2.070000000000000284, 2.535018874235021689E-16, 1.600000000000000089 ) ) ;
#1540 = EDGE_LOOP ( 'NONE', ( #3027, #2256, #1272, #1784, #1687, #2293 ) ) ;
#1541 = CARTESIAN_POINT ( 'NONE',  ( 0.4564986955871588870, -1.999999999999999556, 2.973061468918420935 ) ) ;
#1542 = CARTESIAN_POINT ( 'NONE',  ( 2.867328807453991324, -2.385998825488650166, -1.474438468864774698 ) ) ;
#1543 = CARTESIAN_POINT ( 'NONE',  ( 0.2132975529171318996, -1.988608898421962090, -0.4513581631525346305 ) ) ;
#1544 = FACE_OUTER_BOUND ( 'NONE', #2977, .T. ) ;
#1545 = CARTESIAN_POINT ( 'NONE',  ( -3.784983195928251484E-16, 1.545336663013166190, 0.2375000000000015710 ) ) ;
#1546 = LINE ( 'NONE', #1080, #1153 ) ;
#1547 = ORIENTED_EDGE ( 'NONE', *, *, #2373, .F. ) ;
#1548 = CARTESIAN_POINT ( 'NONE',  ( -1.732050807568878081, 0.9999999999999986677, -0.7833333333333333259 ) ) ;
#1549 = DIRECTION ( 'NONE',  ( 1.000000000000000000, 0.000000000000000000, 0.000000000000000000 ) ) ;
#1550 = CARTESIAN_POINT ( 'NONE',  ( -1.298119832150779862, -1.532920684732251404, 0.8583346797574959997 ) ) ;
#1551 = CARTESIAN_POINT ( 'NONE',  ( 0.4565065799966364635, -1.999999999999999556, 2.360561867224189481 ) ) ;
#1552 = CARTESIAN_POINT ( 'NONE',  ( -1.079418343525057056, 1.105857785483417510, -1.075336663013167993 ) ) ;
#1553 = AXIS2_PLACEMENT_3D ( 'NONE', #1706, #2132, #1067 ) ;
#1554 = ADVANCED_FACE ( 'NONE', ( #308 ), #1478, .T. ) ;
#1555 = ORIENTED_EDGE ( 'NONE', *, *, #387, .F. ) ;
#1556 = VECTOR ( 'NONE', #1441, 1000.000000000000000 ) ;
#1557 = CARTESIAN_POINT ( 'NONE',  ( 2.449293598294706414E-16, -2.000000000000000000, 2.250000000000000444 ) ) ;
#1558 = CARTESIAN_POINT ( 'NONE',  ( -1.338300807568874706, 0.7726683315065820956, 2.454166666666666163 ) ) ;
#1559 = CARTESIAN_POINT ( 'NONE',  ( -0.6643466086331860643, -1.886508621423497178, -0.4994151108114349147 ) ) ;
#1560 = B_SPLINE_CURVE_WITH_KNOTS ( 'NONE', 3,
 ( #1898, #693, #734, #1454, #1648, #960, #2146, #239, #2417, #2379, #487, #972, #1438 ),
 .UNSPECIFIED., .F., .F.,
 ( 4, 3, 3, 3, 4 ),
 ( 4.232556426857374395E-18, 5.343974640608925369E-05, 0.0001070471692697385458, 0.0001587453692534896950, 0.0001846555834760274354 ),
 .UNSPECIFIED. ) ;
#1561 = VECTOR ( 'NONE', #46, 1000.000000000000000 ) ;
#1562 = CARTESIAN_POINT ( 'NONE',  ( 1.511442886137506658, 1.309980299416497740, 0.4910194552835389081 ) ) ;
#1563 = CARTESIAN_POINT ( 'NONE',  ( 0.8922005383792500632, -1.545336663013166190, 0.6458333333333351467 ) ) ;
#1564 = CARTESIAN_POINT ( 'NONE',  ( -1.650883055590380177, -1.129167874766404234, -1.271194312112991387 ) ) ;
#1565 = VERTEX_POINT ( 'NONE', #1532 ) ;
#1566 = CARTESIAN_POINT ( 'NONE',  ( 1.154700538379251240, 2.000000000000000000, -0.2583333333333335258 ) ) ;
#1567 = CARTESIAN_POINT ( 'NONE',  ( -3.500000000000000000, -1.606074079894459494, 1.403079672022358393 ) ) ;
#1568 = CARTESIAN_POINT ( 'NONE',  ( -2.000000024458803427, -0.1784762254766332767, 0.7729105411742649423 ) ) ;
#1569 = CARTESIAN_POINT ( 'NONE',  ( -0.8922005383792489530, -1.545336663013166412, -2.270833333333333481 ) ) ;
#1570 = CARTESIAN_POINT ( 'NONE',  ( -0.3258850242849122281, -1.974532924190996130, 0.2203679747748723827 ) ) ;
#1571 = EDGE_CURVE ( 'NONE', #442, #1178, #1156, .T. ) ;
#1572 = ORIENTED_EDGE ( 'NONE', *, *, #2495, .T. ) ;
#1573 = CARTESIAN_POINT ( 'NONE',  ( -1.784401076758498794, -3.277891600571078112E-16, 1.112499999999999156 ) ) ;
#1574 = CARTESIAN_POINT ( 'NONE',  ( 1.338300807568874262, -0.7726683315065827617, 1.404166666666666119 ) ) ;
#1575 = CARTESIAN_POINT ( 'NONE',  ( 1.960313790492451025, -0.4016462960488969558, -0.3108804620921946649 ) ) ;
#1576 = CARTESIAN_POINT ( 'NONE',  ( -1.737353609829662027, 0.9911678783822003291, -0.6952586981669411914 ) ) ;
#1577 = CARTESIAN_POINT ( 'NONE',  ( 1.400884460875894799, 1.433612944645847209, 0.5003588770967041244 ) ) ;
#1578 = CARTESIAN_POINT ( 'NONE',  ( 1.338300807568874262, -0.7726683315065827617, 0.7041666666666684948 ) ) ;
#1579 = CARTESIAN_POINT ( 'NONE',  ( -1.201743016413655329, -1.598702528052477145, -1.234914354776726286 ) ) ;
#1580 = ORIENTED_EDGE ( 'NONE', *, *, #1530, .F. ) ;
#1581 = CARTESIAN_POINT ( 'NONE',  ( 2.449293598294706414E-16, -2.000000000000000000, 1.550000000000000044 ) ) ;
#1582 = CARTESIAN_POINT ( 'NONE',  ( 3.483346343620337571, 1.994197600751992594, -1.303362079174959609 ) ) ;
#1583 = CARTESIAN_POINT ( 'NONE',  ( -0.8310396935176542765, -1.821113094054015891, 0.8902694813272141738 ) ) ;
#1584 = CARTESIAN_POINT ( 'NONE',  ( 1.784401076758498794, 1.092630533523692910E-16, -1.337500000000000577 ) ) ;
#1585 = CARTESIAN_POINT ( 'NONE',  ( -1.586265025694609365, -1.218143334540631395, 0.1345119192880122050 ) ) ;
#1586 = ORIENTED_EDGE ( 'NONE', *, *, #2786, .T. ) ;
#1587 = CARTESIAN_POINT ( 'NONE',  ( 0.08750000000000120182, 3.990933735773288138, 1.600000000000000089 ) ) ;
#1588 = CARTESIAN_POINT ( 'NONE',  ( 1.338300807568874040, 0.7726683315065832058, 0.1208333333333328208 ) ) ;
#1589 = CARTESIAN_POINT ( 'NONE',  ( 1.338300807568874040, 0.7726683315065832058, 0.8208333333333325266 ) ) ;
#1590 = CARTESIAN_POINT ( 'NONE',  ( 1.338300807568874040, 0.7726683315065832058, 0.7333333333333326154 ) ) ;
#1591 = CARTESIAN_POINT ( 'NONE',  ( -0.7562731692045999710, 1.853795390892716055, -0.7699597219540966764 ) ) ;
#1592 = B_SPLINE_CURVE_WITH_KNOTS ( 'NONE', 3,
 ( #1271, #1239, #1739, #298, #2239, #2901 ),
 .UNSPECIFIED., .F., .F.,
 ( 4, 2, 4 ),
 ( 0.000000000000000000, 0.0006162285865612595476, 0.001232457173122519312 ),
 .UNSPECIFIED. ) ;
#1593 = EDGE_CURVE ( 'NONE', #499, #1465, #77, .T. ) ;
#1594 = CARTESIAN_POINT ( 'NONE',  ( 1.052100292445504293, 1.716165352298737456, 0.5261339231608616052 ) ) ;
#1595 = CARTESIAN_POINT ( 'NONE',  ( -1.626158943221082120, -1.164313354224469688, -1.269038613046689967 ) ) ;
#1596 = ORIENTED_EDGE ( 'NONE', *, *, #1593, .F. ) ;
#1597 = CARTESIAN_POINT ( 'NONE',  ( 2.449293598294706414E-16, -2.000000000000000000, 0.1499999999999999667 ) ) ;
#1598 = CARTESIAN_POINT ( 'NONE',  ( -1.603877900947320967, 1.201203773658328089, 1.391646464472955591 ) ) ;
#1599 = CARTESIAN_POINT ( 'NONE',  ( 3.458871371586936583, 2.033707009975583624, 1.304158023556799106 ) ) ;
#1600 = CARTESIAN_POINT ( 'NONE',  ( 0.01544317642566827610, -2.000914998548898094, 0.2384044501311540221 ) ) ;
#1601 =( BOUNDED_CURVE ( )  B_SPLINE_CURVE ( 2, ( #2675, #2423, #964, #2861, #491, #2640, #773, #1444, #1962 ),
 .UNSPECIFIED., .F., .F. ) 
 B_SPLINE_CURVE_WITH_KNOTS ( ( 3, 2, 2, 2, 3 ),
 ( 0.4687500000000000000, 0.4791666666666666852, 0.5000000000000000000, 0.5208333333333333703, 0.5312500000000000000 ),
 .UNSPECIFIED. ) 
 CURVE ( )  GEOMETRIC_REPRESENTATION_ITEM ( )  RATIONAL_B_SPLINE_CURVE ( ( 0.9330127018922194093, 0.9330127018922194093, 1.000000000000000000, 0.8660254037844387076, 1.000000000000000000, 0.8660254037844387076, 1.000000000000000000, 0.9330127018922194093, 0.9330127018922194093 ) ) 
 REPRESENTATION_ITEM ( '' )  );
#1602 = ORIENTED_EDGE ( 'NONE', *, *, #2890, .F. ) ;
#1603 = CARTESIAN_POINT ( 'NONE',  ( 0.2462011298225078026, -1.626091801279250015, 1.164243853153784647 ) ) ;
#1604 = CARTESIAN_POINT ( 'NONE',  ( 1.892491597964125742E-16, -1.545336663013166190, 1.987499999999999600 ) ) ;
#1605 = CARTESIAN_POINT ( 'NONE',  ( -0.8922005383792501743, 1.545336663013165523, 2.395833333333333481 ) ) ;
#1606 = CARTESIAN_POINT ( 'NONE',  ( 1.338300807568874040, 0.7726683315065832058, -2.066666666666667318 ) ) ;
#1607 = CARTESIAN_POINT ( 'NONE',  ( -1.059689504760495726, 1.696243563915256214, -0.7501065576620257191 ) ) ;
#1608 = AXIS2_PLACEMENT_3D ( 'NONE', #1171, #232, #258 ) ;
#1609 = AXIS2_PLACEMENT_3D ( 'NONE', #1924, #2868, #2667 ) ;
#1610 = ORGANIZATION ( 'UNSPECIFIED', 'UNSPECIFIED', '' ) ;
#1611 = CARTESIAN_POINT ( 'NONE',  ( -0.8240922043674920872, 1.822436557806789148, 0.6343139510602452402 ) ) ;
#1612 = CARTESIAN_POINT ( 'NONE',  ( 1.871863954443678368, -0.7154815249530249721, -1.029030367643979815 ) ) ;
#1613 = CIRCLE ( 'NONE', #259, 3.500000000000000444 ) ;
#1614 = ORIENTED_EDGE ( 'NONE', *, *, #51, .T. ) ;
#1615 = CARTESIAN_POINT ( 'NONE',  ( 3.427364431551375823, 2.062662107160244673, -1.311240036642033813 ) ) ;
#1616 = CARTESIAN_POINT ( 'NONE',  ( -1.408839205172751186, -1.424656929546416206, 0.8495487931865258746 ) ) ;
#1617 = CARTESIAN_POINT ( 'NONE',  ( -1.338300807568874706, 0.7726683315065820956, -1.045833333333333837 ) ) ;
#1618 = CARTESIAN_POINT ( 'NONE',  ( -1.835403938203711061, -0.7946295021907177070, 0.1088471201116250620 ) ) ;
#1619 = ORIENTED_EDGE ( 'NONE', *, *, #2822, .F. ) ;
#1620 = CARTESIAN_POINT ( 'NONE',  ( -1.964787531812308474, -0.2006014499940332041, 1.494787531812312498 ) ) ;
#1621 = CARTESIAN_POINT ( 'NONE',  ( 1.338300807568874262, -0.7726683315065827617, 0.7041666666666660523 ) ) ;
#1622 = CARTESIAN_POINT ( 'NONE',  ( -0.8922005383792501743, 1.545336663013165523, -2.591666666666667673 ) ) ;
#1623 = CARTESIAN_POINT ( 'NONE',  ( 1.338300807568874262, -0.7726683315065827617, -1.483333333333333837 ) ) ;
#1624 = CARTESIAN_POINT ( 'NONE',  ( 1.551079217962891832, 1.264227562153815709, -0.9123140006900573029 ) ) ;
#1625 = CARTESIAN_POINT ( 'NONE',  ( 1.485052431765590653, 1.339634452894862937, 0.4932176995501058037 ) ) ;
#1626 = ADVANCED_FACE ( 'NONE', ( #1264 ), #2260, .T. ) ;
#1627 = CARTESIAN_POINT ( 'NONE',  ( 0.4546693611533554336, -1.952646158992630721, -1.138131581294716588 ) ) ;
#1628 = ORIENTED_EDGE ( 'NONE', *, *, #264, .F. ) ;
#1629 = EDGE_CURVE ( 'NONE', #2541, #1161, #1959, .T. ) ;
#1630 = CARTESIAN_POINT ( 'NONE',  ( 0.08749999999999762135, -3.990933735773288138, 1.600000000000000089 ) ) ;
#1631 = CARTESIAN_POINT ( 'NONE',  ( 1.969557938411340636, -0.3699203894840398243, 1.091015849586626008 ) ) ;
#1632 = CARTESIAN_POINT ( 'NONE',  ( 1.752943653377350142, -0.9653301349433134337, 0.3562964661632107011 ) ) ;
#1633 = ORIENTED_EDGE ( 'NONE', *, *, #1094, .T. ) ;
#1634 = CARTESIAN_POINT ( 'NONE',  ( 1.233582034764732160, -1.159467580795437769, 1.212858415798245160 ) ) ;
#1635 = CARTESIAN_POINT ( 'NONE',  ( -0.7660785976682582543, -1.798222342001358109, 1.473252691006488480 ) ) ;
#1636 = CARTESIAN_POINT ( 'NONE',  ( -1.784401076758498794, -3.277891600571078112E-16, -0.3750000000000004996 ) ) ;
#1637 = CARTESIAN_POINT ( 'NONE',  ( -1.338300807568873818, -0.7726683315065836499, -0.3166666666666671515 ) ) ;
#1638 = CARTESIAN_POINT ( 'NONE',  ( -0.2517839125132587119, 1.984138060099173373, -0.7993655762560760714 ) ) ;
#1639 = CARTESIAN_POINT ( 'NONE',  ( 0.8922005383792500632, -1.545336663013166190, -0.7541666666666649865 ) ) ;
#1640 = CARTESIAN_POINT ( 'NONE',  ( -1.911914637674703821, 0.5872660249436369995, 0.7282439223394781003 ) ) ;
#1641 = CARTESIAN_POINT ( 'NONE',  ( 1.515092366367935650, -1.312525821379414426, -1.065990546808387007 ) ) ;
#1642 = CARTESIAN_POINT ( 'NONE',  ( 3.475755367481322189, -2.010330150691048257, 1.302537939657981259 ) ) ;
#1643 = CARTESIAN_POINT ( 'NONE',  ( -3.500000000000000444, 1.919689645055508320, -1.316005544564209595 ) ) ;
#1644 = CARTESIAN_POINT ( 'NONE',  ( 1.398649239066509509, -1.429622952414674852, 1.024813042558513354 ) ) ;
#1645 = CARTESIAN_POINT ( 'NONE',  ( -3.784983195928251484E-16, 1.545336663013166190, 0.2374999999999992117 ) ) ;
#1646 = VERTEX_POINT ( 'NONE', #1030 ) ;
#1647 = CARTESIAN_POINT ( 'NONE',  ( 0.06016994998414408602, -1.636346213165115859, 1.156987281869693351 ) ) ;
#1648 = CARTESIAN_POINT ( 'NONE',  ( -3.486917607418691389, -1.988403203603174907, 1.303253042212783042 ) ) ;
#1649 = CARTESIAN_POINT ( 'NONE',  ( -3.784983195928251484E-16, 1.545336663013166190, 0.1499999999999993006 ) ) ;
#1650 = CARTESIAN_POINT ( 'NONE',  ( -1.338300807568873818, -0.7726683315065836499, -2.416666666666667407 ) ) ;
#1651 = CARTESIAN_POINT ( 'NONE',  ( -0.8952874061432887220, -1.632313306225351868, -1.387856283962444204 ) ) ;
#1652 = EDGE_CURVE ( 'NONE', #2836, #156, #1294, .T. ) ;
#1653 = CARTESIAN_POINT ( 'NONE',  ( 1.338300807568874262, -0.7726683315065827617, 0.004166666666668364036 ) ) ;
#1654 = AXIS2_PLACEMENT_3D ( 'NONE', #2618, #30, #984 ) ;
#1655 = CARTESIAN_POINT ( 'NONE',  ( -1.589700781242160188, 1.213885423201628511, 0.6906664466599984342 ) ) ;
#1656 = CARTESIAN_POINT ( 'NONE',  ( 1.186774131231550289, -1.610683478896869802, -1.091203462574919625 ) ) ;
#1657 = ORIENTED_EDGE ( 'NONE', *, *, #2910, .F. ) ;
#1658 = CARTESIAN_POINT ( 'NONE',  ( 3.419783706816018842, -2.067038840626920226, -1.313670402287547390 ) ) ;
#1659 = CYLINDRICAL_SURFACE ( 'NONE', #664, 2.000000000000000000 ) ;
#1660 = ORIENTED_EDGE ( 'NONE', *, *, #1343, .T. ) ;
#1661 = CARTESIAN_POINT ( 'NONE',  ( 2.000000000000000000, 2.449293598294706414E-16, 7.256854249492381115 ) ) ;
#1662 = CARTESIAN_POINT ( 'NONE',  ( 0.3309213845559241807, 1.972432771285810071, -1.530000102779339732 ) ) ;
#1663 = CARTESIAN_POINT ( 'NONE',  ( -1.784401076758498794, -3.277891600571078112E-16, 2.424999999999999378 ) ) ;
#1664 = EDGE_CURVE ( 'NONE', #442, #2836, #1476, .T. ) ;
#1665 = CARTESIAN_POINT ( 'NONE',  ( 1.892491597964125742E-16, -1.545336663013166190, 1.199999999999999512 ) ) ;
#1666 = CARTESIAN_POINT ( 'NONE',  ( -0.5636018101405710912, -1.771581577249781825, -1.373562609612986041 ) ) ;
#1667 = CARTESIAN_POINT ( 'NONE',  ( -1.935760593988633538, -0.5067093260386820175, -0.6079754393314877881 ) ) ;
#1668 = CARTESIAN_POINT ( 'NONE',  ( -1.786977839578496097, 0.8981782597361986920, 0.7101062675376867972 ) ) ;
#1669 = CARTESIAN_POINT ( 'NONE',  ( 1.999999999999999556, 0.5358983848622456136, -0.3437392608830357466 ) ) ;
#1670 = CARTESIAN_POINT ( 'NONE',  ( 3.499999999999999112, 0.6534320582525137144, -1.572821304610747761 ) ) ;
#1671 = CARTESIAN_POINT ( 'NONE',  ( 3.468698954227368070, -2.019567623378860866, -1.303362079174959609 ) ) ;
#1672 = CARTESIAN_POINT ( 'NONE',  ( 1.244925735391612776, -1.566737779514602913, 1.012793457216642157 ) ) ;
#1673 = ORIENTED_EDGE ( 'NONE', *, *, #740, .T. ) ;
#1674 = CARTESIAN_POINT ( 'NONE',  ( -1.732050807568876971, -1.000000000000000888, -0.6666666666666667407 ) ) ;
#1675 = CARTESIAN_POINT ( 'NONE',  ( -0.2334058630277282553, 1.986334930095222884, -1.500287857680114190 ) ) ;
#1676 = CARTESIAN_POINT ( 'NONE',  ( -1.338300807568873818, -0.7726683315065836499, -1.016666666666667274 ) ) ;
#1677 = CARTESIAN_POINT ( 'NONE',  ( -4.898587196589411843E-16, 1.999999999999999556, -2.212500000000000799 ) ) ;
#1678 = CARTESIAN_POINT ( 'NONE',  ( -3.500000000000000444, -1.919689645055505212, 1.600000000000000089 ) ) ;
#1679 =( BOUNDED_SURFACE ( )  B_SPLINE_SURFACE ( 1, 2, ( 
 ( #2326, #206, #1365, #2808, #2069, #1569, #2054, #1159, #1377, #187, #1823, #1141, #159, #2113, #2516, #2312, #3025, #1882, #379, #2296, #614, #1584, #2544, #2097, #1114, #644, #1617, #1336, #2283, #909, #1866, #144, #3011, #892, #877, #2530, #2763, #1837, #1850, #411, #675, #1099, #173, #2997, #864, #2360, #941, #223, #1645, #690, #2825, #1177, #2585, #456, #3070, #1409, #2129, #149, #1589, #3003, #3030, #1089, #1120, #2074, #1382, #1104, #2317, #2102, #1574, #178, #2520, #602, #430, #2061, #1133, #2089, #1809, #3016, #897, #3045, #1872, #869, #853, #2563, #2985, #1605, #1558, #1356, #636, #2751, #384, #619, #1340 ),
 ( #1855, #1622, #2331, #2042, #2507, #2287, #194, #1829, #884, #2798, #1842, #1370, #1146, #2769, #666, #2535, #915, #2549, #401, #649, #2303, #2783, #164, #417, #370, #1326, #2272, #134, #1676, #461, #973, #2176, #240, #32, #1181, #503, #2392, #2118, #2870, #1636, #254, #2620, #268, #2364, #1196, #2133, #2830, #1887, #1649, #2147, #694, #6, #961, #1899, #1914, #212, #2857, #986, #723, #2590, #1165, #2577, #2842, #488, #1210, #2607, #1455, #3074, #930, #2813, #2408, #680, #1439, #1414, #2164, #20, #1926, #1224, #947, #735, #445, #1397, #1690, #2347, #227, #709, #2636, #1663, #1426, #3061, #2380, #474, #1468 ) ),
 .UNSPECIFIED., .F., .F., .T. ) 
 B_SPLINE_SURFACE_WITH_KNOTS ( ( 2, 2 ),
 ( 3, 2, 2, 2, 2, 2, 2, 2, 2, 2, 2, 2, 2, 2, 2, 2, 2, 2, 2, 2, 2, 2, 2, 2, 2, 2, 2, 2, 2, 2, 2, 2, 2, 2, 2, 2, 2, 2, 2, 2, 2, 2, 2, 2, 2, 2, 3 ),
 ( 0.000000000000000000, 1.000000000000000000 ),
 ( 0.000000000000000000, 0.02083333333333333218, 0.04166666666666666435, 0.06250000000000000000, 0.08333333333333332871, 0.1041666666666666713, 0.1250000000000000000, 0.1458333333333333426, 0.1666666666666666574, 0.1875000000000000000, 0.2083333333333333426, 0.2291666666666666574, 0.2500000000000000000, 0.2708333333333333148, 0.2916666666666666852, 0.3125000000000000000, 0.3333333333333333148, 0.3541666666666666852, 0.3750000000000000000, 0.3958333333333333148, 0.4166666666666666852, 0.4375000000000000000, 0.4583333333333333148, 0.4791666666666666852, 0.5000000000000000000, 0.5208333333333333703, 0.5416666666666666297, 0.5625000000000000000, 0.5833333333333333703, 0.6041666666666666297, 0.6250000000000000000, 0.6458333333333333703, 0.6666666666666666297, 0.6875000000000000000, 0.7083333333333333703, 0.7291666666666666297, 0.7500000000000000000, 0.7708333333333333703, 0.7916666666666666297, 0.8125000000000000000, 0.8333333333333333703, 0.8541666666666666297, 0.8750000000000000000, 0.8958333333333333703, 0.9166666666666666297, 0.9375000000000000000, 0.9464624101908378773 ),
 .UNSPECIFIED. ) 
 GEOMETRIC_REPRESENTATION_ITEM ( )  RATIONAL_B_SPLINE_SURFACE ( (
 ( 1.000000000000000000, 0.8660254037844387076, 1.000000000000000000, 0.8660254037844387076, 1.000000000000000000, 0.8660254037844387076, 1.000000000000000000, 0.8660254037844387076, 1.000000000000000000, 0.8660254037844387076, 1.000000000000000000, 0.8660254037844387076, 1.000000000000000000, 0.8660254037844387076, 1.000000000000000000, 0.8660254037844387076, 1.000000000000000000, 0.8660254037844387076, 1.000000000000000000, 0.8660254037844387076, 1.000000000000000000, 0.8660254037844387076, 1.000000000000000000, 0.8660254037844387076, 1.000000000000000000, 0.8660254037844387076, 1.000000000000000000, 0.8660254037844387076, 1.000000000000000000, 0.8660254037844387076, 1.000000000000000000, 0.8660254037844387076, 1.000000000000000000, 0.8660254037844387076, 1.000000000000000000, 0.8660254037844387076, 1.000000000000000000, 0.8660254037844387076, 1.000000000000000000, 0.8660254037844387076, 1.000000000000000000, 0.8660254037844387076, 1.000000000000000000, 0.8660254037844387076, 1.000000000000000000, 0.8660254037844387076, 1.000000000000000000, 0.8660254037844387076, 1.000000000000000000, 0.8660254037844387076, 1.000000000000000000, 0.8660254037844387076, 1.000000000000000000, 0.8660254037844387076, 1.000000000000000000, 0.8660254037844387076, 1.000000000000000000, 0.8660254037844387076, 1.000000000000000000, 0.8660254037844387076, 1.000000000000000000, 0.8660254037844387076, 1.000000000000000000, 0.8660254037844387076, 1.000000000000000000, 0.8660254037844387076, 1.000000000000000000, 0.8660254037844387076, 1.000000000000000000, 0.8660254037844387076, 1.000000000000000000, 0.8660254037844387076, 1.000000000000000000, 0.8660254037844387076, 1.000000000000000000, 0.8660254037844387076, 1.000000000000000000, 0.8660254037844387076, 1.000000000000000000, 0.8660254037844387076, 1.000000000000000000, 0.8660254037844387076, 1.000000000000000000, 0.8660254037844387076, 1.000000000000000000, 0.8660254037844387076, 1.000000000000000000, 0.8660254037844387076, 1.000000000000000000, 0.8660254037844387076, 1.000000000000000000, 0.9423647062510847050, 0.9343183223307016672),
 ( 1.000000000000000000, 0.8660254037844387076, 1.000000000000000000, 0.8660254037844387076, 1.000000000000000000, 0.8660254037844387076, 1.000000000000000000, 0.8660254037844387076, 1.000000000000000000, 0.8660254037844387076, 1.000000000000000000, 0.8660254037844387076, 1.000000000000000000, 0.8660254037844387076, 1.000000000000000000, 0.8660254037844387076, 1.000000000000000000, 0.8660254037844387076, 1.000000000000000000, 0.8660254037844387076, 1.000000000000000000, 0.8660254037844387076, 1.000000000000000000, 0.8660254037844387076, 1.000000000000000000, 0.8660254037844387076, 1.000000000000000000, 0.8660254037844387076, 1.000000000000000000, 0.8660254037844387076, 1.000000000000000000, 0.8660254037844387076, 1.000000000000000000, 0.8660254037844387076, 1.000000000000000000, 0.8660254037844387076, 1.000000000000000000, 0.8660254037844387076, 1.000000000000000000, 0.8660254037844387076, 1.000000000000000000, 0.8660254037844387076, 1.000000000000000000, 0.8660254037844387076, 1.000000000000000000, 0.8660254037844387076, 1.000000000000000000, 0.8660254037844387076, 1.000000000000000000, 0.8660254037844387076, 1.000000000000000000, 0.8660254037844387076, 1.000000000000000000, 0.8660254037844387076, 1.000000000000000000, 0.8660254037844387076, 1.000000000000000000, 0.8660254037844387076, 1.000000000000000000, 0.8660254037844387076, 1.000000000000000000, 0.8660254037844387076, 1.000000000000000000, 0.8660254037844387076, 1.000000000000000000, 0.8660254037844387076, 1.000000000000000000, 0.8660254037844387076, 1.000000000000000000, 0.8660254037844387076, 1.000000000000000000, 0.8660254037844387076, 1.000000000000000000, 0.8660254037844387076, 1.000000000000000000, 0.8660254037844387076, 1.000000000000000000, 0.8660254037844387076, 1.000000000000000000, 0.8660254037844387076, 1.000000000000000000, 0.8660254037844387076, 1.000000000000000000, 0.8660254037844387076, 1.000000000000000000, 0.8660254037844387076, 1.000000000000000000, 0.8660254037844387076, 1.000000000000000000, 0.8660254037844387076, 1.000000000000000000, 0.9423647062510847050, 0.9343183223307016672) ) ) 
 REPRESENTATION_ITEM ( '' )  SURFACE ( )  );
#1680 = CARTESIAN_POINT ( 'NONE',  ( -0.08750000000080904172, -3.990933735772822288, 1.316005544564469387 ) ) ;
#1681 = CARTESIAN_POINT ( 'NONE',  ( -1.464837679849134933, 0.4922560042771152999, 1.075336663013168215 ) ) ;
#1682 = DIRECTION ( 'NONE',  ( 1.000000000000000000, 0.000000000000000000, 0.000000000000000000 ) ) ;
#1683 = EDGE_CURVE ( 'NONE', #249, #2250, #844, .T. ) ;
#1684 = CYLINDRICAL_SURFACE ( 'NONE', #1405, 0.1749999999999998224 ) ;
#1685 = CARTESIAN_POINT ( 'NONE',  ( -1.166473201651102798, 1.333552815865585162, -1.297148497558001656 ) ) ;
#1686 = CARTESIAN_POINT ( 'NONE',  ( 1.025858773629177767, -1.722104294798993074, 0.9972087083265596119 ) ) ;
#1687 = ORIENTED_EDGE ( 'NONE', *, *, #714, .T. ) ;
#1688 = CARTESIAN_POINT ( 'NONE',  ( 0.02145111642290585194, 4.013960830729430107, 1.303253042212781487 ) ) ;
#1689 = CARTESIAN_POINT ( 'NONE',  ( -0.2269108032012656651, 1.987094549191795290, -1.500621383274404419 ) ) ;
#1690 = CARTESIAN_POINT ( 'NONE',  ( 1.338300807568874040, 0.7726683315065832058, 2.133333333333332416 ) ) ;
#1691 = CARTESIAN_POINT ( 'NONE',  ( -1.154700538379252128, 1.999999999999998668, -2.154166666666667673 ) ) ;
#1692 = CARTESIAN_POINT ( 'NONE',  ( -2.000000000000000000, -8.134310703387671364E-16, -1.425000000000000044 ) ) ;
#1693 = CARTESIAN_POINT ( 'NONE',  ( -0.08749999999082891389, -3.990933735778584346, -1.316005544561290819 ) ) ;
#1694 = CARTESIAN_POINT ( 'NONE',  ( 1.895357155833518714, 0.6386212241355869734, -0.2502625704563291587 ) ) ;
#1695 = CARTESIAN_POINT ( 'NONE',  ( 0.08021629318403451780, 3.995138985864250092, -1.313670402287546057 ) ) ;
#1696 = EDGE_CURVE ( 'NONE', #2705, #368, #697, .T. ) ;
#1697 = VECTOR ( 'NONE', #2880, 1000.000000000000000 ) ;
#1698 = CARTESIAN_POINT ( 'NONE',  ( -0.08750000000080904172, -3.990933735772822288, 1.316005544564469387 ) ) ;
#1699 = CIRCLE ( 'NONE', #2755, 3.500000000000000444 ) ;
#1700 = B_SPLINE_CURVE_WITH_KNOTS ( 'NONE', 3,
 ( #1822, #2529, #1376, #831 ),
 .UNSPECIFIED., .F., .F.,
 ( 4, 4 ),
 ( 0.0001043164952616440689, 0.002044882221487527574 ),
 .UNSPECIFIED. ) ;
#1701 = CLOSED_SHELL ( 'NONE', ( #1109, #2047, #2275, #1393, #2568, #2215, #2145, #2726, #1038, #1240, #3019, #2367, #2625, #284, #2462, #2180, #2593, #1718, #1758, #1173, #1484, #1202, #2693, #367, #515, #1626, #231, #56, #136, #1714, #1859, #622, #61, #382, #153, #1554, #810, #323, #1881, #938, #1945, #2030, #1168, #2016 ) ) ;
#1702 = CARTESIAN_POINT ( 'NONE',  ( 3.426852008736818611, -2.062252971833351545, -1.311603594999107392 ) ) ;
#1703 = CARTESIAN_POINT ( 'NONE',  ( -1.154700538379252572, 1.999999999999999334, 1.258333333333333304 ) ) ;
#1704 = ORIENTED_EDGE ( 'NONE', *, *, #1984, .T. ) ;
#1705 = CARTESIAN_POINT ( 'NONE',  ( -1.999999999999999556, -0.5358983848622460577, -0.6937392608830357243 ) ) ;
#1706 = CARTESIAN_POINT ( 'NONE',  ( 0.000000000000000000, 0.000000000000000000, 7.256854249492381115 ) ) ;
#1707 = CARTESIAN_POINT ( 'NONE',  ( -0.1468745958148784114, 1.998629796828390148, 1.295004172016718691 ) ) ;
#1708 = CARTESIAN_POINT ( 'NONE',  ( -1.784401076758498794, -3.277891600571078112E-16, 1.724999999999999201 ) ) ;
#1709 = CARTESIAN_POINT ( 'NONE',  ( -1.933432667397364524, -4.491301552656192909E-14, -1.463432667397364106 ) ) ;
#1710 = AXIS2_PLACEMENT_3D ( 'NONE', #2478, #2292, #359 ) ;
#1711 = CARTESIAN_POINT ( 'NONE',  ( -1.822830886454398724, -0.8260416175052356369, -0.5894419914557328388 ) ) ;
#1712 = CARTESIAN_POINT ( 'NONE',  ( -1.051436266777431516, 1.701369627387881778, -0.05067305368107438701 ) ) ;
#1713 = DIRECTION ( 'NONE',  ( -0.8660254037844384856, 0.5000000000000003331, 0.000000000000000000 ) ) ;
#1714 = ADVANCED_FACE ( 'NONE', ( #325 ), #1213, .T. ) ;
#1715 = CARTESIAN_POINT ( 'NONE',  ( -1.545336663013166412, 8.767624893865711433E-14, 1.075336663013167993 ) ) ;
#1716 = CARTESIAN_POINT ( 'NONE',  ( -3.475755367481323965, 2.010330150691050033, 1.302537939657979704 ) ) ;
#1717 = CARTESIAN_POINT ( 'NONE',  ( -2.000000000000000000, -8.134310703387671364E-16, -1.425000000000000044 ) ) ;
#1718 = ADVANCED_FACE ( 'NONE', ( #2277 ), #1797, .F. ) ;
#1719 = ORIENTED_EDGE ( 'NONE', *, *, #1725, .T. ) ;
#1720 = CARTESIAN_POINT ( 'NONE',  ( -0.04889332463516918997, 4.008256947832077977, 1.306403518167336131 ) ) ;
#1721 = CARTESIAN_POINT ( 'NONE',  ( 3.412499999999191846, -2.071244090718249442, 1.316005544564469609 ) ) ;
#1722 = CARTESIAN_POINT ( 'NONE',  ( 1.180911174990564749, 1.614422593204924761, 1.216593560946171104 ) ) ;
#1723 = CARTESIAN_POINT ( 'NONE',  ( -1.154700538379250352, -2.000000000000000000, -1.220833333333334103 ) ) ;
#1724 = CARTESIAN_POINT ( 'NONE',  ( -3.475755367481237368, -2.010330150691121531, -1.302537939658001465 ) ) ;
#1725 = EDGE_CURVE ( 'NONE', #1367, #368, #623, .T. ) ;
#1726 = DATE_TIME_ROLE ( 'classification_date' ) ;
#1727 = CARTESIAN_POINT ( 'NONE',  ( 1.041105035609461771, 1.476502821349228167, 1.332589426106387309 ) ) ;
#1728 = CARTESIAN_POINT ( 'NONE',  ( -3.446805679400799072, 2.046471335125264357, -1.306403518167265521 ) ) ;
#1729 = CARTESIAN_POINT ( 'NONE',  ( -1.081917131259858111, 1.682131676766539297, -0.04857254705070335882 ) ) ;
#1730 = DIRECTION ( 'NONE',  ( 1.000000000000000000, 0.000000000000000000, 0.000000000000000000 ) ) ;
#1731 = DIRECTION ( 'NONE',  ( 0.000000000000000000, 0.000000000000000000, 1.000000000000000000 ) ) ;
#1732 = CARTESIAN_POINT ( 'NONE',  ( -3.412499999999194067, 2.071244090718251218, 1.316005544564467611 ) ) ;
#1733 = DIRECTION ( 'NONE',  ( -1.000000000000000000, 0.000000000000000000, 0.000000000000000000 ) ) ;
#1734 = VERTEX_POINT ( 'NONE', #2524 ) ;
#1735 = CARTESIAN_POINT ( 'NONE',  ( -1.154700538379252794, 1.999999999999999334, -2.241666666666666696 ) ) ;
#1736 = CARTESIAN_POINT ( 'NONE',  ( 1.338300807568874040, 0.7726683315065832058, 0.03333333333333291654 ) ) ;
#1737 = CARTESIAN_POINT ( 'NONE',  ( 1.344715526079209633, 1.481800711438781226, 1.204497396987670221 ) ) ;
#1738 = CARTESIAN_POINT ( 'NONE',  ( -1.154700538379250352, -2.000000000000000000, 0.1791666666666655860 ) ) ;
#1739 = CARTESIAN_POINT ( 'NONE',  ( -1.503194138256044754, 0.4124914654558151095, -1.075336663013167326 ) ) ;
#1740 = ORIENTED_EDGE ( 'NONE', *, *, #2538, .F. ) ;
#1741 = APPROVAL_STATUS ( 'not_yet_approved' ) ;
#1742 = CARTESIAN_POINT ( 'NONE',  ( -2.309401076758502924, -4.242300954899627659E-16, 2.074999999999999734 ) ) ;
#1743 = CARTESIAN_POINT ( 'NONE',  ( 1.786416491701236398, -0.9015539865033496136, 0.3600714738891636069 ) ) ;
#1744 = CARTESIAN_POINT ( 'NONE',  ( 1.915448069997314207, -0.5896255663065254060, -0.3217419782371055970 ) ) ;
#1745 = CARTESIAN_POINT ( 'NONE',  ( -1.780012879206154697, 0.9137786457554594177, 0.009395069754024015785 ) ) ;
#1746 = CARTESIAN_POINT ( 'NONE',  ( 0.000000000000000000, 0.000000000000000000, 1.600000000000000089 ) ) ;
#1747 = CARTESIAN_POINT ( 'NONE',  ( 0.000000000000000000, 0.000000000000000000, 1.600000000000000089 ) ) ;
#1748 = CARTESIAN_POINT ( 'NONE',  ( -2.031878892047867868, 2.868346059042828244, 1.600000000000001643 ) ) ;
#1749 = CYLINDRICAL_SURFACE ( 'NONE', #3041, 2.000000000000000000 ) ;
#1750 = VERTEX_POINT ( 'NONE', #3049 ) ;
#1751 = AXIS2_PLACEMENT_3D ( 'NONE', #890, #438, #2081 ) ;
#1752 = CARTESIAN_POINT ( 'NONE',  ( -4.898587196589412829E-16, 2.000000000000000000, -0.9000000000000001332 ) ) ;
#1753 = DIRECTION ( 'NONE',  ( -0.000000000000000000, -0.000000000000000000, -1.000000000000000000 ) ) ;
#1754 = CARTESIAN_POINT ( 'NONE',  ( 1.040413640546067331, 1.708838386385746144, 1.226378230549980408 ) ) ;
#1755 = CARTESIAN_POINT ( 'NONE',  ( -4.898587196589411843E-16, 1.999999999999999556, -0.8125000000000008882 ) ) ;
#1756 = CARTESIAN_POINT ( 'NONE',  ( -3.465466490996059079, -2.025557627126248761, -1.303253042212782598 ) ) ;
#1757 = VERTEX_POINT ( 'NONE', #230 ) ;
#1758 = ADVANCED_FACE ( 'NONE', ( #1385 ), #2335, .F. ) ;
#1759 = CARTESIAN_POINT ( 'NONE',  ( 1.892491597964125742E-16, -1.545336663013166190, -1.512500000000000622 ) ) ;
#1760 = CARTESIAN_POINT ( 'NONE',  ( 1.909963840119768497, -0.6068557813400609069, 0.3772412840679181811 ) ) ;
#1761 = CARTESIAN_POINT ( 'NONE',  ( 0.08857152459989874049, -1.999017681435016458, -0.4577523337443469287 ) ) ;
#1762 = CIRCLE ( 'NONE', #2496, 3.500000000000000000 ) ;
#1763 = CARTESIAN_POINT ( 'NONE',  ( -1.737575071939853943, 0.9908038076571106245, 0.004778822392271600029 ) ) ;
#1764 = CARTESIAN_POINT ( 'NONE',  ( -1.636688872248481585, -1.149456191186827736, 1.530000232964626949 ) ) ;
#1765 = DIRECTION ( 'NONE',  ( -0.000000000000000000, -0.000000000000000000, 1.000000000000000000 ) ) ;
#1766 = CARTESIAN_POINT ( 'NONE',  ( 1.186419791927736389, 3.356472098086002998, -1.573078370213663923 ) ) ;
#1767 = ORIENTED_EDGE ( 'NONE', *, *, #1298, .T. ) ;
#1768 = CARTESIAN_POINT ( 'NONE',  ( 1.732050807568877415, -0.9999999999999995559, 0.2666666666666665519 ) ) ;
#1769 = CARTESIAN_POINT ( 'NONE',  ( -1.784401076758498794, -3.277891600571078112E-16, -0.3750000000000005551 ) ) ;
#1770 = CARTESIAN_POINT ( 'NONE',  ( -1.165426225042825337, 1.625587068077475994, 1.357297239095675900 ) ) ;
#1771 = CARTESIAN_POINT ( 'NONE',  ( 1.154700538379251018, 1.999999999999999778, 1.229166666666665853 ) ) ;
#1772 = CARTESIAN_POINT ( 'NONE',  ( -3.483346343620339791, -1.994197600751991706, -1.303362079174958943 ) ) ;
#1773 = CC_DESIGN_DATE_AND_TIME_ASSIGNMENT ( #1471, #554, ( #1492 ) ) ;
#1774 = ORIENTED_EDGE ( 'NONE', *, *, #1664, .T. ) ;
#1775 = PERSON_AND_ORGANIZATION ( #1999, #1610 ) ;
#1776 = CARTESIAN_POINT ( 'NONE',  ( -4.898587196589412829E-16, 2.000000000000000000, 2.600000000000000089 ) ) ;
#1777 = CARTESIAN_POINT ( 'NONE',  ( -0.9055939419612711871, 1.653757681976856020, 1.411580000638163357 ) ) ;
#1778 = CARTESIAN_POINT ( 'NONE',  ( -1.387349145995632194, -1.442233458028303383, -0.5488551291783609898 ) ) ;
#1779 = B_SPLINE_CURVE_WITH_KNOTS ( 'NONE', 3,
 ( #1446, #25, #1460, #2289, #917, #1342, #3032, #1998, #2785, #2076, #151, #3005, #1106, #871, #447, #2522, #1857, #1624, #3047, #1874, #386, #886, #2063, #2800, #668, #682, #651, #1149, #403, #621, #1399, #2333, #3018, #2940, #1358, #180, #2565, #1831, #2815, #1135, #2771, #1844, #432, #638, #1122, #2091, #1638, #855, #1384, #196, #2579, #1591, #419, #2305, #2537, #166, #1607, #2551, #1371, #2319, #899, #2104, #2350, #214, #1812, #2754, #1576, #1901, #1428, #2638, #2382, #988 ),
 .UNSPECIFIED., .F., .F.,
 ( 4, 2, 2, 2, 2, 2, 2, 1, 1, 2, 2, 2, 2, 1, 2, 2, 1, 2, 2, 2, 1, 1, 1, 2, 1, 2, 2, 1, 2, 2, 2, 2, 1, 2, 2, 2, 2, 2, 2, 2, 4 ),
 ( 0.1898736774027940111, 0.1967919891196548143, 0.2002511449780852160, 0.2019807229073004029, 0.2037103008365156176, 0.2106286125533764209, 0.2110610070356802037, 0.2114934015179840143, 0.2123581904825916078, 0.2140877684118068225, 0.2175469242702371964, 0.2244652359870979996, 0.2313835477039588029, 0.2331131256331739898, 0.2339779145977816111, 0.2344103090800853939, 0.2348427035623891768, 0.2383018594208194951, 0.2417610152792498135, 0.2421934097615536241, 0.2426258042438574347, 0.2434905932084650004, 0.2452201711376801596, 0.2486793269961104780, 0.2495441159607180437, 0.2499765104430218265, 0.2501927076841737319, 0.2504089049253256372, 0.2521384828545407686, 0.2590567945714013498, 0.2625159504298316127, 0.2642455283590467441, 0.2651103173236543098, 0.2655427118059581204, 0.2659751062882618755, 0.2728934180051223457, 0.2798117297219828159, 0.2815413076511978918, 0.2832708855804130232, 0.2867300414388432306, 0.3005666648725641155 ),
 .UNSPECIFIED. ) ;
#1780 = DIRECTION ( 'NONE',  ( 1.000000000000000000, 0.000000000000000000, 0.000000000000000000 ) ) ;
#1781 = CARTESIAN_POINT ( 'NONE',  ( -3.412500000000000977, 2.071244090717785369, 1.600000000000000089 ) ) ;
#1782 = CARTESIAN_POINT ( 'NONE',  ( -1.995312311685807360, -0.1469902095448620827, -1.328937894363573013 ) ) ;
#1783 = EDGE_CURVE ( 'NONE', #175, #1071, #2594, .T. ) ;
#1784 = ORIENTED_EDGE ( 'NONE', *, *, #2274, .T. ) ;
#1785 = CARTESIAN_POINT ( 'NONE',  ( -1.729226638537072258, -1.007072606151212524, 1.521388675456541328 ) ) ;
#1786 = CARTESIAN_POINT ( 'NONE',  ( -1.545330228862154875, 0.004459351691380402868, -1.075336663013167771 ) ) ;
#1787 = CARTESIAN_POINT ( 'NONE',  ( -1.901404365407909136, -0.6206380030562960171, 0.7987047249596543885 ) ) ;
#1788 = CARTESIAN_POINT ( 'NONE',  ( 2.309401076758502480, 1.414100318299875804E-16, -0.2875000000000008660 ) ) ;
#1789 = CARTESIAN_POINT ( 'NONE',  ( 1.675546074874930680, 0.3166686705679552793, -1.227772169760230181 ) ) ;
#1790 = ORIENTED_EDGE ( 'NONE', *, *, #743, .F. ) ;
#1791 = CARTESIAN_POINT ( 'NONE',  ( -1.732050807568876971, -1.000000000000000888, 2.833333333333333481 ) ) ;
#1792 = CARTESIAN_POINT ( 'NONE',  ( -1.011549055041454093, 1.596690108451432888, 1.416300652200438437 ) ) ;
#1793 = CARTESIAN_POINT ( 'NONE',  ( -1.682317339793948374, -1.081601056689929008, -0.5742741681979554036 ) ) ;
#1794 = VECTOR ( 'NONE', #1765, 1000.000000000000000 ) ;
#1795 = CARTESIAN_POINT ( 'NONE',  ( -0.7689730996334247504, 1.846697659650837986, 0.6308295864891323435 ) ) ;
#1796 = EDGE_CURVE ( 'NONE', #546, #442, #2641, .T. ) ;
#1797 = PLANE ( 'NONE',  #2404 ) ;
#1798 = CARTESIAN_POINT ( 'NONE',  ( -1.937838823371539343, -0.4984143332000146587, -1.308445172325058525 ) ) ;
#1799 = EDGE_LOOP ( 'NONE', ( #1826, #85, #2666, #1111 ) ) ;
#1800 = CARTESIAN_POINT ( 'NONE',  ( -1.732050807568876971, -1.000000000000000888, 0.7333333333333330595 ) ) ;
#1801 = CARTESIAN_POINT ( 'NONE',  ( 2.000000000000000000, -0.5358983848622451696, 0.2937392608830356466 ) ) ;
#1802 = DIRECTION ( 'NONE',  ( 0.000000000000000000, 0.000000000000000000, -1.000000000000000000 ) ) ;
#1803 = CARTESIAN_POINT ( 'NONE',  ( 2.309401076758502480, 1.414100318299875804E-16, 1.112499999999998934 ) ) ;
#1804 = CARTESIAN_POINT ( 'NONE',  ( -0.9163970079943977165, -1.782542514933022737, 0.1846082366604516189 ) ) ;
#1805 = VECTOR ( 'NONE', #2533, 1000.000000000000000 ) ;
#1806 = ORIENTED_EDGE ( 'NONE', *, *, #945, .F. ) ;
#1807 = AXIS2_PLACEMENT_3D ( 'NONE', #2230, #273, #1245 ) ;
#1808 = CARTESIAN_POINT ( 'NONE',  ( -1.784401076758498794, -3.277891600571078112E-16, 2.512499999999998845 ) ) ;
#1809 = CARTESIAN_POINT ( 'NONE',  ( -1.338300807568873818, -0.7726683315065836499, 1.870833333333332682 ) ) ;
#1810 = CONICAL_SURFACE ( 'NONE', #457, 3.500000000000000000, 1.047197551196600074 ) ;
#1811 = CARTESIAN_POINT ( 'NONE',  ( 0.2465231828556449234, -1.984792058433019646, -0.4496499508504531728 ) ) ;
#1812 = CARTESIAN_POINT ( 'NONE',  ( -1.694784118099947001, 1.062290320627788720, -0.6995397912400906915 ) ) ;
#1813 = CONICAL_SURFACE ( 'NONE', #1412, 3.500000000000000000, 1.047197551196600074 ) ;
#1814 = CARTESIAN_POINT ( 'NONE',  ( -0.1800515688045647433, 1.992597875938687091, 0.5968299586852989780 ) ) ;
#1815 = CARTESIAN_POINT ( 'NONE',  ( 0.8922005383792492861, 1.545336663013166190, 0.8791666666666682062 ) ) ;
#1816 = CARTESIAN_POINT ( 'NONE',  ( -1.388069087117478340, -1.442374910891398798, -1.248916293312269277 ) ) ;
#1817 = EDGE_CURVE ( 'NONE', #1087, #1565, #1601, .T. ) ;
#1818 = B_SPLINE_CURVE_WITH_KNOTS ( 'NONE', 3,
 ( #2975, #3021, #341, #2278, #2990, #1846, #2248, #1317 ),
 .UNSPECIFIED., .F., .F.,
 ( 4, 2, 2, 4 ),
 ( 0.009524077973271443190, 0.009988641360623527060, 0.01045320474797560920, 0.01138233152267977520 ),
 .UNSPECIFIED. ) ;
#1819 = ORIENTED_EDGE ( 'NONE', *, *, #2045, .F. ) ;
#1820 = CARTESIAN_POINT ( 'NONE',  ( -2.309401076758502924, -4.242300954899627659E-16, 1.374999999999999778 ) ) ;
#1821 = CARTESIAN_POINT ( 'NONE',  ( 1.999999999999999556, 2.905110965495596845E-16, 0.3250000000000000111 ) ) ;
#1822 = CARTESIAN_POINT ( 'NONE',  ( -3.412500000000273204, -2.071244090717624164, -1.316005544564122776 ) ) ;
#1823 = CARTESIAN_POINT ( 'NONE',  ( 1.338300807568874040, 0.7726683315065832058, -1.979166666666667185 ) ) ;
#1824 = CARTESIAN_POINT ( 'NONE',  ( -1.830726053046486390, -0.8053395495862972764, 0.1094743617064801583 ) ) ;
#1825 = EDGE_CURVE ( 'NONE', #828, #1734, #2662, .T. ) ;
#1826 = ORIENTED_EDGE ( 'NONE', *, *, #2748, .F. ) ;
#1827 = CARTESIAN_POINT ( 'NONE',  ( 1.367779790516453708, 1.465836537186673505, -0.1971793715055450147 ) ) ;
#1828 = CARTESIAN_POINT ( 'NONE',  ( 1.338300807568874040, 0.7726683315065832058, 1.520833333333332593 ) ) ;
#1829 = CARTESIAN_POINT ( 'NONE',  ( 0.8922005383792498412, -1.545336663013165523, -2.241666666666666696 ) ) ;
#1830 = CARTESIAN_POINT ( 'NONE',  ( 1.784401076758498794, 1.092630533523692910E-16, 0.6749999999999996003 ) ) ;
#1831 = CARTESIAN_POINT ( 'NONE',  ( 0.1138422653767862947, 1.997206968518975945, -0.8183125024865092190 ) ) ;
#1832 = CARTESIAN_POINT ( 'NONE',  ( 0.7921850733389244059, 1.836436164054311204, 0.5427099024593674548 ) ) ;
#1833 = CARTESIAN_POINT ( 'NONE',  ( -1.186050409182309862, -1.610388968827843881, -1.233780776004296476 ) ) ;
#1834 = VERTEX_POINT ( 'NONE', #1680 ) ;
#1835 = CARTESIAN_POINT ( 'NONE',  ( 1.154700538379252572, -1.999999999999999556, 0.2083333333333331205 ) ) ;
#1836 = CARTESIAN_POINT ( 'NONE',  ( -1.870171534733873875, 0.7167916250105771381, 1.420786077624441202 ) ) ;
#1837 = CARTESIAN_POINT ( 'NONE',  ( -0.8922005383792501743, 1.545336663013165523, -0.4041666666666672847 ) ) ;
#1838 = CARTESIAN_POINT ( 'NONE',  ( -1.308133935326975861, -1.512878859805684595, 0.1572078307179557155 ) ) ;
#1839 = ORIENTED_EDGE ( 'NONE', *, *, #2724, .T. ) ;
#1840 = CARTESIAN_POINT ( 'NONE',  ( -0.8160727298683672082, -1.373026189531475039, 1.116491105701026942 ) ) ;
#1841 = CARTESIAN_POINT ( 'NONE',  ( -0.8922005383792489530, -1.545336663013166412, 2.629166666666665986 ) ) ;
#1842 = CARTESIAN_POINT ( 'NONE',  ( 1.338300807568874040, 0.7726683315065832058, -2.066666666666667318 ) ) ;
#1843 = CARTESIAN_POINT ( 'NONE',  ( -1.784401076758498794, -3.277891600571078112E-16, -1.075000000000000400 ) ) ;
#1844 = CARTESIAN_POINT ( 'NONE',  ( -0.1980979111176359719, 1.990277887249876310, -0.8021230520337997438 ) ) ;
#1845 = CARTESIAN_POINT ( 'NONE',  ( 0.7555448475500458061, 1.851874892298999375, 0.5450102810759870353 ) ) ;
#1846 = CARTESIAN_POINT ( 'NONE',  ( -1.614361958790609286, 1.184313513331951784, -1.507777708748746726 ) ) ;
#1847 = ORIENTED_EDGE ( 'NONE', *, *, #462, .T. ) ;
#1848 = CARTESIAN_POINT ( 'NONE',  ( 3.499999999999998224, -1.606074079894516560, -1.403079672022345958 ) ) ;
#1849 = CARTESIAN_POINT ( 'NONE',  ( -1.259685005872038799, 1.553814802027241315, 1.364143244502499464 ) ) ;
#1850 = CARTESIAN_POINT ( 'NONE',  ( -1.338300807568874706, 0.7726683315065820956, -0.3458333333333340476 ) ) ;
#1851 = CARTESIAN_POINT ( 'NONE',  ( 0.2180167415647909779, -1.988510763158144012, 0.2489917278887483487 ) ) ;
#1852 = ORIENTED_EDGE ( 'NONE', *, *, #95, .F. ) ;
#1853 = DIRECTION ( 'NONE',  ( 0.000000000000000000, 0.000000000000000000, -1.000000000000000000 ) ) ;
#1854 = CARTESIAN_POINT ( 'NONE',  ( -0.3753767161454076851, -1.964457258627911873, 1.529999999999999583 ) ) ;
#1855 = CARTESIAN_POINT ( 'NONE',  ( -3.784983195928251484E-16, 1.545336663013166190, -2.650000000000000355 ) ) ;
#1856 = CARTESIAN_POINT ( 'NONE',  ( 1.892491597964125742E-16, -1.545336663013166190, -2.300000000000000266 ) ) ;
#1857 = CARTESIAN_POINT ( 'NONE',  ( 1.609469992842634589, 1.187701923659959968, -0.9174969384433148134 ) ) ;
#1858 = AXIS2_PLACEMENT_3D ( 'NONE', #978, #217, #2580 ) ;
#1859 = ADVANCED_FACE ( 'NONE', ( #72 ), #355, .T. ) ;
#1860 = CARTESIAN_POINT ( 'NONE',  ( 1.905021188869826076, 0.6090148501689078842, 0.4480258655380473520 ) ) ;
#1861 = CARTESIAN_POINT ( 'NONE',  ( 0.2531902145331271226, -1.983948183464749215, -1.149281840758624718 ) ) ;
#1862 = VECTOR ( 'NONE', #1802, 1000.000000000000000 ) ;
#1863 = ORIENTED_EDGE ( 'NONE', *, *, #3080, .T. ) ;
#1864 = FACE_OUTER_BOUND ( 'NONE', #2651, .T. ) ;
#1865 = CARTESIAN_POINT ( 'NONE',  ( 1.854966233121841723, -0.7477407219075465905, 1.068897397594789078 ) ) ;
#1866 = CARTESIAN_POINT ( 'NONE',  ( 1.892491597964125742E-16, -1.545336663013166190, -0.8125000000000006661 ) ) ;
#1867 = CARTESIAN_POINT ( 'NONE',  ( -1.817892466887498504, -0.8339723162156864600, 0.1111476876392340774 ) ) ;
#1868 = EDGE_LOOP ( 'NONE', ( #1740, #2086, #1050, #3081, #894, #2532 ) ) ;
#1869 = CC_DESIGN_PERSON_AND_ORGANIZATION_ASSIGNMENT ( #2919, #2720, ( #1006 ) ) ;
#1870 = CARTESIAN_POINT ( 'NONE',  ( -0.4852355458530862031, -1.539532425890554279, 1.133556059581994457 ) ) ;
#1871 = CARTESIAN_POINT ( 'NONE',  ( 0.3527220854542615913, -1.545336663013165746, 2.710561468918420758 ) ) ;
#1872 = CARTESIAN_POINT ( 'NONE',  ( 1.338300807568874262, -0.7726683315065827617, 2.104166666666666519 ) ) ;
#1873 = CARTESIAN_POINT ( 'NONE',  ( -3.784983195928251484E-16, 1.545336663013166190, -1.950000000000000622 ) ) ;
#1874 = CARTESIAN_POINT ( 'NONE',  ( 1.365105442854821716, 1.468308290800879101, -0.8969721751821557731 ) ) ;
#1875 = CARTESIAN_POINT ( 'NONE',  ( -3.784983195928251484E-16, 1.545336663013166190, 0.9375000000000015543 ) ) ;
#1876 = LINE ( 'NONE', #1403, #1306 ) ;
#1877 = CARTESIAN_POINT ( 'NONE',  ( 1.992644671194425676, -0.1732896135670565774, -0.9976100427986829278 ) ) ;
#1878 = CARTESIAN_POINT ( 'NONE',  ( 3.412499999999191846, -2.071244090718249442, 1.316005544564469609 ) ) ;
#1879 = CARTESIAN_POINT ( 'NONE',  ( 0.000000000000000000, 0.000000000000000000, 1.600000000000000089 ) ) ;
#1880 = CARTESIAN_POINT ( 'NONE',  ( 1.875397553419359209, -0.6965346450219124241, 1.071762953396499629 ) ) ;
#1881 = ADVANCED_FACE ( 'NONE', ( #1491 ), #1903, .F. ) ;
#1882 = CARTESIAN_POINT ( 'NONE',  ( -0.8922005383792489530, -1.545336663013166412, -1.570833333333334192 ) ) ;
#1883 = CARTESIAN_POINT ( 'NONE',  ( 1.702756753078130902, -1.049121377579702585, 0.3512541029235223267 ) ) ;
#1884 = ORIENTED_EDGE ( 'NONE', *, *, #652, .F. ) ;
#1885 = CARTESIAN_POINT ( 'NONE',  ( 0.6066934078075172376, -1.545783776244311847, 1.180299307106040585 ) ) ;
#1886 = CARTESIAN_POINT ( 'NONE',  ( -1.654532122561091168, 1.123979512111931811, -1.403379906512757014 ) ) ;
#1887 = CARTESIAN_POINT ( 'NONE',  ( 0.8922005383792491751, 1.545336663013166190, 0.09166666666666588303 ) ) ;
#1888 = CARTESIAN_POINT ( 'NONE',  ( -3.784983195928251484E-16, 1.545336663013166190, -2.650000000000000355 ) ) ;
#1889 = CARTESIAN_POINT ( 'NONE',  ( -2.049034405983809027E-15, -4.041451884327380562, 1.600000000000000089 ) ) ;
#1890 = CARTESIAN_POINT ( 'NONE',  ( 1.881811583046085312, 0.6773645918492894324, -0.2479865489139021217 ) ) ;
#1891 = CARTESIAN_POINT ( 'NONE',  ( -0.08749999999972607467, 3.990933735773446678, -1.316005544564122554 ) ) ;
#1892 = EDGE_CURVE ( 'NONE', #499, #2004, #1186, .T. ) ;
#1893 = CARTESIAN_POINT ( 'NONE',  ( 3.498148907176723554, -1.945075781892490419, 1.309855574092649189 ) ) ;
#1894 = CARTESIAN_POINT ( 'NONE',  ( 2.315944816521614769, 2.704340521080307980, 1.600000000000002087 ) ) ;
#1895 = CARTESIAN_POINT ( 'NONE',  ( 2.000000000148031809, -0.2052661604056287004, 1.100583490570525624 ) ) ;
#1896 = ORIENTED_EDGE ( 'NONE', *, *, #2424, .F. ) ;
#1897 = CARTESIAN_POINT ( 'NONE',  ( 2.449293598294706414E-16, -2.000000000000000000, -0.5500000000000001554 ) ) ;
#1898 = CARTESIAN_POINT ( 'NONE',  ( -3.500000000000000444, -1.919689645055513871, 1.316005544564211815 ) ) ;
#1899 = CARTESIAN_POINT ( 'NONE',  ( -0.8922005383792489530, -1.545336663013166412, 0.4416666666666658747 ) ) ;
#1900 = CARTESIAN_POINT ( 'NONE',  ( -0.8922005383792489530, -1.545336663013166412, 1.141666666666665941 ) ) ;
#1901 = CARTESIAN_POINT ( 'NONE',  ( -1.778636452700371073, 0.9163501972634496839, -0.6907853676038758772 ) ) ;
#1902 = B_SPLINE_CURVE_WITH_KNOTS ( 'NONE', 3,
 ( #1203, #2876, #1670, #452, #220, #2156 ),
 .UNSPECIFIED., .F., .F.,
 ( 4, 2, 4 ),
 ( 0.005838139006013627966, 0.006809325186568036814, 0.007780511367122445662 ),
 .UNSPECIFIED. ) ;
#1903 = CYLINDRICAL_SURFACE ( 'NONE', #604, 2.000000000000000000 ) ;
#1904 = CONICAL_SURFACE ( 'NONE', #500, 2.070000000000000284, 0.7853981633974500554 ) ;
#1905 = CARTESIAN_POINT ( 'NONE',  ( -1.785617471664327383, 0.9009027837562446628, 0.7099476971249807367 ) ) ;
#1906 = CARTESIAN_POINT ( 'NONE',  ( 0.3517965918117560431, -1.969986926112835768, -1.143949202464910275 ) ) ;
#1907 = AXIS2_PLACEMENT_3D ( 'NONE', #2460, #995, #2893 ) ;
#1908 = CARTESIAN_POINT ( 'NONE',  ( 0.01464738939341959055, -4.013765224130809273, 1.303362079174980703 ) ) ;
#1909 = DIRECTION ( 'NONE',  ( -1.000000000000000000, 0.000000000000000000, 0.000000000000000000 ) ) ;
#1910 = CARTESIAN_POINT ( 'NONE',  ( 0.6589438633384979704, -1.888349388331592493, 0.9740449281317369312 ) ) ;
#1911 = EDGE_LOOP ( 'NONE', ( #201, #2344, #2749, #2574 ) ) ;
#1912 = CARTESIAN_POINT ( 'NONE',  ( -1.833058935983223892, -0.8062205980111795123, 1.509526155555833693 ) ) ;
#1913 = CARTESIAN_POINT ( 'NONE',  ( -0.1857521612218898666, 1.991703708884177582, -1.502735697709673079 ) ) ;
#1914 = CARTESIAN_POINT ( 'NONE',  ( 1.892491597964125742E-16, -1.545336663013166190, 0.4999999999999993339 ) ) ;
#1915 = CARTESIAN_POINT ( 'NONE',  ( -1.338300807568873818, -0.7726683315065836499, 2.483333333333332948 ) ) ;
#1916 = CARTESIAN_POINT ( 'NONE',  ( -1.728433242128471825, -0.8031619305415472754, -1.432213044679829128 ) ) ;
#1917 = CARTESIAN_POINT ( 'NONE',  ( -3.500000000000000444, 1.919689645055508320, -1.316005544564209595 ) ) ;
#1918 = CARTESIAN_POINT ( 'NONE',  ( 3.412499999999999201, -2.071244090717784037, 1.600000000000000089 ) ) ;
#1919 = CARTESIAN_POINT ( 'NONE',  ( 1.758076736075661284, -0.9560879198436297299, -1.043168751893467361 ) ) ;
#1920 = FACE_OUTER_BOUND ( 'NONE', #1423, .T. ) ;
#1921 = DIRECTION ( 'NONE',  ( 0.000000000000000000, 0.000000000000000000, -1.000000000000000000 ) ) ;
#1922 = CARTESIAN_POINT ( 'NONE',  ( 0.6181553887820130377, -1.902227877725756633, 0.9715793633331809565 ) ) ;
#1923 = ORIENTED_EDGE ( 'NONE', *, *, #740, .F. ) ;
#1924 = CARTESIAN_POINT ( 'NONE',  ( 0.000000000000000000, 0.000000000000000000, 1.600000000000000089 ) ) ;
#1925 = CARTESIAN_POINT ( 'NONE',  ( 0.1823888843626339240, 1.991791682189839818, -1.521954503934385139 ) ) ;
#1926 = CARTESIAN_POINT ( 'NONE',  ( -1.338300807568873818, -0.7726683315065836499, 1.783333333333332771 ) ) ;
#1927 = CARTESIAN_POINT ( 'NONE',  ( 1.732050807568876971, 1.000000000000000000, -1.629166666666667762 ) ) ;
#1928 = CARTESIAN_POINT ( 'NONE',  ( 1.732050807568877415, -0.9999999999999995559, 0.9666666666666666741 ) ) ;
#1929 = B_SPLINE_CURVE_WITH_KNOTS ( 'NONE', 3,
 ( #1643, #2358, #2865, #1982, #826, #275 ),
 .UNSPECIFIED., .F., .F.,
 ( 4, 2, 4 ),
 ( 0.01104054122425449092, 0.01201111410053841422, 0.01298168697682233926 ),
 .UNSPECIFIED. ) ;
#1930 = CARTESIAN_POINT ( 'NONE',  ( -0.06458941418316506422, -4.002023710782228960, -1.309855574092556152 ) ) ;
#1931 = CARTESIAN_POINT ( 'NONE',  ( 1.932188538131356381, 0.5196774273619142459, -0.2573077262323310577 ) ) ;
#1932 = CARTESIAN_POINT ( 'NONE',  ( 0.07253745826922314288, 3.998867380492497237, -1.311603594999106059 ) ) ;
#1933 = ORIENTED_EDGE ( 'NONE', *, *, #1170, .F. ) ;
#1934 = CARTESIAN_POINT ( 'NONE',  ( 3.446805679400798628, -2.046471335125262137, -1.306403518167266409 ) ) ;
#1935 = CARTESIAN_POINT ( 'NONE',  ( -1.394099894608654022, -0.6667464929827578990, 1.075336663013167771 ) ) ;
#1936 = ORIENTED_EDGE ( 'NONE', *, *, #2140, .F. ) ;
#1937 = CARTESIAN_POINT ( 'NONE',  ( -1.154700538379250796, -2.000000000000000444, -0.6083333333333333925 ) ) ;
#1938 = CARTESIAN_POINT ( 'NONE',  ( -1.999999999999971800, 3.351543441997347780E-07, -1.337500019550671215 ) ) ;
#1939 = CARTESIAN_POINT ( 'NONE',  ( 0.4521360807467496024, 1.948265665584008044, 1.263135388381373181 ) ) ;
#1940 = CARTESIAN_POINT ( 'NONE',  ( -1.338300807568874706, 0.7726683315065820956, 0.9666666666666662300 ) ) ;
#1941 = CARTESIAN_POINT ( 'NONE',  ( -1.870274471123939630, -0.4756378802923718063, -1.445101465521736461 ) ) ;
#1942 = CC_DESIGN_PERSON_AND_ORGANIZATION_ASSIGNMENT ( #2421, #1943, ( #2202 ) ) ;
#1943 = PERSON_AND_ORGANIZATION_ROLE ( 'creator' ) ;
#1944 = CARTESIAN_POINT ( 'NONE',  ( -1.897322455296596821, -0.6330891016315770559, -0.6005741422636291516 ) ) ;
#1945 = ADVANCED_FACE ( 'NONE', ( #1415 ), #1259, .F. ) ;
#1946 = CARTESIAN_POINT ( 'NONE',  ( -0.2201032385076523989, 1.987854440651884547, -0.1010253166930659280 ) ) ;
#1947 = CARTESIAN_POINT ( 'NONE',  ( -1.933432667397364524, -4.491301552656192909E-14, -1.463432667397364106 ) ) ;
#1948 = EDGE_CURVE ( 'NONE', #2512, #834, #2850, .T. ) ;
#1949 = VECTOR ( 'NONE', #2781, 1000.000000000000000 ) ;
#1950 = DIRECTION ( 'NONE',  ( 0.000000000000000000, 0.000000000000000000, -1.000000000000000000 ) ) ;
#1951 = DIRECTION ( 'NONE',  ( 0.000000000000000000, 0.000000000000000000, -1.000000000000000000 ) ) ;
#1952 = CARTESIAN_POINT ( 'NONE',  ( -1.732050807568878081, 0.9999999999999986677, -1.483333333333333393 ) ) ;
#1953 = ORIENTED_EDGE ( 'NONE', *, *, #2786, .F. ) ;
#1954 = CARTESIAN_POINT ( 'NONE',  ( -0.01464738939342111884, 4.013765224130810161, 1.303362079174980259 ) ) ;
#1955 = CARTESIAN_POINT ( 'NONE',  ( 1.338300807568874040, 0.7726683315065832058, -0.6666666666666671848 ) ) ;
#1956 = CARTESIAN_POINT ( 'NONE',  ( 0.4426519809941507622, 1.950410782173078728, 1.263687324917943444 ) ) ;
#1957 = CARTESIAN_POINT ( 'NONE',  ( -1.732050807568876527, -1.000000000000000666, -1.279166666666667673 ) ) ;
#1958 = CARTESIAN_POINT ( 'NONE',  ( -3.500000000000000444, -1.919689645055576710, -1.316005544564190721 ) ) ;
#1959 = CIRCLE ( 'NONE', #364, 2.070000000000000284 ) ;
#1960 = DATE_AND_TIME ( #1273, #957 ) ;
#1961 = CARTESIAN_POINT ( 'NONE',  ( 1.984246745162010050, -0.2505562630456998896, 0.3978842028598477132 ) ) ;
#1962 = CARTESIAN_POINT ( 'NONE',  ( -2.000000000000000000, -8.134310703387671364E-16, 0.6749999999999999334 ) ) ;
#1963 = B_SPLINE_CURVE_WITH_KNOTS ( 'NONE', 3,
 ( #2648, #2823, #27, #2602, #1389, #1449 ),
 .UNSPECIFIED., .F., .F.,
 ( 4, 2, 4 ),
 ( 0.002044882221487527574, 0.003011415531601589063, 0.003977948841715650552 ),
 .UNSPECIFIED. ) ;
#1964 = CARTESIAN_POINT ( 'NONE',  ( 1.846006626056567068, 0.7739834015133540968, -0.2423909930130864754 ) ) ;
#1965 = CARTESIAN_POINT ( 'NONE',  ( 1.749999999999998446, -3.031088913245536087, -1.600000000000000089 ) ) ;
#1966 = CYLINDRICAL_SURFACE ( 'NONE', #202, 0.1750000000000000167 ) ;
#1967 = CARTESIAN_POINT ( 'NONE',  ( -2.867328807447246497, 2.385998825492547493, 1.474438468866252627 ) ) ;
#1968 = CARTESIAN_POINT ( 'NONE',  ( -1.732050807568878081, 0.9999999999999986677, 1.316666666666666652 ) ) ;
#1969 = ORIENTED_EDGE ( 'NONE', *, *, #281, .T. ) ;
#1970 = CARTESIAN_POINT ( 'NONE',  ( -1.658257151732991375, -1.118239380137200367, 1.528086832711468723 ) ) ;
#1971 = CARTESIAN_POINT ( 'NONE',  ( 0.8922005383792499522, -1.545336663013165746, -0.1416666666666673291 ) ) ;
#1972 = CARTESIAN_POINT ( 'NONE',  ( 1.987471125057341359, 0.2268050440404535961, 1.125720369206898441 ) ) ;
#1973 = CARTESIAN_POINT ( 'NONE',  ( -1.732050807568876527, -1.000000000000000666, 0.8208333333333323045 ) ) ;
#1974 = CARTESIAN_POINT ( 'NONE',  ( 1.574710958600369137, 0.6187026253376809448, -1.214400245250555122 ) ) ;
#1975 = ORIENTED_EDGE ( 'NONE', *, *, #2307, .T. ) ;
#1976 = CARTESIAN_POINT ( 'NONE',  ( 1.338300807568874262, -0.7726683315065827617, -1.395833333333333925 ) ) ;
#1977 = CARTESIAN_POINT ( 'NONE',  ( 1.999999999426613995, -0.04978206946601080457, 0.4095349181712479858 ) ) ;
#1978 = CARTESIAN_POINT ( 'NONE',  ( -1.187009876619528725, -1.611007968488268327, -0.5339445816828523039 ) ) ;
#1979 = CARTESIAN_POINT ( 'NONE',  ( 0.6556228840447987372, 1.889505169543915120, -0.1488583382530631327 ) ) ;
#1980 = CARTESIAN_POINT ( 'NONE',  ( -0.3589645852555305994, -3.834203584400558640, -1.403036564024059407 ) ) ;
#1981 = CARTESIAN_POINT ( 'NONE',  ( 3.499999999999999112, -1.928100145237959806, 1.313670402287399730 ) ) ;
#1982 = CARTESIAN_POINT ( 'NONE',  ( -3.499999999999999556, 0.6534320582525157128, -1.572821304610745985 ) ) ;
#1983 = CARTESIAN_POINT ( 'NONE',  ( -3.412500000009174084, 2.071244090712489605, -1.316005544561289264 ) ) ;
#1984 = EDGE_CURVE ( 'NONE', #249, #2705, #1128, .T. ) ;
#1985 = ORIENTED_EDGE ( 'NONE', *, *, #2586, .F. ) ;
#1986 = CARTESIAN_POINT ( 'NONE',  ( 1.732050807568877193, 1.000000000000000222, -1.016666666666666829 ) ) ;
#1987 = CARTESIAN_POINT ( 'NONE',  ( -1.784401076758498794, -3.277891600571078112E-16, 0.3249999999999995670 ) ) ;
#1988 = CARTESIAN_POINT ( 'NONE',  ( -0.4296565899791580101, 1.953316547832234074, 1.310578204231809041 ) ) ;
#1989 = CARTESIAN_POINT ( 'NONE',  ( 3.497393489013600032, 1.954591201291852931, 1.307583103085734555 ) ) ;
#1990 = CARTESIAN_POINT ( 'NONE',  ( -3.412500000000273204, -2.071244090717624164, -1.316005544564122776 ) ) ;
#1991 = ORIENTED_EDGE ( 'NONE', *, *, #1072, .F. ) ;
#1992 = VECTOR ( 'NONE', #2018, 1000.000000000000000 ) ;
#1993 = COORDINATED_UNIVERSAL_TIME_OFFSET ( 6, 0, .BEHIND. ) ;
#1994 = CARTESIAN_POINT ( 'NONE',  ( -4.898587196589412829E-16, 2.000000000000000000, 1.899999999999999911 ) ) ;
#1995 = CARTESIAN_POINT ( 'NONE',  ( 1.988359230522054544, -0.2177421347294875853, 0.3997975251959265397 ) ) ;
#1996 = CARTESIAN_POINT ( 'NONE',  ( 0.4532850021833557119, -1.953037050957438181, -0.4382169130356497466 ) ) ;
#1997 = CARTESIAN_POINT ( 'NONE',  ( 0.9283176674528729189, 1.776637603254288544, -0.1662369210474910486 ) ) ;
#1998 = CARTESIAN_POINT ( 'NONE',  ( 1.883279398769335700, 0.6734302053610872196, -0.9482169076254166606 ) ) ;
#1999 = PERSON ( 'UNSPECIFIED', 'UNSPECIFIED', 'UNSPECIFIED', ('UNSPECIFIED'), ('UNSPECIFIED'), ('UNSPECIFIED') ) ;
#2000 = CARTESIAN_POINT ( 'NONE',  ( -1.518415592309173112, 0.3328207829751920754, 1.075336663013168215 ) ) ;
#2001 = CARTESIAN_POINT ( 'NONE',  ( -3.427364431551536583, 2.062662107160155411, 1.311240036647951746 ) ) ;
#2002 = CARTESIAN_POINT ( 'NONE',  ( 0.000000000000000000, 0.000000000000000000, -1.600000000000000089 ) ) ;
#2003 = AXIS2_PLACEMENT_3D ( 'NONE', #469, #1, #1421 ) ;
#2004 = VERTEX_POINT ( 'NONE', #660 ) ;
#2005 = AXIS2_PLACEMENT_3D ( 'NONE', #1747, #2427, #1531 ) ;
#2006 = CARTESIAN_POINT ( 'NONE',  ( -4.898587196589412829E-16, 2.000000000000000000, -1.600000000000000089 ) ) ;
#2007 = CARTESIAN_POINT ( 'NONE',  ( -1.732050807568876971, -1.000000000000000888, -1.366666666666666696 ) ) ;
#2008 = CARTESIAN_POINT ( 'NONE',  ( -1.120430658108522604, 1.656920861806260081, 1.354122166732207644 ) ) ;
#2009 = CARTESIAN_POINT ( 'NONE',  ( 1.732050807568876971, 1.000000000000000000, 1.870833333333332016 ) ) ;
#2010 = LINE ( 'NONE', #101, #2552 ) ;
#2011 = ORIENTED_EDGE ( 'NONE', *, *, #481, .F. ) ;
#2012 = PERSON_AND_ORGANIZATION_ROLE ( 'design_owner' ) ;
#2013 = CARTESIAN_POINT ( 'NONE',  ( -1.154700538379252794, 1.999999999999999334, 2.658333333333333659 ) ) ;
#2014 = FACE_OUTER_BOUND ( 'NONE', #1032, .T. ) ;
#2015 = CARTESIAN_POINT ( 'NONE',  ( 1.694308647086912423, -1.062761897622465090, -0.3495704652043364336 ) ) ;
#2016 = ADVANCED_FACE ( 'NONE', ( #3056 ), #1061, .F. ) ;
#2017 = CARTESIAN_POINT ( 'NONE',  ( 0.08749999999972470077, -3.990933735773445790, -1.316005544564122998 ) ) ;
#2018 = DIRECTION ( 'NONE',  ( 0.000000000000000000, 0.000000000000000000, -1.000000000000000000 ) ) ;
#2019 = CARTESIAN_POINT ( 'NONE',  ( -1.998787207288502454, -0.07501035566260413900, -1.333128069129430271 ) ) ;
#2020 = EDGE_LOOP ( 'NONE', ( #1774, #2839, #191, #408 ) ) ;
#2021 = CARTESIAN_POINT ( 'NONE',  ( 2.309401076758502924, 1.414100318299875804E-16, -1.074999999999999956 ) ) ;
#2022 = CARTESIAN_POINT ( 'NONE',  ( 1.999999999999999556, 2.905110965495596845E-16, 0.3250000000000000111 ) ) ;
#2023 = CARTESIAN_POINT ( 'NONE',  ( -1.856393162299335042, -0.7448725298832452602, 0.8059533737162669631 ) ) ;
#2024 = CARTESIAN_POINT ( 'NONE',  ( 1.732050807568876971, 1.000000000000000000, 1.170833333333332282 ) ) ;
#2025 = CARTESIAN_POINT ( 'NONE',  ( -3.495699004035532020, -1.961785612706948179, -1.306403518167265521 ) ) ;
#2026 = ORIENTED_EDGE ( 'NONE', *, *, #2802, .T. ) ;
#2027 = CARTESIAN_POINT ( 'NONE',  ( 1.154700538379251240, 2.000000000000000000, 1.841666666666666563 ) ) ;
#2028 = CARTESIAN_POINT ( 'NONE',  ( 1.735315606080002793, 3.982907133694463355E-14, 1.265315606080003930 ) ) ;
#2029 = CARTESIAN_POINT ( 'NONE',  ( 1.999999999998178568, -1.916206122652517276E-06, -0.2875328065928313137 ) ) ;
#2030 = ADVANCED_FACE ( 'NONE', ( #2083 ), #1679, .F. ) ;
#2031 = CARTESIAN_POINT ( 'NONE',  ( -0.1132803038472604551, 1.996834151018630266, 0.5933205511793819831 ) ) ;
#2032 = CARTESIAN_POINT ( 'NONE',  ( -0.03180624869987420944, -4.012323981204804824, -1.304158023556797774 ) ) ;
#2033 = DIRECTION ( 'NONE',  ( -0.7071067811865487940, 8.659560562354948882E-17, 0.7071067811865463515 ) ) ;
#2034 = ORIENTED_EDGE ( 'NONE', *, *, #2107, .F. ) ;
#2035 = CARTESIAN_POINT ( 'NONE',  ( -1.732050807568878081, 0.9999999999999986677, -0.08333333333333348136 ) ) ;
#2036 = CARTESIAN_POINT ( 'NONE',  ( -1.732050807568876971, -1.000000000000000888, 0.03333333333333334675 ) ) ;
#2037 = DIRECTION ( 'NONE',  ( -0.000000000000000000, -0.000000000000000000, 1.000000000000000000 ) ) ;
#2038 = CARTESIAN_POINT ( 'NONE',  ( 1.732050807568876971, 1.000000000000000000, -0.2291666666666674623 ) ) ;
#2039 = CARTESIAN_POINT ( 'NONE',  ( -1.877668767287002494, -0.6953807420332094313, 0.1030299615378715977 ) ) ;
#2040 = ORIENTED_EDGE ( 'NONE', *, *, #1683, .F. ) ;
#2041 = CARTESIAN_POINT ( 'NONE',  ( -1.338300807568874706, 0.7726683315065820956, -1.045833333333333837 ) ) ;
#2042 = CARTESIAN_POINT ( 'NONE',  ( -1.784401076758498794, -3.277891600571078112E-16, -2.475000000000000533 ) ) ;
#2043 = CARTESIAN_POINT ( 'NONE',  ( 1.701009726649180376, -1.052053955017522080, -0.3489222843973203148 ) ) ;
#2044 = B_SPLINE_CURVE_WITH_KNOTS ( 'NONE', 3,
 ( #128, #1615, #2979, #423, #1363, #847, #1582, #2528, #1375, #377, #2294, #2324, #1349 ),
 .UNSPECIFIED., .F., .F.,
 ( 4, 3, 3, 3, 4 ),
 ( 3.056823377935905529E-16, 5.343974640608144066E-05, 0.0001070471692697220253, 0.0001587453692534756275, 0.0001846555834760383859 ),
 .UNSPECIFIED. ) ;
#2045 = EDGE_CURVE ( 'NONE', #458, #316, #2962, .T. ) ;
#2046 = CARTESIAN_POINT ( 'NONE',  ( 0.8124650552344842014, 1.827642499309684254, 0.5414303338936934384 ) ) ;
#2047 = ADVANCED_FACE ( 'NONE', ( #1084 ), #1005, .F. ) ;
#2048 = CARTESIAN_POINT ( 'NONE',  ( -0.8922005383792503963, 1.545336663013166190, -0.4041666666666649532 ) ) ;
#2049 = CARTESIAN_POINT ( 'NONE',  ( -1.527094803552831337, -1.293118532736539983, -1.260380755241279571 ) ) ;
#2050 = ORIENTED_EDGE ( 'NONE', *, *, #2858, .F. ) ;
#2051 = CARTESIAN_POINT ( 'NONE',  ( 1.154700538379251240, 2.000000000000000000, 1.141666666666666385 ) ) ;
#2052 = CARTESIAN_POINT ( 'NONE',  ( -1.338300807568874706, 0.7726683315065820956, 0.9666666666666662300 ) ) ;
#2053 = CARTESIAN_POINT ( 'NONE',  ( -1.633398285748491441, -1.154153398032817135, 0.8302797798528879225 ) ) ;
#2054 = CARTESIAN_POINT ( 'NONE',  ( 1.892491597964125742E-16, -1.545336663013166190, -2.212500000000000355 ) ) ;
#2055 = CARTESIAN_POINT ( 'NONE',  ( -0.5472139434947412839, -1.923848799558826039, 0.2076277014414806554 ) ) ;
#2056 = AXIS2_PLACEMENT_3D ( 'NONE', #2216, #356, #1514 ) ;
#2057 = VERTEX_POINT ( 'NONE', #2325 ) ;
#2058 = CARTESIAN_POINT ( 'NONE',  ( -1.238984979455162172, 1.578865328228695741, -0.03763935186433640251 ) ) ;
#2059 = LOCAL_TIME ( 10, 39, 53.00000000000000000, #1488 ) ;
#2060 = CARTESIAN_POINT ( 'NONE',  ( 1.338300807568874040, 0.7726683315065832058, 0.8208333333333325266 ) ) ;
#2061 = CARTESIAN_POINT ( 'NONE',  ( -0.8922005383792501743, 1.545336663013165523, 1.695833333333332860 ) ) ;
#2062 = CARTESIAN_POINT ( 'NONE',  ( -3.784983195928251484E-16, 1.545336663013166190, 0.1499999999999993006 ) ) ;
#2063 = CARTESIAN_POINT ( 'NONE',  ( 0.9250573125557246534, 1.778329050787681442, -0.8660219550760018814 ) ) ;
#2064 = CARTESIAN_POINT ( 'NONE',  ( -1.085619385425530048, 1.681729599173781065, 0.6515707327955299055 ) ) ;
#2065 = CARTESIAN_POINT ( 'NONE',  ( -1.561376096084617471, -1.250632832623324031, -1.263371037160205601 ) ) ;
#2066 = ORIENTED_EDGE ( 'NONE', *, *, #2688, .T. ) ;
#2067 = DIRECTION ( 'NONE',  ( 1.000000000000000000, 0.000000000000000000, 0.000000000000000000 ) ) ;
#2068 = DIRECTION ( 'NONE',  ( -0.000000000000000000, -0.000000000000000000, 1.000000000000000000 ) ) ;
#2069 = CARTESIAN_POINT ( 'NONE',  ( -1.338300807568873818, -0.7726683315065836499, -2.329166666666667496 ) ) ;
#2070 = CARTESIAN_POINT ( 'NONE',  ( -1.962619678304919235, -0.3906739774924933850, 0.08521094689222165341 ) ) ;
#2071 = ORIENTED_EDGE ( 'NONE', *, *, #2906, .T. ) ;
#2072 = CARTESIAN_POINT ( 'NONE',  ( -2.000000000000000000, 0.000000000000000000, 7.256854249492381115 ) ) ;
#2073 = CARTESIAN_POINT ( 'NONE',  ( -1.784401076758498794, -3.277891600571078112E-16, -0.2875000000000006439 ) ) ;
#2074 = CARTESIAN_POINT ( 'NONE',  ( -1.784401076758498794, -3.277891600571078112E-16, 1.112499999999999156 ) ) ;
#2075 = CARTESIAN_POINT ( 'NONE',  ( -1.338300807568874706, 0.7726683315065820956, -1.133333333333333748 ) ) ;
#2076 = CARTESIAN_POINT ( 'NONE',  ( 1.848682711233591069, 0.7663490753107946585, -0.9428340978363465297 ) ) ;
#2077 = CARTESIAN_POINT ( 'NONE',  ( -1.558927746457856145, 1.252902396136905905, 0.6880446133020571287 ) ) ;
#2078 = CARTESIAN_POINT ( 'NONE',  ( -0.9069200962027768043, -1.787444033906726126, -1.214625947138800344 ) ) ;
#2079 = ORIENTED_EDGE ( 'NONE', *, *, #2348, .T. ) ;
#2080 = B_SPLINE_CURVE_WITH_KNOTS ( 'NONE', 3,
 ( #2168, #24, #3065, #1931, #2354, #2874, #1694, #3051, #934, #1890, #2834, #1964, #1512, #1260, #1009, #1229, #525, #792, #1474, #2659, #1827, #2213, #2888, #1997, #1102, #2474, #3001, #1979, #2425, #2904, #1459, #2923, #2245, #287, #74, #107, #867, #90, #1244, #2182, #2710, #509, #321, #991, #1946, #36, #2457, #758, #809, #2411, #2195, #1277, #2229, #2939, #272, #774, #1712, #53, #1729, #338, #2058, #1045, #305, #1293, #2676, #540, #2440, #1763, #1745, #1493, #575, #1529, #1027 ),
 .UNSPECIFIED., .F., .F.,
 ( 4, 2, 2, 2, 2, 2, 2, 2, 1, 2, 2, 2, 2, 1, 2, 2, 1, 2, 2, 2, 1, 1, 1, 2, 2, 2, 1, 2, 2, 2, 2, 2, 2, 2, 2, 2, 2, 2, 2, 4 ),
 ( 0.4087125361471274920, 0.4156370955543469692, 0.4190993752579567078, 0.4208305151097615493, 0.4216960850356639701, 0.4225616549615664463, 0.4294862143687859235, 0.4303517842946883443, 0.4312173542205908205, 0.4329484940723956621, 0.4364107737760054007, 0.4433353331832248778, 0.4502598925904442995, 0.4519910324422491965, 0.4528566023681516173, 0.4532893873311027999, 0.4537221722940540380, 0.4571844519976637766, 0.4606467317012735152, 0.4610795166642246978, 0.4615123016271759360, 0.4623778715530783567, 0.4641090114048832538, 0.4675712911084929924, 0.4684368610343954131, 0.4688696459973466513, 0.4693024309602978894, 0.4710335708121027309, 0.4779581302193221526, 0.4814204099229318357, 0.4831515497747367327, 0.4840171197006391535, 0.4844499046635903361, 0.4848826896265415742, 0.4918072490337611624, 0.4987318084409806951, 0.5004629482927855921, 0.5021940881445904337, 0.5056563678482002278, 0.5195054866626394041 ),
 .UNSPECIFIED. ) ;
#2081 = DIRECTION ( 'NONE',  ( 1.000000000000000000, 0.000000000000000000, -0.000000000000000000 ) ) ;
#2082 = CARTESIAN_POINT ( 'NONE',  ( -1.747004324139255216, 0.9736698208362362106, 1.405701025723134601 ) ) ;
#2083 = FACE_OUTER_BOUND ( 'NONE', #881, .T. ) ;
#2084 = CARTESIAN_POINT ( 'NONE',  ( -1.031691407228668256, -1.718387073409033849, 0.1770184210505952871 ) ) ;
#2085 = EDGE_CURVE ( 'NONE', #1524, #237, #1700, .T. ) ;
#2086 = ORIENTED_EDGE ( 'NONE', *, *, #2976, .T. ) ;
#2087 = CARTESIAN_POINT ( 'NONE',  ( -1.321068502147670021, -0.8380683940123434539, 1.083370653564732278 ) ) ;
#2088 = CARTESIAN_POINT ( 'NONE',  ( -1.338300807568873818, -0.7726683315065836499, 1.870833333333332682 ) ) ;
#2089 = CARTESIAN_POINT ( 'NONE',  ( -1.784401076758498794, -3.277891600571078112E-16, 1.812499999999999334 ) ) ;
#2090 = CARTESIAN_POINT ( 'NONE',  ( -1.784401076758498794, -3.277891600571078112E-16, -2.475000000000000533 ) ) ;
#2091 = CARTESIAN_POINT ( 'NONE',  ( -0.2370322666551264168, 1.985904909813672070, -0.8001292232411494343 ) ) ;
#2092 = CARTESIAN_POINT ( 'NONE',  ( -1.553290343412608410, 1.259884614551233906, 0.6875556477840167879 ) ) ;
#2093 = CARTESIAN_POINT ( 'NONE',  ( 1.319854513828884857, -1.504530883903886895, -1.081423363724540732 ) ) ;
#2094 = ORIENTED_EDGE ( 'NONE', *, *, #1683, .T. ) ;
#2095 = CARTESIAN_POINT ( 'NONE',  ( 3.499999999999999112, -1.286671059031463837, -1.475157883768686062 ) ) ;
#2096 = CARTESIAN_POINT ( 'NONE',  ( 1.321624439264381445, -1.501477832216906894, 1.018662270321174512 ) ) ;
#2097 = CARTESIAN_POINT ( 'NONE',  ( 0.8922005383792491751, 1.545336663013166190, -1.220833333333333881 ) ) ;
#2098 = CARTESIAN_POINT ( 'NONE',  ( 0.3591214167011650416, -1.968175960733921093, 0.2564812467904455384 ) ) ;
#2099 = ORIENTED_EDGE ( 'NONE', *, *, #2665, .F. ) ;
#2100 = DIRECTION ( 'NONE',  ( 1.000000000000000000, 0.000000000000000000, 0.000000000000000000 ) ) ;
#2101 = CARTESIAN_POINT ( 'NONE',  ( 1.784401076758498794, 1.092630533523692910E-16, 0.06249999999999941019 ) ) ;
#2102 = CARTESIAN_POINT ( 'NONE',  ( 0.8922005383792498412, -1.545336663013165523, 1.345833333333332771 ) ) ;
#2103 = CARTESIAN_POINT ( 'NONE',  ( -1.338300807568873818, -0.7726683315065836499, -1.716666666666667229 ) ) ;
#2104 = CARTESIAN_POINT ( 'NONE',  ( -1.539102928976947560, 1.284277801956547727, -0.7139487801001775935 ) ) ;
#2105 = CARTESIAN_POINT ( 'NONE',  ( -1.338300807568874706, 0.7726683315065820956, 0.3541666666666684060 ) ) ;
#2106 = CC_DESIGN_APPROVAL ( #203, ( #2202 ) ) ;
#2107 = EDGE_CURVE ( 'NONE', #702, #2512, #597, .T. ) ;
#2108 = CARTESIAN_POINT ( 'NONE',  ( -1.745401960712117617, 0.9768507172982082709, 0.7054728045385149082 ) ) ;
#2109 = CARTESIAN_POINT ( 'NONE',  ( 1.999999999998542943, -1.713574410093052201E-06, -0.9875293486849936464 ) ) ;
#2110 = ORIENTED_EDGE ( 'NONE', *, *, #2274, .F. ) ;
#2111 = CARTESIAN_POINT ( 'NONE',  ( -1.573716653273161681, 0.2633489112487782391, -1.120524984353364228 ) ) ;
#2112 = CARTESIAN_POINT ( 'NONE',  ( 0.6747676091708006973, -1.882753064280519251, 0.9750061247003058984 ) ) ;
#2113 = CARTESIAN_POINT ( 'NONE',  ( -0.8922005383792501743, 1.545336663013165523, -1.804166666666667140 ) ) ;
#2114 = CARTESIAN_POINT ( 'NONE',  ( 1.351371402425727064, -1.475959247805412655, 0.3210036259114844581 ) ) ;
#2115 = ORIENTED_EDGE ( 'NONE', *, *, #1453, .F. ) ;
#2116 = CARTESIAN_POINT ( 'NONE',  ( -1.957206714755449717, -3.433841161215795967E-14, 1.487206714755449966 ) ) ;
#2117 = CARTESIAN_POINT ( 'NONE',  ( -1.662684280458326169, -0.4206647052984737734, 1.232063689692097341 ) ) ;
#2118 = CARTESIAN_POINT ( 'NONE',  ( -0.8922005383792501743, 1.545336663013165523, -0.4916666666666671404 ) ) ;
#2119 = CARTESIAN_POINT ( 'NONE',  ( -0.8922005383792489530, -1.545336663013166412, -0.9583333333333338144 ) ) ;
#2120 = CARTESIAN_POINT ( 'NONE',  ( 1.716734049806176721, -0.1201557512203092343, -1.246734049806177635 ) ) ;
#2121 = B_SPLINE_CURVE_WITH_KNOTS ( 'NONE', 3,
 ( #590, #2443, #1047, #794 ),
 .UNSPECIFIED., .F., .F.,
 ( 4, 4 ),
 ( 0.0001043164952619558312, 0.002044882221487526706 ),
 .UNSPECIFIED. ) ;
#2122 = CARTESIAN_POINT ( 'NONE',  ( -1.415594785724580085, 0.6387912342217810791, 1.064273845935147067 ) ) ;
#2123 = EDGE_CURVE ( 'NONE', #156, #828, #2980, .T. ) ;
#2124 = CARTESIAN_POINT ( 'NONE',  ( -1.749999999999997558, 3.031088913245536531, 1.600000000000000089 ) ) ;
#2125 = CARTESIAN_POINT ( 'NONE',  ( -2.000000000000000000, 0.5358983848622443924, -0.05626073911696442137 ) ) ;
#2126 = CARTESIAN_POINT ( 'NONE',  ( -0.02145111642290734727, -4.013960830729428331, 1.303253042212781931 ) ) ;
#2127 = CYLINDRICAL_SURFACE ( 'NONE', #250, 2.000000000000000000 ) ;
#2128 = CARTESIAN_POINT ( 'NONE',  ( -0.1790931424598793398, -1.991981202055842504, 0.9282187199933743527 ) ) ;
#2129 = CARTESIAN_POINT ( 'NONE',  ( 1.338300807568874262, -0.7726683315065827617, 0.7041666666666660523 ) ) ;
#2130 = ORIENTED_EDGE ( 'NONE', *, *, #122, .F. ) ;
#2131 = CARTESIAN_POINT ( 'NONE',  ( 0.000000000000000000, 0.000000000000000000, -1.600000000000000089 ) ) ;
#2132 = DIRECTION ( 'NONE',  ( 0.000000000000000000, 0.000000000000000000, -1.000000000000000000 ) ) ;
#2133 = CARTESIAN_POINT ( 'NONE',  ( 1.784401076758498794, 1.092630533523692910E-16, -0.02500000000000049752 ) ) ;
#2134 = CARTESIAN_POINT ( 'NONE',  ( 1.732050807568877193, -0.9999999999999993339, -2.445833333333334192 ) ) ;
#2135 = CARTESIAN_POINT ( 'NONE',  ( -1.197562277070078229, -1.443647119637581522, -1.401938578143837821 ) ) ;
#2136 = CARTESIAN_POINT ( 'NONE',  ( 1.338300807568874040, 0.7726683315065832058, -0.5791666666666649421 ) ) ;
#2137 = CARTESIAN_POINT ( 'NONE',  ( -1.778851478629695171, 0.9141898040722191698, 0.7091714142822531652 ) ) ;
#2138 = CARTESIAN_POINT ( 'NONE',  ( 1.999999999689847874, -0.04704724661042149897, -0.9902815696463339590 ) ) ;
#2139 = CARTESIAN_POINT ( 'NONE',  ( -0.03872807083702298203, -4.010040171771813711, 1.305420199740423781 ) ) ;
#2140 = EDGE_CURVE ( 'NONE', #2766, #458, #2485, .T. ) ;
#2141 = CARTESIAN_POINT ( 'NONE',  ( -2.000000000000000000, -8.134310703387671364E-16, -0.7250000000000000888 ) ) ;
#2142 = CARTESIAN_POINT ( 'NONE',  ( 0.7142389286029749984, -1.868513300034829738, 0.9774098462488343131 ) ) ;
#2143 = VERTEX_POINT ( 'NONE', #2824 ) ;
#2144 = CARTESIAN_POINT ( 'NONE',  ( -0.07253745826912799677, 3.998867380492509671, 1.311603594999098954 ) ) ;
#2145 = ADVANCED_FACE ( 'NONE', ( #689 ), #1659, .F. ) ;
#2146 = CARTESIAN_POINT ( 'NONE',  ( -3.468698954227370290, -2.019567623378858645, 1.303362079174959165 ) ) ;
#2147 = CARTESIAN_POINT ( 'NONE',  ( -0.8922005383792501743, 1.545336663013165523, 0.2083333333333327320 ) ) ;
#2148 = B_SPLINE_CURVE_WITH_KNOTS ( 'NONE', 3,
 ( #833, #2734, #599, #786, #1004, #865, #1115, #878, #2070, #1352, #2039, #1618, #1824, #1086, #1867, #2794, #2531, #366, #2764, #2517, #1366, #3012, #632, #1585, #1129, #676, #2313, #2545, #174, #145, #661, #2809, #1838, #2503, #397, #188, #2084, #1804, #2559, #3026, #2297, #2055, #426, #2327, #1100, #1570, #645, #893, #615, #1142, #1600, #2747, #2998, #1851, #160, #1378, #2779, #412, #380, #1323, #2098, #3040, #910, #2268, #131, #1337, #2284, #2982, #850, #441, #1160, #2114, #2343, #3057, #2573, #926, #2826, #1883, #1392, #207, #1632, #1743, #1312, #1760, #105, #319, #556, #1025, #2455, #790, #823, #1961, #1995, #2937, #2258, #1977, #1059 ),
 .UNSPECIFIED., .F., .F.,
 ( 4, 2, 1, 1, 2, 2, 2, 2, 2, 1, 2, 2, 2, 2, 2, 2, 1, 2, 2, 1, 2, 2, 2, 2, 2, 2, 2, 2, 2, 1, 1, 2, 2, 2, 2, 2, 2, 2, 2, 2, 2, 1, 2, 2, 1, 2, 2, 2, 1, 2, 2, 1, 2, 4 ),
 ( 0.5195054866626394041, 0.5199263743569968454, 0.5203472620513542868, 0.5211890374400691694, 0.5228725882174989348, 0.5262396897723584654, 0.5329738928820774158, 0.5338156682707922984, 0.5346574436595071811, 0.5363409944369369464, 0.5397080959917964771, 0.5413916467692262424, 0.5422334221579411251, 0.5430751975466560078, 0.5464422991015154274, 0.5481258498789451927, 0.5489676252676600754, 0.5493885129620175167, 0.5495989568091962374, 0.5498094006563749581, 0.5531765022112342667, 0.5599107053209529949, 0.5632778068758124146, 0.5649613576532420689, 0.5666449084306717232, 0.5700120099855310318, 0.5716955607629607972, 0.5733791115403904515, 0.5767462130952497601, 0.5784297638726794144, 0.5792715392613942971, 0.5794819831085730177, 0.5796924269557517384, 0.5801133146501091797, 0.5868475177598277970, 0.5935817208695466363, 0.5944234962582614079, 0.5952652716469762906, 0.5969488224244059449, 0.6003159239792652535, 0.6070501270889840928, 0.6087336778664137471, 0.6095754532551286298, 0.6099963409494859601, 0.6104172286438434014, 0.6137843301987028211, 0.6205185333084215493, 0.6238856348632808579, 0.6243065225576382993, 0.6245169664048170199, 0.6246221883284064358, 0.6247274102519957406, 0.6255691856407106233, 0.6272527364181402776 ),
 .UNSPECIFIED. ) ;
#2149 = CARTESIAN_POINT ( 'NONE',  ( -3.784983195928251484E-16, 1.545336663013166190, 1.549999999999999600 ) ) ;
#2150 = CARTESIAN_POINT ( 'NONE',  ( 1.119866414903701202, -1.380801959964276682, -1.303867204330040330 ) ) ;
#2151 = CARTESIAN_POINT ( 'NONE',  ( -1.995310857282785788, -0.1470942195724520840, -0.6289334132340514971 ) ) ;
#2152 = B_SPLINE_CURVE_WITH_KNOTS ( 'NONE', 3,
 ( #1001, #2500, #2947, #533, #1482, #1721 ),
 .UNSPECIFIED., .F., .F.,
 ( 4, 2, 4 ),
 ( 0.002044882221487528007, 0.003011415531601589063, 0.003977948841715650552 ),
 .UNSPECIFIED. ) ;
#2153 = CONICAL_SURFACE ( 'NONE', #49, 3.500000000000000000, 1.047197551196600074 ) ;
#2154 = CARTESIAN_POINT ( 'NONE',  ( -1.999999999999978462, 2.907086598350227545E-07, 0.7624996970869459822 ) ) ;
#2155 = CARTESIAN_POINT ( 'NONE',  ( 1.989670983990559305, -0.2036987452887639993, -0.9993828203426423640 ) ) ;
#2156 = CARTESIAN_POINT ( 'NONE',  ( 3.499999999999998668, 1.919689645055505656, -1.316005544564211149 ) ) ;
#2157 = DIRECTION ( 'NONE',  ( 0.7071067811865487940, 0.000000000000000000, 0.7071067811865463515 ) ) ;
#2158 = CARTESIAN_POINT ( 'NONE',  ( 1.674461877688184330, -1.093815355398613631, 1.048521838870878353 ) ) ;
#2159 = B_SPLINE_CURVE_WITH_KNOTS ( 'NONE', 3,
 ( #2174, #2188, #472, #1000, #501, #238 ),
 .UNSPECIFIED., .F., .F.,
 ( 4, 2, 4 ),
 ( 0.005838139006013627966, 0.006809325186568036814, 0.007780511367122445662 ),
 .UNSPECIFIED. ) ;
#2160 = CONICAL_SURFACE ( 'NONE', #1404, 2.070000000000000284, 0.7853981633974500554 ) ;
#2161 = ORIENTED_EDGE ( 'NONE', *, *, #919, .T. ) ;
#2162 = FACE_OUTER_BOUND ( 'NONE', #2401, .T. ) ;
#2163 = CARTESIAN_POINT ( 'NONE',  ( -1.092809732740087192, 1.675108412728924856, -1.447817488050828993 ) ) ;
#2164 = CARTESIAN_POINT ( 'NONE',  ( -1.338300807568874706, 0.7726683315065820956, 1.666666666666665853 ) ) ;
#2165 = CARTESIAN_POINT ( 'NONE',  ( 1.154700538379251684, -1.999999999999999334, -1.804166666666667584 ) ) ;
#2166 = CARTESIAN_POINT ( 'NONE',  ( 0.5019103967005051903, -1.736122535565136404, -1.333294181347389307 ) ) ;
#2167 = CARTESIAN_POINT ( 'NONE',  ( -1.998790776631722776, -0.07491994293736388422, -0.6331337423351125482 ) ) ;
#2168 = CARTESIAN_POINT ( 'NONE',  ( 1.999999999998178568, -1.916206122652517276E-06, -0.2875328065928313137 ) ) ;
#2169 = CARTESIAN_POINT ( 'NONE',  ( -1.750000000000001110, -3.031088913245534755, -1.600000000000000089 ) ) ;
#2170 = VERTEX_POINT ( 'NONE', #236 ) ;
#2171 = CARTESIAN_POINT ( 'NONE',  ( -1.525600701267403991, 0.6496729664049539776, -1.183227214442660324 ) ) ;
#2172 = CARTESIAN_POINT ( 'NONE',  ( -2.000000000000000000, -8.134310703387671364E-16, 1.375000000000000000 ) ) ;
#2173 = VERTEX_POINT ( 'NONE', #2233 ) ;
#2174 = CARTESIAN_POINT ( 'NONE',  ( 3.499999999999998668, 0.000000000000000000, 1.600000000000000089 ) ) ;
#2175 = CARTESIAN_POINT ( 'NONE',  ( -0.5234175245996104398, 1.933676569653457689, -1.484084650646836812 ) ) ;
#2176 = CARTESIAN_POINT ( 'NONE',  ( 0.8922005383792498412, -1.545336663013165523, -0.8416666666666672292 ) ) ;
#2177 = EDGE_CURVE ( 'NONE', #747, #2795, #942, .T. ) ;
#2178 = CARTESIAN_POINT ( 'NONE',  ( -1.784401076758498794, -3.277891600571078112E-16, 1.024999999999999245 ) ) ;
#2179 = CARTESIAN_POINT ( 'NONE',  ( 0.000000000000000000, 0.000000000000000000, 7.256854249492381115 ) ) ;
#2180 = ADVANCED_FACE ( 'NONE', ( #514 ), #578, .F. ) ;
#2181 = CARTESIAN_POINT ( 'NONE',  ( 0.000000000000000000, 0.000000000000000000, 7.256854249492381115 ) ) ;
#2182 = CARTESIAN_POINT ( 'NONE',  ( 0.004655340265472267432, 2.001793922053866304, -0.1125684967454427254 ) ) ;
#2183 = CARTESIAN_POINT ( 'NONE',  ( 0.04889332463472873674, 4.008256947832206762, -1.306403518167265521 ) ) ;
#2184 = VERTEX_POINT ( 'NONE', #2927 ) ;
#2185 = DIRECTION ( 'NONE',  ( 0.000000000000000000, 0.000000000000000000, -1.000000000000000000 ) ) ;
#2186 = CARTESIAN_POINT ( 'NONE',  ( -2.000000000000000000, 0.5358983848622443924, 1.343739260883035636 ) ) ;
#2187 = VERTEX_POINT ( 'NONE', #78 ) ;
#2188 = CARTESIAN_POINT ( 'NONE',  ( 3.499999999999998224, 0.3247170633041923105, 1.600000000000000533 ) ) ;
#2189 = CARTESIAN_POINT ( 'NONE',  ( -0.3555947352130450767, 1.968964227597838734, -1.493691789576546247 ) ) ;
#2190 = CARTESIAN_POINT ( 'NONE',  ( 0.4897464354838090839, 1.939281564331755137, 1.260928469619516656 ) ) ;
#2191 = CARTESIAN_POINT ( 'NONE',  ( -1.154700538379252128, 1.999999999999998668, -1.454166666666667718 ) ) ;
#2192 = DIRECTION ( 'NONE',  ( 0.000000000000000000, 0.000000000000000000, 1.000000000000000000 ) ) ;
#2193 = CALENDAR_DATE ( 2026, 1, 6 ) ;
#2194 = DIRECTION ( 'NONE',  ( 0.000000000000000000, 0.000000000000000000, 1.000000000000000000 ) ) ;
#2195 = CARTESIAN_POINT ( 'NONE',  ( -0.6804015268321090826, 1.882172877701524083, -0.07462057314654134410 ) ) ;
#2196 = CARTESIAN_POINT ( 'NONE',  ( 1.999999999999999556, 2.905110965495596845E-16, -0.3750000000000000555 ) ) ;
#2197 = CIRCLE ( 'NONE', #1107, 2.000000000000000000 ) ;
#2198 = EDGE_CURVE ( 'NONE', #983, #1465, #2752, .T. ) ;
#2199 = CARTESIAN_POINT ( 'NONE',  ( 0.000000000000000000, 0.000000000000000000, -1.600000000000000089 ) ) ;
#2200 = CARTESIAN_POINT ( 'NONE',  ( -3.500000000000000444, 1.919689645055508320, 1.316005544564209817 ) ) ;
#2201 = CARTESIAN_POINT ( 'NONE',  ( 1.999999999999999556, 2.905110965495596845E-16, -1.074999999999999956 ) ) ;
#2202 = PRODUCT_DEFINITION_FORMATION_WITH_SPECIFIED_SOURCE ( 'ANY', '', #2853, .NOT_KNOWN. ) ;
#2203 = ORIENTED_EDGE ( 'NONE', *, *, #766, .T. ) ;
#2204 = CARTESIAN_POINT ( 'NONE',  ( -1.930208767050523910, -0.5241794319760607612, 1.493066403183968882 ) ) ;
#2205 = CARTESIAN_POINT ( 'NONE',  ( -1.338300807568874706, 0.7726683315065820956, -0.4333333333333339588 ) ) ;
#2206 = CARTESIAN_POINT ( 'NONE',  ( 1.958077848936586651, 0.4132150014278031525, 1.136555407127122441 ) ) ;
#2207 = CARTESIAN_POINT ( 'NONE',  ( 1.732050807568877193, -0.9999999999999993339, 1.054166666666666030 ) ) ;
#2208 = CARTESIAN_POINT ( 'NONE',  ( -1.732050807568876971, -1.000000000000000888, 1.433333333333333126 ) ) ;
#2209 = ORIENTED_EDGE ( 'NONE', *, *, #591, .T. ) ;
#2210 = CARTESIAN_POINT ( 'NONE',  ( -3.784983195928251484E-16, 1.545336663013166190, -0.4625000000000006883 ) ) ;
#2211 = CARTESIAN_POINT ( 'NONE',  ( -1.749774355982199658, 0.8137167138656815624, 1.455966799144864821 ) ) ;
#2212 = CARTESIAN_POINT ( 'NONE',  ( 0.000000000000000000, 0.000000000000000000, 1.600000000000000089 ) ) ;
#2213 = CARTESIAN_POINT ( 'NONE',  ( 1.266577067933622569, 1.553704410754487508, -0.1895732259149991439 ) ) ;
#2214 = CYLINDRICAL_SURFACE ( 'NONE', #754, 2.000000000000000000 ) ;
#2215 = ADVANCED_FACE ( 'NONE', ( #1015 ), #1749, .F. ) ;
#2216 = CARTESIAN_POINT ( 'NONE',  ( 3.499999999999998668, 2.020725942163690725, 1.600000000000000089 ) ) ;
#2217 = DIRECTION ( 'NONE',  ( 1.000000000000000000, 0.000000000000000000, 0.000000000000000000 ) ) ;
#2218 = CARTESIAN_POINT ( 'NONE',  ( -1.168192517863509750, 1.623368793961406986, -1.530000000000000027 ) ) ;
#2219 = ORIENTED_EDGE ( 'NONE', *, *, #2369, .T. ) ;
#2220 = CARTESIAN_POINT ( 'NONE',  ( -1.682607507121556933, -1.081636016983972937, 1.525869399558942741 ) ) ;
#2221 = CARTESIAN_POINT ( 'NONE',  ( 0.8922005383792499522, -1.545336663013165746, 0.5583333333333327930 ) ) ;
#2222 = CARTESIAN_POINT ( 'NONE',  ( 0.4332941070705632058, 1.952500124500993861, 1.264225323345891772 ) ) ;
#2223 = CARTESIAN_POINT ( 'NONE',  ( -1.732050807568877859, 0.9999999999999985567, -0.6958333333333343029 ) ) ;
#2224 = CARTESIAN_POINT ( 'NONE',  ( -2.000000000000000000, -8.134310703387671364E-16, 1.375000000000000000 ) ) ;
#2225 = ORIENTED_EDGE ( 'NONE', *, *, #1464, .F. ) ;
#2226 = CARTESIAN_POINT ( 'NONE',  ( -0.8922005383792489530, -1.545336663013166412, -1.570833333333334192 ) ) ;
#2227 = CARTESIAN_POINT ( 'NONE',  ( 0.1549259460516959619, 1.838245658105510216, 1.370829438718070170 ) ) ;
#2228 = CARTESIAN_POINT ( 'NONE',  ( 1.988124387796682768, -0.2177774422933279330, -0.3002037812561421104 ) ) ;
#2229 = CARTESIAN_POINT ( 'NONE',  ( -0.8847340563549845882, 1.794266125364513131, -0.06176996584888746339 ) ) ;
#2230 = CARTESIAN_POINT ( 'NONE',  ( 0.000000000000000000, 0.000000000000000000, -1.600000000000000089 ) ) ;
#2231 = CARTESIAN_POINT ( 'NONE',  ( -3.500000000000001776, 1.294071183846062567, 1.473682472052509906 ) ) ;
#2232 = CARTESIAN_POINT ( 'NONE',  ( -1.548029088586568403, 0.3370072883800742103, 1.104741127871388340 ) ) ;
#2233 = CARTESIAN_POINT ( 'NONE',  ( -3.500000000000000000, 0.000000000000000000, -1.600000000000000089 ) ) ;
#2234 = ORIENTED_EDGE ( 'NONE', *, *, #591, .F. ) ;
#2235 = CARTESIAN_POINT ( 'NONE',  ( 2.449293598294706414E-16, -2.000000000000000000, -0.5500000000000001554 ) ) ;
#2236 = CARTESIAN_POINT ( 'NONE',  ( -3.784983195928251484E-16, 1.545336663013166190, 0.8499999999999994227 ) ) ;
#2237 = CARTESIAN_POINT ( 'NONE',  ( -0.5722629631033701036, 1.917347814709810194, 1.318959878710615152 ) ) ;
#2238 = CARTESIAN_POINT ( 'NONE',  ( -4.898587196589411843E-16, 1.999999999999999556, 0.5874999999999990230 ) ) ;
#2239 = CARTESIAN_POINT ( 'NONE',  ( -1.226648344260964363, 0.9621478386912311054, -1.075336663013167771 ) ) ;
#2240 = ORIENTED_EDGE ( 'NONE', *, *, #1629, .F. ) ;
#2241 = APPROVAL_ROLE ( '' ) ;
#2242 = CARTESIAN_POINT ( 'NONE',  ( -1.338300807568873818, -0.7726683315065836499, -0.9291666666666673624 ) ) ;
#2243 = CARTESIAN_POINT ( 'NONE',  ( 1.660028872772352448, 0.5983969676929771220, 1.290468583733597630 ) ) ;
#2244 = CARTESIAN_POINT ( 'NONE',  ( -0.3800114667328515772, -1.964658611567793534, -0.4826634577025862849 ) ) ;
#2245 = CARTESIAN_POINT ( 'NONE',  ( 0.3882024550065615864, 1.963101091448417490, -0.1331206011852731907 ) ) ;
#2246 = LINE ( 'NONE', #994, #2397 ) ;
#2247 = DIRECTION ( 'NONE',  ( 0.000000000000000000, 0.000000000000000000, 1.000000000000000000 ) ) ;
#2248 = CARTESIAN_POINT ( 'NONE',  ( -1.415518443745678701, 1.431201424329759275, -1.518482892505775839 ) ) ;
#2249 = AXIS2_PLACEMENT_3D ( 'NONE', #2212, #2873, #739 ) ;
#2250 = VERTEX_POINT ( 'NONE', #1935 ) ;
#2251 = DIRECTION ( 'NONE',  ( 0.000000000000000000, 0.000000000000000000, 1.000000000000000000 ) ) ;
#2252 = CARTESIAN_POINT ( 'NONE',  ( -1.191891579363200337, 1.606141172606983858, 1.359200074220245469 ) ) ;
#2253 = CARTESIAN_POINT ( 'NONE',  ( -1.154700538379250352, -2.000000000000000000, -0.5208333333333342585 ) ) ;
#2254 = CARTESIAN_POINT ( 'NONE',  ( 0.000000000000000000, 0.000000000000000000, 1.600000000000000089 ) ) ;
#2255 = EDGE_CURVE ( 'NONE', #237, #2173, #1613, .T. ) ;
#2256 = ORIENTED_EDGE ( 'NONE', *, *, #2822, .T. ) ;
#2257 = CARTESIAN_POINT ( 'NONE',  ( -1.338300807568873818, -0.7726683315065836499, -2.329166666666667496 ) ) ;
#2258 = CARTESIAN_POINT ( 'NONE',  ( 1.998146473171340753, -0.1025153715015098971, 0.4064862787096093499 ) ) ;
#2259 = CARTESIAN_POINT ( 'NONE',  ( 1.999999999632819714, -0.04745038214629183904, -0.2903107171810809795 ) ) ;
#2260 = CONICAL_SURFACE ( 'NONE', #208, 3.500000000000000000, 1.047197551196600074 ) ;
#2261 = CARTESIAN_POINT ( 'NONE',  ( 0.3066252458638974998, 1.980791414013828078, 0.5712697105860720104 ) ) ;
#2262 = CARTESIAN_POINT ( 'NONE',  ( 0.003119296751690203706, -4.015257520924428114, -1.302537939658001687 ) ) ;
#2263 = CARTESIAN_POINT ( 'NONE',  ( 0.6317359770505809324, -3.676718947920455616, -1.490486543124885488 ) ) ;
#2264 = VERTEX_POINT ( 'NONE', #2445 ) ;
#2265 = CARTESIAN_POINT ( 'NONE',  ( 1.154700538379251240, 2.000000000000000000, -0.9583333333333334814 ) ) ;
#2266 = CARTESIAN_POINT ( 'NONE',  ( -1.912765844687795980, 0.6007083507528098165, 1.427598256869442750 ) ) ;
#2267 = CARTESIAN_POINT ( 'NONE',  ( 1.154700538379251018, 1.999999999999999778, -0.8708333333333343473 ) ) ;
#2268 = CARTESIAN_POINT ( 'NONE',  ( 0.8503872476228753197, -1.821674417866916862, 0.2857108489725549982 ) ) ;
#2269 = ORIENTED_EDGE ( 'NONE', *, *, #2917, .T. ) ;
#2270 = EDGE_CURVE ( 'NONE', #1757, #1734, #2336, .T. ) ;
#2271 = CARTESIAN_POINT ( 'NONE',  ( -1.338300807568874706, 0.7726683315065820956, -2.445833333333333748 ) ) ;
#2272 = CARTESIAN_POINT ( 'NONE',  ( -1.338300807568874706, 0.7726683315065820956, -1.133333333333333748 ) ) ;
#2273 = CARTESIAN_POINT ( 'NONE',  ( 0.1665768048594606920, -1.993112379153907598, -0.4537489470583814244 ) ) ;
#2274 = EDGE_CURVE ( 'NONE', #2057, #1249, #2623, .T. ) ;
#2275 = ADVANCED_FACE ( 'NONE', ( #2894 ), #2160, .F. ) ;
#2276 = CARTESIAN_POINT ( 'NONE',  ( 1.769095068643141477, 0.9350492575449682597, 0.4670435655165610100 ) ) ;
#2277 = FACE_OUTER_BOUND ( 'NONE', #1374, .T. ) ;
#2278 = CARTESIAN_POINT ( 'NONE',  ( -1.863929953319985566, 0.6152293965369761697, -1.486705084705409741 ) ) ;
#2279 = VERTEX_POINT ( 'NONE', #326 ) ;
#2280 = CARTESIAN_POINT ( 'NONE',  ( 2.449293598294706414E-16, -2.000000000000000000, 0.8499999999999998668 ) ) ;
#2281 = CARTESIAN_POINT ( 'NONE',  ( -3.500000000000000000, 0.000000000000000000, 1.600000000000000089 ) ) ;
#2282 = CARTESIAN_POINT ( 'NONE',  ( -1.642291105350304647, -1.141463950970018626, 0.8294984060959978978 ) ) ;
#2283 = CARTESIAN_POINT ( 'NONE',  ( -1.338300807568873818, -0.7726683315065836499, -0.9291666666666673624 ) ) ;
#2284 = CARTESIAN_POINT ( 'NONE',  ( 1.114413080544605972, -1.660962517157921203, 0.3036859314759167150 ) ) ;
#2285 = EDGE_LOOP ( 'NONE', ( #79, #1266, #2780, #96, #1633, #906 ) ) ;
#2286 = CARTESIAN_POINT ( 'NONE',  ( -0.8922005383792501743, 1.545336663013165523, 0.2958333333333326154 ) ) ;
#2287 = CARTESIAN_POINT ( 'NONE',  ( -0.8922005383792489530, -1.545336663013166412, -2.358333333333333837 ) ) ;
#2288 = CARTESIAN_POINT ( 'NONE',  ( -0.1889738306621775166, -1.991454641930375358, -0.4722992257424479257 ) ) ;
#2289 = CARTESIAN_POINT ( 'NONE',  ( 1.932124936440469565, 0.5200083868867851900, -0.9572871818524514298 ) ) ;
#2290 = CARTESIAN_POINT ( 'NONE',  ( -0.9122285951266714266, 1.779883905518698350, 0.6400027923465796409 ) ) ;
#2291 = B_SPLINE_CURVE_WITH_KNOTS ( 'NONE', 3,
 ( #1198, #2120, #2609, #1184, #22, #696, #464, #2150, #505, #3063, #476, #2166, #949, #2844, #2420, #1457, #1666, #1651, #2860, #2135, #270, #1416, #1226, #737, #1916, #1941, #711, #1709 ),
 .UNSPECIFIED., .F., .F.,
 ( 4, 2, 2, 2, 2, 2, 2, 2, 2, 2, 2, 2, 2, 4 ),
 ( 0.003807714928892329178, 0.004164987619166024210, 0.004522260309439718809, 0.005236805689987108006, 0.005594078380260802605, 0.005951351070534497203, 0.006308623760808191802, 0.006665896451081886401, 0.007380441831629275598, 0.007737714521902970197, 0.008094987212176664795, 0.008452259902450359394, 0.008809532592724053993, 0.009524077973271443190 ),
 .UNSPECIFIED. ) ;
#2292 = DIRECTION ( 'NONE',  ( 0.000000000000000000, 0.000000000000000000, 1.000000000000000000 ) ) ;
#2293 = ORIENTED_EDGE ( 'NONE', *, *, #2504, .F. ) ;
#2294 = CARTESIAN_POINT ( 'NONE',  ( 3.499389467005987964, 1.936614408659532494, -1.311603594999027234 ) ) ;
#2295 = CARTESIAN_POINT ( 'NONE',  ( -1.805181135867680142, 0.8626436213529972141, 1.412207655171539677 ) ) ;
#2296 = CARTESIAN_POINT ( 'NONE',  ( 0.8922005383792498412, -1.545336663013165523, -1.454166666666667274 ) ) ;
#2297 = CARTESIAN_POINT ( 'NONE',  ( -0.5804286322184750713, -1.914204843731117434, 0.2056007853050286216 ) ) ;
#2298 = AXIS2_PLACEMENT_3D ( 'NONE', #162, #1354, #1395 ) ;
#2299 = VERTEX_POINT ( 'NONE', #2172 ) ;
#2300 = CARTESIAN_POINT ( 'NONE',  ( -3.500000000000000000, -1.286671059031462061, -1.475157883768685174 ) ) ;
#2301 = LOCAL_TIME ( 10, 39, 53.00000000000000000, #1993 ) ;
#2302 = CARTESIAN_POINT ( 'NONE',  ( 1.338300807568874040, 0.7726683315065832058, 2.220833333333332327 ) ) ;
#2303 = CARTESIAN_POINT ( 'NONE',  ( 1.338300807568874262, -0.7726683315065827617, -1.483333333333333837 ) ) ;
#2304 = CARTESIAN_POINT ( 'NONE',  ( 1.338300807568874262, -0.7726683315065827617, -2.183333333333334014 ) ) ;
#2305 = CARTESIAN_POINT ( 'NONE',  ( -0.9251283748051017941, 1.773898413087821702, -0.7591433919114537465 ) ) ;
#2306 = CARTESIAN_POINT ( 'NONE',  ( -1.523477450534317601, 1.296318580378354790, 0.6849777172284396975 ) ) ;
#2307 = EDGE_CURVE ( 'NONE', #2314, #2299, #2647, .T. ) ;
#2308 = CARTESIAN_POINT ( 'NONE',  ( -1.292829987725369500, -1.526560158127759470, -1.241625552240121388 ) ) ;
#2309 = EDGE_LOOP ( 'NONE', ( #2389, #851 ) ) ;
#2310 = CARTESIAN_POINT ( 'NONE',  ( -3.500000000000001332, -0.3245832349797257432, 1.600000000000000089 ) ) ;
#2311 = CARTESIAN_POINT ( 'NONE',  ( -0.2937330559637703065, -1.978492674957721409, 0.9220110325857342470 ) ) ;
#2312 = CARTESIAN_POINT ( 'NONE',  ( -1.784401076758498794, -3.277891600571078112E-16, -1.687500000000000666 ) ) ;
#2313 = CARTESIAN_POINT ( 'NONE',  ( -1.447856846869625347, -1.380192827040665815, 0.1462405842730536143 ) ) ;
#2314 = VERTEX_POINT ( 'NONE', #996 ) ;
#2315 = CARTESIAN_POINT ( 'NONE',  ( -2.070000000000000284, 0.000000000000000000, -1.600000000000000089 ) ) ;
#2316 = CARTESIAN_POINT ( 'NONE',  ( -0.5783411367839202954, -1.897549903843910091, 1.502375739476307315 ) ) ;
#2317 = CARTESIAN_POINT ( 'NONE',  ( 1.892491597964125742E-16, -1.545336663013166190, 1.287499999999999423 ) ) ;
#2318 = CARTESIAN_POINT ( 'NONE',  ( 0.8922005383792498412, -1.545336663013165523, -2.241666666666666696 ) ) ;
#2319 = CARTESIAN_POINT ( 'NONE',  ( -1.238345283085006576, 1.579336688015715140, -0.7376809458786323104 ) ) ;
#2320 = UNCERTAINTY_MEASURE_WITH_UNIT (LENGTH_MEASURE( 1.000000000000000082E-05 ), #48, 'distance_accuracy_value', 'NONE');
#2321 = CARTESIAN_POINT ( 'NONE',  ( -0.01631549360896602727, 2.000187843250702091, 0.5883149310244447650 ) ) ;
#2322 = CARTESIAN_POINT ( 'NONE',  ( -1.732050807568878081, 0.9999999999999986677, -0.08333333333333348136 ) ) ;
#2323 = ORIENTED_EDGE ( 'NONE', *, *, #1487, .F. ) ;
#2324 = CARTESIAN_POINT ( 'NONE',  ( 3.499999999999999112, 1.928100145238105245, -1.313670402287358652 ) ) ;
#2325 = CARTESIAN_POINT ( 'NONE',  ( 1.750000000000001332, 3.031088913245534755, -1.600000000000000089 ) ) ;
#2326 = CARTESIAN_POINT ( 'NONE',  ( -3.784983195928251484E-16, 1.545336663013166190, -2.562500000000000444 ) ) ;
#2327 = CARTESIAN_POINT ( 'NONE',  ( -0.4723714743063285315, -1.943626185586637245, 0.2120798643093069202 ) ) ;
#2328 = ORIENTED_EDGE ( 'NONE', *, *, #2765, .F. ) ;
#2329 = DIRECTION ( 'NONE',  ( -0.000000000000000000, -0.000000000000000000, -1.000000000000000000 ) ) ;
#2330 = CARTESIAN_POINT ( 'NONE',  ( 1.892491597964125742E-16, -1.545336663013166190, 1.287499999999999423 ) ) ;
#2331 = CARTESIAN_POINT ( 'NONE',  ( -1.338300807568874706, 0.7726683315065820956, -2.533333333333333659 ) ) ;
#2332 = CARTESIAN_POINT ( 'NONE',  ( -1.784401076758498794, -3.277891600571078112E-16, -0.3750000000000004996 ) ) ;
#2333 = CARTESIAN_POINT ( 'NONE',  ( 0.3855296930424722546, 1.963603907005474269, -0.8329658250551839060 ) ) ;
#2334 = EDGE_CURVE ( 'NONE', #175, #2687, #1182, .T. ) ;
#2335 = PLANE ( 'NONE',  #913 ) ;
#2336 = B_SPLINE_CURVE_WITH_KNOTS ( 'NONE', 3,
 ( #814, #292, #545, #2698, #1498, #1983 ),
 .UNSPECIFIED., .F., .F.,
 ( 4, 2, 4 ),
 ( 0.002044882221487526706, 0.003011415531607509240, 0.003977948841727491774 ),
 .UNSPECIFIED. ) ;
#2337 = CARTESIAN_POINT ( 'NONE',  ( -1.919504667949296639, 0.5621819428987477885, 0.7297066262509844803 ) ) ;
#2338 = CARTESIAN_POINT ( 'NONE',  ( -0.3611731070289062595, -1.968181593682245101, -1.181636276604937752 ) ) ;
#2339 = ORIENTED_EDGE ( 'NONE', *, *, #264, .T. ) ;
#2340 = CARTESIAN_POINT ( 'NONE',  ( 3.412500000009172751, -2.071244090712486940, -1.316005544561290597 ) ) ;
#2341 = CARTESIAN_POINT ( 'NONE',  ( 1.469884104703154781, -1.357376765588258261, 1.030616148434804646 ) ) ;
#2342 = CARTESIAN_POINT ( 'NONE',  ( 3.478874664232927572, 2.004927370233308803, 1.302537939658001909 ) ) ;
#2343 = CARTESIAN_POINT ( 'NONE',  ( 1.497616321873742606, -1.332586517402504667, 0.3325518654137173402 ) ) ;
#2344 = ORIENTED_EDGE ( 'NONE', *, *, #95, .T. ) ;
#2345 = DIRECTION ( 'NONE',  ( 0.000000000000000000, 0.000000000000000000, -1.000000000000000000 ) ) ;
#2346 = CARTESIAN_POINT ( 'NONE',  ( -1.338300807568874706, 0.7726683315065820956, 1.754166666666665764 ) ) ;
#2347 = CARTESIAN_POINT ( 'NONE',  ( 0.8922005383792491751, 1.545336663013166190, 2.191666666666666430 ) ) ;
#2348 = EDGE_CURVE ( 'NONE', #2173, #1757, #1699, .T. ) ;
#2349 = CARTESIAN_POINT ( 'NONE',  ( -1.338300807568873818, -0.7726683315065836499, 0.3833333333333325266 ) ) ;
#2350 = CARTESIAN_POINT ( 'NONE',  ( -1.611421831369420188, 1.189098190416196132, -0.7074708467462684780 ) ) ;
#2351 = AXIS2_PLACEMENT_3D ( 'NONE', #1097, #2995, #642 ) ;
#2352 = CIRCLE ( 'NONE', #1710, 2.070000000000000284 ) ;
#2353 = CARTESIAN_POINT ( 'NONE',  ( -1.784401076758499460, -3.277891600571079098E-16, -0.2874999999999982569 ) ) ;
#2354 = CARTESIAN_POINT ( 'NONE',  ( 1.918485227759069600, 0.5665166712918834335, -0.2545319502266087941 ) ) ;
#2355 = CARTESIAN_POINT ( 'NONE',  ( 0.09159781935677391296, -1.998883241782309028, -1.157590617671896638 ) ) ;
#2356 = VECTOR ( 'NONE', #1074, 1000.000000000000000 ) ;
#2357 = ORIENTED_EDGE ( 'NONE', *, *, #388, .F. ) ;
#2358 = CARTESIAN_POINT ( 'NONE',  ( -3.500000000000001332, 1.608799489782660297, -1.402322972692527481 ) ) ;
#2359 = CARTESIAN_POINT ( 'NONE',  ( 1.643759828040080251, -1.139496067755681574, 1.045640092924178033 ) ) ;
#2360 = CARTESIAN_POINT ( 'NONE',  ( 1.784401076758498794, 1.092630533523692910E-16, 0.06249999999999941019 ) ) ;
#2361 = VERTEX_POINT ( 'NONE', #1110 ) ;
#2362 = CARTESIAN_POINT ( 'NONE',  ( -1.832964470935374068, -0.7921955591599533220, 1.516725028840196110 ) ) ;
#2363 = CARTESIAN_POINT ( 'NONE',  ( -1.277422620127887987, 1.540963039254021005, -1.434616704598991710 ) ) ;
#2364 = CARTESIAN_POINT ( 'NONE',  ( 0.8922005383792498412, -1.545336663013165523, -0.1416666666666673013 ) ) ;
#2365 = CARTESIAN_POINT ( 'NONE',  ( -1.732050807568877859, 0.9999999999999985567, -1.395833333333334147 ) ) ;
#2366 = CARTESIAN_POINT ( 'NONE',  ( -2.000000000000000000, -8.134310703387671364E-16, 0.6749999999999999334 ) ) ;
#2367 = ADVANCED_FACE ( 'NONE', ( #2540 ), #391, .F. ) ;
#2368 = CARTESIAN_POINT ( 'NONE',  ( 0.07263556844862086026, -3.999515719330826169, -1.311240036642033591 ) ) ;
#2369 = EDGE_CURVE ( 'NONE', #627, #2928, #1546, .T. ) ;
#2370 = CARTESIAN_POINT ( 'NONE',  ( 0.000000000000000000, 0.000000000000000000, -1.600000000000000089 ) ) ;
#2371 = CARTESIAN_POINT ( 'NONE',  ( 1.914375692499261206, -0.5936295151098445189, -1.021986681577706113 ) ) ;
#2372 = B_SPLINE_CURVE_WITH_KNOTS ( 'NONE', 3,
 ( #111, #843, #2493, #1346, #2019, #1782, #374, #3007, #2961, #1798, #2525, #125, #2741, #2788, #873, #607, #1564, #139, #1331, #1595, #1093, #406, #2065, #2049, #1361, #1816, #2308, #169, #2758, #626, #1579, #154, #1833, #1124, #2774, #2078, #888, #1533, #3052, #2613, #2338, #670, #13, #3079, #480, #952, #2355, #421, #1387, #2804, #2848, #1861, #685, #1906, #1627, #1172, #233, #1432, #2581, #1201, #1656, #2567, #2093, #2554, #1641, #1419, #1188, #451, #2385, #921, #434, #1919, #245, #1612, #2371, #200, #2600, #467, #716, #2155, #1877, #1154, #2138, #2109 ),
 .UNSPECIFIED., .F., .F.,
 ( 4, 2, 1, 1, 2, 2, 2, 2, 2, 1, 2, 2, 2, 2, 2, 2, 2, 2, 1, 1, 2, 2, 2, 2, 2, 1, 2, 2, 2, 2, 2, 2, 2, 1, 2, 2, 2, 2, 2, 1, 2, 2, 2, 2, 2, 4 ),
 ( 0.08162879456853930349, 0.08205162614211060357, 0.08247445771568191752, 0.08332012086282453156, 0.08501144715710974575, 0.08839409974568020190, 0.09177675233425064416, 0.09515940492282110030, 0.1019247100999620126, 0.1027703732471046127, 0.1031932048206759128, 0.1036160363942472129, 0.1053073626885324271, 0.1086900152771028694, 0.1120726678656733116, 0.1137639941599585397, 0.1139754099467441828, 0.1141868257335298398, 0.1146096573071011399, 0.1154553204542437539, 0.1222206256313846939, 0.1256032782199551501, 0.1289859308085256062, 0.1323685833970960901, 0.1340599096913813182, 0.1357512359856665463, 0.1391338885742370024, 0.1399795517213796303, 0.1408252148685222305, 0.1425165411628074585, 0.1492818463399484263, 0.1560471515170893664, 0.1568928146642319943, 0.1577384778113745945, 0.1594298041056598225, 0.1628124566942302787, 0.1695777618713712465, 0.1712690881656565023, 0.1721147513127991302, 0.1729604144599417304, 0.1763430670485121587, 0.1831083722256530988, 0.1864910248142235549, 0.1873366879613661551, 0.1881823511085087830, 0.1898736774027940111 ),
 .UNSPECIFIED. ) ;
#2373 = EDGE_CURVE ( 'NONE', #2546, #747, #1818, .T. ) ;
#2374 = ORIENTED_EDGE ( 'NONE', *, *, #2586, .T. ) ;
#2375 = CARTESIAN_POINT ( 'NONE',  ( -0.3139302909657433749, 1.896536320032071510, -1.448083319665703916 ) ) ;
#2376 = DIRECTION ( 'NONE',  ( -1.000000000000000000, 0.000000000000000000, 0.000000000000000000 ) ) ;
#2377 = ORIENTED_EDGE ( 'NONE', *, *, #766, .F. ) ;
#2378 = CARTESIAN_POINT ( 'NONE',  ( -1.984460285798249624, -0.2561773369569006475, 1.477416910384798721 ) ) ;
#2379 = CARTESIAN_POINT ( 'NONE',  ( -3.433559492993492501, -2.056947928889290900, 1.309855574092556818 ) ) ;
#2380 = CARTESIAN_POINT ( 'NONE',  ( 1.892491597964125742E-16, -1.545336663013166190, 2.600000000000000089 ) ) ;
#2381 = CARTESIAN_POINT ( 'NONE',  ( 0.8922005383792498412, -1.545336663013165523, 1.958333333333332815 ) ) ;
#2382 = CARTESIAN_POINT ( 'NONE',  ( -1.999999912451241535, 0.3099516821954501622, -0.6555805141324501095 ) ) ;
#2383 = CARTESIAN_POINT ( 'NONE',  ( -1.845300451330651681, -0.7725728740873138989, -0.5924957083226615184 ) ) ;
#2384 = CARTESIAN_POINT ( 'NONE',  ( -1.947394583429976400, 0.4565015789424556325, 0.7358736554709349731 ) ) ;
#2385 = CARTESIAN_POINT ( 'NONE',  ( 1.697406767351590684, -1.057808365288360308, -1.049269710055464211 ) ) ;
#2386 = EDGE_LOOP ( 'NONE', ( #1192, #609, #706, #2555 ) ) ;
#2387 = CARTESIAN_POINT ( 'NONE',  ( -1.567901575581871043, 0.1329623765713245642, -1.098278734745500085 ) ) ;
#2388 = CARTESIAN_POINT ( 'NONE',  ( 1.421822475127947349, -1.406630827379613091, 1.026697595163471144 ) ) ;
#2389 = ORIENTED_EDGE ( 'NONE', *, *, #2400, .F. ) ;
#2390 = CARTESIAN_POINT ( 'NONE',  ( -1.957235406589540982, -0.4146652007980025090, 1.486660171496749783 ) ) ;
#2391 = CARTESIAN_POINT ( 'NONE',  ( 0.2912139240408001539, 1.979094643425503230, -1.527798730580555153 ) ) ;
#2392 = CARTESIAN_POINT ( 'NONE',  ( -3.784983195928251484E-16, 1.545336663013166190, -0.5500000000000005995 ) ) ;
#2393 = CARTESIAN_POINT ( 'NONE',  ( -1.154700538379250352, -2.000000000000000000, -1.920833333333334281 ) ) ;
#2394 = CARTESIAN_POINT ( 'NONE',  ( -1.999999999999999556, -0.5358983848622460577, 0.7062607391169642979 ) ) ;
#2395 = CONICAL_SURFACE ( 'NONE', #1858, 3.500000000000000000, 1.047197551196600074 ) ;
#2396 = DIRECTION ( 'NONE',  ( -1.000000000000000000, 0.000000000000000000, 0.000000000000000000 ) ) ;
#2397 = VECTOR ( 'NONE', #290, 1000.000000000000000 ) ;
#2398 = CARTESIAN_POINT ( 'NONE',  ( -1.791997463413435465, 0.8881447138554168230, 0.7106916004703721645 ) ) ;
#2399 = FACE_OUTER_BOUND ( 'NONE', #184, .T. ) ;
#2400 = EDGE_CURVE ( 'NONE', #2789, #2928, #2352, .T. ) ;
#2401 = EDGE_LOOP ( 'NONE', ( #860, #2034, #1155, #1619 ) ) ;
#2402 = FACE_OUTER_BOUND ( 'NONE', #633, .T. ) ;
#2403 = CARTESIAN_POINT ( 'NONE',  ( -4.898587196589412829E-16, 2.000000000000000000, -0.9000000000000001332 ) ) ;
#2404 = AXIS2_PLACEMENT_3D ( 'NONE', #1889, #842, #2757 ) ;
#2405 = ORIENTED_EDGE ( 'NONE', *, *, #2724, .F. ) ;
#2406 = CARTESIAN_POINT ( 'NONE',  ( 0.000000000000000000, 0.000000000000000000, 1.600000000000000089 ) ) ;
#2407 = CARTESIAN_POINT ( 'NONE',  ( -0.9091708698781058029, 1.782138227254272955, -1.460179700832582306 ) ) ;
#2408 = CARTESIAN_POINT ( 'NONE',  ( 1.338300807568874040, 0.7726683315065832058, 1.433333333333332682 ) ) ;
#2409 = CARTESIAN_POINT ( 'NONE',  ( 1.154700538379251018, 1.999999999999999778, -1.570833333333334414 ) ) ;
#2410 = CARTESIAN_POINT ( 'NONE',  ( 0.3309213845559241807, 1.972432771285810071, -1.530000102779339732 ) ) ;
#2411 = CARTESIAN_POINT ( 'NONE',  ( -0.4680997305481822135, 1.950119626931518635, -0.08737349537651287190 ) ) ;
#2412 = DIRECTION ( 'NONE',  ( -1.000000000000000000, 0.000000000000000000, 0.000000000000000000 ) ) ;
#2413 = CARTESIAN_POINT ( 'NONE',  ( -0.003119296751585879605, -4.015257520924466306, 1.302537939657981481 ) ) ;
#2414 = CARTESIAN_POINT ( 'NONE',  ( -1.999999999999784839, 9.263846002595722655E-07, 0.06249994596089852167 ) ) ;
#2415 = EDGE_LOOP ( 'NONE', ( #1933, #1379, #1288, #584 ) ) ;
#2416 = CARTESIAN_POINT ( 'NONE',  ( 0.08750000000080752904, 3.990933735772823177, 1.316005544564468943 ) ) ;
#2417 = CARTESIAN_POINT ( 'NONE',  ( -3.446805679400800848, -2.046471335125259916, 1.306403518167265965 ) ) ;
#2418 = CARTESIAN_POINT ( 'NONE',  ( 1.774257562641597508, 0.9231235475324813811, 1.166348623176924448 ) ) ;
#2419 = CARTESIAN_POINT ( 'NONE',  ( 1.732050807568876971, 1.000000000000000000, -2.329166666666667940 ) ) ;
#2420 = CARTESIAN_POINT ( 'NONE',  ( 0.03295854759712217585, -1.824905853357979613, -1.351264233635470768 ) ) ;
#2421 = PERSON_AND_ORGANIZATION ( #1999, #1610 ) ;
#2422 = CARTESIAN_POINT ( 'NONE',  ( 0.000000000000000000, 0.000000000000000000, 7.256854249492381115 ) ) ;
#2423 = CARTESIAN_POINT ( 'NONE',  ( 1.999999999999999556, 0.5358983848622456136, 0.3562607391169643201 ) ) ;
#2424 = EDGE_CURVE ( 'NONE', #2963, #2518, #2372, .T. ) ;
#2425 = CARTESIAN_POINT ( 'NONE',  ( 0.6479899253674415993, 1.892127755372420728, -0.1483794327011196679 ) ) ;
#2426 = CARTESIAN_POINT ( 'NONE',  ( -1.184055183478293083, 3.357837305410817041, -1.600000000000001421 ) ) ;
#2427 = DIRECTION ( 'NONE',  ( 0.000000000000000000, 0.000000000000000000, 1.000000000000000000 ) ) ;
#2428 =( BOUNDED_CURVE ( )  B_SPLINE_CURVE ( 2, ( #749, #1705, #1674, #1937, #1897, #1466, #1437, #18, #2652 ),
 .UNSPECIFIED., .F., .T. ) 
 B_SPLINE_CURVE_WITH_KNOTS ( ( 3, 2, 2, 2, 3 ),
 ( 0.2812500000000000000, 0.2916666666666666852, 0.3125000000000000000, 0.3333333333333333148, 0.3437500000000000000 ),
 .UNSPECIFIED. ) 
 CURVE ( )  GEOMETRIC_REPRESENTATION_ITEM ( )  RATIONAL_B_SPLINE_CURVE ( ( 0.9330127018922194093, 0.9330127018922194093, 1.000000000000000000, 0.8660254037844387076, 1.000000000000000000, 0.8660254037844387076, 1.000000000000000000, 0.9330127018922194093, 0.9330127018922194093 ) ) 
 REPRESENTATION_ITEM ( '' )  );
#2429 = CARTESIAN_POINT ( 'NONE',  ( -3.412499999999194067, 2.071244090718251218, 1.316005544564467611 ) ) ;
#2430 = ORIENTED_EDGE ( 'NONE', *, *, #216, .F. ) ;
#2431 = CARTESIAN_POINT ( 'NONE',  ( -2.000000000994809568, -0.06856414875952950017, 1.466499167482494315 ) ) ;
#2432 = CARTESIAN_POINT ( 'NONE',  ( 0.000000000000000000, 0.000000000000000000, -1.600000000000000089 ) ) ;
#2433 = CARTESIAN_POINT ( 'NONE',  ( -0.4123263995120868830, 1.957036878854848450, 1.309584410623903405 ) ) ;
#2434 = CARTESIAN_POINT ( 'NONE',  ( 1.154700538379251018, 1.999999999999999778, 1.929166666666665808 ) ) ;
#2435 = EDGE_CURVE ( 'NONE', #2633, #2569, #738, .T. ) ;
#2436 = B_SPLINE_CURVE_WITH_KNOTS ( 'NONE', 3,
 ( #260, #728, #1216, #1513 ),
 .UNSPECIFIED., .F., .F.,
 ( 4, 4 ),
 ( 0.0001043164952619557906, 0.002044882221487527574 ),
 .UNSPECIFIED. ) ;
#2437 = CARTESIAN_POINT ( 'NONE',  ( 1.338300807568874040, 0.7726683315065832058, -0.5791666666666672736 ) ) ;
#2438 = CARTESIAN_POINT ( 'NONE',  ( -0.3304876917250836876, 1.844465791191158832, 1.387963873622948485 ) ) ;
#2439 = CARTESIAN_POINT ( 'NONE',  ( -3.426852008736819943, 2.062252971833353765, -1.311603594999106281 ) ) ;
#2440 = CARTESIAN_POINT ( 'NONE',  ( -1.723070358316826312, 1.015794592858292100, 0.003273472941121427678 ) ) ;
#2441 = CARTESIAN_POINT ( 'NONE',  ( 0.03180624869987283554, 4.012323981204805712, -1.304158023556797330 ) ) ;
#2442 = VECTOR ( 'NONE', #493, 1000.000000000000000 ) ;
#2443 = CARTESIAN_POINT ( 'NONE',  ( -0.6317359770507594563, 3.676718947920353919, 1.490486543124920127 ) ) ;
#2444 = DIRECTION ( 'NONE',  ( -1.000000000000000000, 0.000000000000000000, 0.000000000000000000 ) ) ;
#2445 = CARTESIAN_POINT ( 'NONE',  ( -0.3753767161454076851, -1.964457258627911873, 1.529999999999999583 ) ) ;
#2446 = EDGE_LOOP ( 'NONE', ( #2328, #1673, #3022, #1614, #132, #2377 ) ) ;
#2447 = CARTESIAN_POINT ( 'NONE',  ( 1.732050807568877193, 1.000000000000000222, -1.716666666666666785 ) ) ;
#2448 = B_SPLINE_CURVE_WITH_KNOTS ( 'NONE', 3,
 ( #1698, #2646, #2849, #2139, #2126, #2413, #1908, #482, #967, #1433, #512, #468, #1231 ),
 .UNSPECIFIED., .F., .F.,
 ( 4, 3, 3, 3, 4 ),
 ( 2.113384374205336618E-16, 5.343974640665543084E-05, 0.0001070471692709609295, 0.0001587453692543084574, 0.0001846555834761829100 ),
 .UNSPECIFIED. ) ;
#2449 = CARTESIAN_POINT ( 'NONE',  ( 0.8922005383792491751, 1.545336663013166412, 0.09166666666666588303 ) ) ;
#2450 = CARTESIAN_POINT ( 'NONE',  ( -0.4202519452902552799, 1.955362734564882077, 1.310036793865603455 ) ) ;
#2451 = CARTESIAN_POINT ( 'NONE',  ( -1.732050807568877859, 0.9999999999999985567, 0.7041666666666658303 ) ) ;
#2452 = CARTESIAN_POINT ( 'NONE',  ( -3.500000000000000888, -1.928100145238107244, -1.313670402287357764 ) ) ;
#2453 = ORIENTED_EDGE ( 'NONE', *, *, #1825, .F. ) ;
#2454 = CARTESIAN_POINT ( 'NONE',  ( 1.338300807568874040, 0.7726683315065832058, -1.979166666666667185 ) ) ;
#2455 = CARTESIAN_POINT ( 'NONE',  ( 1.982440122567294294, -0.2644748740145609345, 0.3970724435157417243 ) ) ;
#2456 = CARTESIAN_POINT ( 'NONE',  ( -1.024143116088892747, -1.722929878047205765, -0.5225802337760344640 ) ) ;
#2457 = CARTESIAN_POINT ( 'NONE',  ( -0.2435780611110516247, 1.985175046281662192, -0.09981546726129388036 ) ) ;
#2458 = CARTESIAN_POINT ( 'NONE',  ( -1.468121107950406179, -3.193831767449241799, -1.600000000000001865 ) ) ;
#2459 = CARTESIAN_POINT ( 'NONE',  ( -1.999999999999999112, 4.087383864883394163E-08, 1.462499793687516814 ) ) ;
#2460 = CARTESIAN_POINT ( 'NONE',  ( 0.000000000000000000, 0.000000000000000000, 1.600000000000000089 ) ) ;
#2461 = DIRECTION ( 'NONE',  ( -0.000000000000000000, -0.000000000000000000, 1.000000000000000000 ) ) ;
#2462 = ADVANCED_FACE ( 'NONE', ( #219 ), #3066, .F. ) ;
#2463 = ORIENTED_EDGE ( 'NONE', *, *, #2177, .F. ) ;
#2464 = CARTESIAN_POINT ( 'NONE',  ( 1.732050807568877415, -0.9999999999999995559, -0.4333333333333335147 ) ) ;
#2465 = CARTESIAN_POINT ( 'NONE',  ( 0.8922005383792499522, -1.545336663013165746, -0.8416666666666672292 ) ) ;
#2466 = CARTESIAN_POINT ( 'NONE',  ( 0.04340440284468451843, 2.000534768688166931, 1.285282497906157451 ) ) ;
#2467 = CARTESIAN_POINT ( 'NONE',  ( 1.154700538379251684, -1.999999999999999334, 1.695833333333332194 ) ) ;
#2468 = DIRECTION ( 'NONE',  ( 0.7071067811865487940, 8.659560562354948882E-17, -0.7071067811865463515 ) ) ;
#2469 = ORIENTED_EDGE ( 'NONE', *, *, #2123, .T. ) ;
#2470 = PERSON_AND_ORGANIZATION ( #1999, #1610 ) ;
#2471 = CARTESIAN_POINT ( 'NONE',  ( 0.8922005383792498412, -1.545336663013165523, -1.454166666666667274 ) ) ;
#2472 = CARTESIAN_POINT ( 'NONE',  ( -1.948119991935033823, 0.2404503049997187836, 1.478119991935030741 ) ) ;
#2473 = CARTESIAN_POINT ( 'NONE',  ( -1.239454082224859643, -1.571016454332158307, -0.5377122201315116534 ) ) ;
#2474 = CARTESIAN_POINT ( 'NONE',  ( 0.7270263963571055310, 1.863712804233720988, -0.1533495369914045225 ) ) ;
#2475 = CARTESIAN_POINT ( 'NONE',  ( 1.907481823559946443, 0.6013064767346931738, 0.4475740256834926378 ) ) ;
#2476 = B_SPLINE_CURVE_WITH_KNOTS ( 'NONE', 3,
 ( #1552, #1505, #536, #117, #2671, #1287, #283, #1037, #84, #1486, #68, #1021, #1974, #1789, #770, #1055 ),
 .UNSPECIFIED., .F., .F.,
 ( 4, 2, 2, 2, 2, 2, 2, 4 ),
 ( 0.000000000000000000, 0.0004759643661115411472, 0.0009519287322230822945, 0.001903857464446164589, 0.002379821830557705790, 0.002855786196669246775, 0.003331750562780788193, 0.003807714928892329178 ),
 .UNSPECIFIED. ) ;
#2477 = CARTESIAN_POINT ( 'NONE',  ( -1.464837679849134933, 0.4922560042771152999, 1.075336663013168215 ) ) ;
#2478 = CARTESIAN_POINT ( 'NONE',  ( 0.000000000000000000, 0.000000000000000000, 1.600000000000000089 ) ) ;
#2479 = ORIENTED_EDGE ( 'NONE', *, *, #935, .T. ) ;
#2480 = CARTESIAN_POINT ( 'NONE',  ( 2.309401076758502924, 1.414100318299875804E-16, 0.3250000000000000111 ) ) ;
#2481 = CARTESIAN_POINT ( 'NONE',  ( 1.338300807568874262, -0.7726683315065827617, -0.7833333333333339921 ) ) ;
#2482 = CARTESIAN_POINT ( 'NONE',  ( 1.481008503466866078, 1.350032070231924397, 1.193878474435022818 ) ) ;
#2483 = CARTESIAN_POINT ( 'NONE',  ( -2.309401076758502480, -4.242300954899626673E-16, -0.6375000000000008438 ) ) ;
#2484 = CARTESIAN_POINT ( 'NONE',  ( -3.499389467005989740, -1.936614408659532938, -1.311603594999026567 ) ) ;
#2485 = B_SPLINE_CURVE_WITH_KNOTS ( 'NONE', 3,
 ( #3010, #1568, #876, #2515, #2557, #1787, #2762, #395, #2023, #2732, #1335, #659, #2282, #2053, #2777, #143, #2996, #1113, #1616, #1550, #2543, #424, #410, #630, #2501, #863, #1583, #172, #1350, #1364, #2311, #205, #705, #2852, #16, #2128, #731, #1191, #1435, #924, #455, #222, #956, #719, #3069, #969, #1408, #1390, #1450, #1922, #1140, #1910, #2112, #2142, #2, #484, #1686, #2584, #1672, #2096, #2866, #186, #2632, #1644, #2616, #2388, #2341, #2603, #248, #497, #3038, #2359, #439, #2158, #2571, #1206, #908, #940, #1176, #1158, #3055, #1865, #2807, #1880, #673, #1631, #1895, #2838 ),
 .UNSPECIFIED., .F., .F.,
 ( 4, 2, 2, 2, 2, 2, 2, 1, 2, 2, 2, 2, 2, 2, 2, 2, 1, 1, 2, 2, 1, 2, 2, 1, 2, 2, 2, 2, 2, 1, 2, 2, 2, 1, 2, 2, 2, 2, 2, 2, 2, 2, 1, 1, 1, 2, 2, 2, 4 ),
 ( 0.7384429741981395345, 0.7453289085352713395, 0.7487718757038371864, 0.7504933592881201099, 0.7522148428724030333, 0.7591007772095348383, 0.7599615190016763000, 0.7608222607938177617, 0.7625437443781006852, 0.7659867115466666432, 0.7728726458837984481, 0.7745941294680813716, 0.7754548712602228333, 0.7763156130523644061, 0.7797585802209302530, 0.7866445145580621690, 0.7883659981423450924, 0.7892267399344865542, 0.7896571108305573405, 0.7900874817266280159, 0.7935304488951939739, 0.7969734160637598208, 0.7974037869598306072, 0.7978341578559012826, 0.7986948996480428553, 0.8004163832323257788, 0.8038593504008917368, 0.8047200921930331985, 0.8051504630891039849, 0.8055808339851746602, 0.8073023175694576947, 0.8141882519065896107, 0.8176312190751555686, 0.8193527026594384921, 0.8197830735555092785, 0.8202134444515800649, 0.8210741862437215266, 0.8245171534122874846, 0.8262386369965704080, 0.8270993787887119808, 0.8279601205808534425, 0.8314030877494194005, 0.8331245713337023240, 0.8339853131258438967, 0.8344156840219145721, 0.8346308694699499098, 0.8348460549179853585, 0.8417319892551170524, 0.8486179235922488573 ),
 .UNSPECIFIED. ) ;
#2486 = ORIENTED_EDGE ( 'NONE', *, *, #1494, .F. ) ;
#2487 = APPROVAL_DATE_TIME ( #103, #1451 ) ;
#2488 = CARTESIAN_POINT ( 'NONE',  ( -1.154700538379252794, 1.999999999999999334, 1.958333333333333481 ) ) ;
#2489 = CARTESIAN_POINT ( 'NONE',  ( 3.412500000009172751, -2.071244090712486940, -1.316005544561290597 ) ) ;
#2490 = CARTESIAN_POINT ( 'NONE',  ( 1.318110343529480311, -1.506056500948970145, -0.3815589880400220291 ) ) ;
#2491 = PLANE ( 'NONE',  #2056 ) ;
#2492 = CARTESIAN_POINT ( 'NONE',  ( -1.338300807568873818, -0.7726683315065836499, 0.4708333333333347692 ) ) ;
#2493 = CARTESIAN_POINT ( 'NONE',  ( -1.999910421697200347, -0.02175243083737081473, -1.336231416400386340 ) ) ;
#2494 = CIRCLE ( 'NONE', #1609, 2.070000000000000284 ) ;
#2495 = EDGE_CURVE ( 'NONE', #729, #1249, #55, .T. ) ;
#2496 = AXIS2_PLACEMENT_3D ( 'NONE', #2889, #775, #1682 ) ;
#2497 = ORIENTED_EDGE ( 'NONE', *, *, #1796, .F. ) ;
#2498 = AXIS2_PLACEMENT_3D ( 'NONE', #234, #246, #274 ) ;
#2499 = CARTESIAN_POINT ( 'NONE',  ( 2.309401076758502924, 1.414100318299875804E-16, -1.775000000000000133 ) ) ;
#2500 = CARTESIAN_POINT ( 'NONE',  ( 2.031878892047866092, -2.868346059042825580, 1.600000000000002309 ) ) ;
#2501 = CARTESIAN_POINT ( 'NONE',  ( -0.9436937053220300076, -1.763494274164964848, 0.8829228323732473127 ) ) ;
#2502 = CARTESIAN_POINT ( 'NONE',  ( -1.154700538379252128, 1.999999999999998668, -0.7541666666666675400 ) ) ;
#2503 = CARTESIAN_POINT ( 'NONE',  ( -1.301915129038131669, -1.518233787656767086, 0.1576780500907836169 ) ) ;
#2504 = EDGE_CURVE ( 'NONE', #546, #1307, #656, .T. ) ;
#2505 = EDGE_LOOP ( 'NONE', ( #970, #1101, #161, #3071, #1969, #2066 ) ) ;
#2506 = CARTESIAN_POINT ( 'NONE',  ( -1.732050807568878081, 0.9999999999999986677, 2.716666666666666785 ) ) ;
#2507 = CARTESIAN_POINT ( 'NONE',  ( -1.338300807568873818, -0.7726683315065836499, -2.416666666666667407 ) ) ;
#2508 = CARTESIAN_POINT ( 'NONE',  ( -0.3082869099966893955, -1.977718377143065309, -0.4787133747430450947 ) ) ;
#2509 = CARTESIAN_POINT ( 'NONE',  ( -0.2371640505300110779, 1.986830494314680173, 0.5999000980362354518 ) ) ;
#2510 = CARTESIAN_POINT ( 'NONE',  ( -0.8922005383792490640, -1.545336663013166634, 0.5291666666666683394 ) ) ;
#2511 = DIRECTION ( 'NONE',  ( -1.000000000000000000, 0.000000000000000000, 0.000000000000000000 ) ) ;
#2512 = VERTEX_POINT ( 'NONE', #2924 ) ;
#2513 = CARTESIAN_POINT ( 'NONE',  ( -1.154700538379250574, -2.000000000000000444, 0.7916666666666664076 ) ) ;
#2514 = CARTESIAN_POINT ( 'NONE',  ( -3.500000000000000444, -1.919689645055513871, 1.316005544564211815 ) ) ;
#2515 = CARTESIAN_POINT ( 'NONE',  ( -1.936533926227130165, -0.5034707215294469407, 0.7918531020171309942 ) ) ;
#2516 = CARTESIAN_POINT ( 'NONE',  ( -1.338300807568874706, 0.7726683315065820956, -1.745833333333334014 ) ) ;
#2517 = CARTESIAN_POINT ( 'NONE',  ( -1.640268956720003501, -1.144765972215827432, 0.1298376301873963579 ) ) ;
#2518 = VERTEX_POINT ( 'NONE', #1278 ) ;
#2519 = CARTESIAN_POINT ( 'NONE',  ( -1.338300807568873818, -0.7726683315065836499, -0.2291666666666672403 ) ) ;
#2520 = CARTESIAN_POINT ( 'NONE',  ( 1.338300807568874040, 0.7726683315065832058, 1.520833333333332593 ) ) ;
#2521 = CARTESIAN_POINT ( 'NONE',  ( 1.127732816573783658, -1.651948534070689201, -0.3953810984607209478 ) ) ;
#2522 = CARTESIAN_POINT ( 'NONE',  ( 1.637113468577803710, 1.149564262546089566, -0.9200069434896291920 ) ) ;
#2523 = CARTESIAN_POINT ( 'NONE',  ( -0.06415144221189086893, 1.999034515301582937, 0.5907704695452838939 ) ) ;
#2524 = CARTESIAN_POINT ( 'NONE',  ( -3.412500000009174084, 2.071244090712489605, -1.316005544561289264 ) ) ;
#2525 = CARTESIAN_POINT ( 'NONE',  ( -1.923453632744521746, -0.5500091905945466708, -1.305422245889503063 ) ) ;
#2526 = ORIENTED_EDGE ( 'NONE', *, *, #1593, .T. ) ;
#2527 = CARTESIAN_POINT ( 'NONE',  ( 1.154700538379252128, -1.999999999999999778, 0.9083333333333333259 ) ) ;
#2528 = CARTESIAN_POINT ( 'NONE',  ( 3.490677620286812832, 1.978616971229228083, -1.304158023556798218 ) ) ;
#2529 = CARTESIAN_POINT ( 'NONE',  ( -2.868264022949417846, -2.385458878570614782, -1.490486543124885488 ) ) ;
#2530 = CARTESIAN_POINT ( 'NONE',  ( 0.8922005383792491751, 1.545336663013166190, -0.5208333333333341475 ) ) ;
#2531 = CARTESIAN_POINT ( 'NONE',  ( -1.756440800563995763, -0.9600634123857049174, 0.1185453884954341675 ) ) ;
#2532 = ORIENTED_EDGE ( 'NONE', *, *, #1328, .F. ) ;
#2533 = DIRECTION ( 'NONE',  ( -0.000000000000000000, -0.000000000000000000, 1.000000000000000000 ) ) ;
#2534 = CARTESIAN_POINT ( 'NONE',  ( 0.8922005383792491751, 1.545336663013166190, 1.579166666666665941 ) ) ;
#2535 = CARTESIAN_POINT ( 'NONE',  ( -1.784401076758498794, -3.277891600571078112E-16, -1.775000000000000799 ) ) ;
#2536 = CARTESIAN_POINT ( 'NONE',  ( -0.8922005383792501743, 1.545336663013165523, 0.9083333333333327708 ) ) ;
#2537 = CARTESIAN_POINT ( 'NONE',  ( -0.9917431685067830127, 1.736977262423542445, -0.7547174334584840771 ) ) ;
#2538 = EDGE_CURVE ( 'NONE', #1750, #2279, #2436, .T. ) ;
#2539 = CARTESIAN_POINT ( 'NONE',  ( 1.740501907242432145, 0.9871911803540595054, 0.4700329169102503424 ) ) ;
#2540 = FACE_OUTER_BOUND ( 'NONE', #1022, .T. ) ;
#2541 = VERTEX_POINT ( 'NONE', #1261 ) ;
#2542 = CARTESIAN_POINT ( 'NONE',  ( 1.732050807568877415, -0.9999999999999995559, 0.2666666666666665519 ) ) ;
#2543 = CARTESIAN_POINT ( 'NONE',  ( -1.106473118264724720, -1.666704021812655423, 0.8718899432182137810 ) ) ;
#2544 = CARTESIAN_POINT ( 'NONE',  ( 1.338300807568874040, 0.7726683315065832058, -1.279166666666667451 ) ) ;
#2545 = CARTESIAN_POINT ( 'NONE',  ( -1.421146202811135462, -1.407871744604343833, 0.1484121374739266475 ) ) ;
#2546 = VERTEX_POINT ( 'NONE', #1947 ) ;
#2547 = CARTESIAN_POINT ( 'NONE',  ( 1.719558105429723316, -0.3696980508297822987, 1.249558105429716237 ) ) ;
#2548 = CARTESIAN_POINT ( 'NONE',  ( -1.103470044464229360, -1.539672617052721959, 1.412548516973098245 ) ) ;
#2549 = CARTESIAN_POINT ( 'NONE',  ( -0.8922005383792489530, -1.545336663013166412, -1.658333333333333881 ) ) ;
#2550 = CARTESIAN_POINT ( 'NONE',  ( -0.8922005383792489530, -1.545336663013166412, -2.358333333333333837 ) ) ;
#2551 = CARTESIAN_POINT ( 'NONE',  ( -1.082604551744571708, 1.681710872642919519, -0.7485255711242803089 ) ) ;
#2552 = VECTOR ( 'NONE', #315, 1000.000000000000000 ) ;
#2553 = CARTESIAN_POINT ( 'NONE',  ( -0.5534147543944363257, 1.927984393785824313, 0.6176143149067366833 ) ) ;
#2554 = CARTESIAN_POINT ( 'NONE',  ( 1.372477866324807838, -1.456317868479277911, -1.077374004828538290 ) ) ;
#2555 = ORIENTED_EDGE ( 'NONE', *, *, #1094, .F. ) ;
#2556 = CARTESIAN_POINT ( 'NONE',  ( -1.394099894608654022, -0.6667464929827578990, 1.075336663013167771 ) ) ;
#2557 = CARTESIAN_POINT ( 'NONE',  ( -1.922079778878116096, -0.5547338912917572085, 0.7948567463401270405 ) ) ;
#2558 = CARTESIAN_POINT ( 'NONE',  ( -2.070000000000000284, 2.535018874235021689E-16, 1.600000000000000089 ) ) ;
#2559 = CARTESIAN_POINT ( 'NONE',  ( -0.7357068507439952221, -1.860926047219383817, 0.1960411823622240923 ) ) ;
#2560 = ORIENTED_EDGE ( 'NONE', *, *, #1825, .T. ) ;
#2561 = CARTESIAN_POINT ( 'NONE',  ( -3.500000000000000444, -1.919689645055576710, -1.316005544564190721 ) ) ;
#2562 = CARTESIAN_POINT ( 'NONE',  ( -1.338300807568874706, 0.7726683315065820956, -0.3458333333333340476 ) ) ;
#2563 = CARTESIAN_POINT ( 'NONE',  ( 0.8922005383792491751, 1.545336663013166190, 2.279166666666666341 ) ) ;
#2564 = CARTESIAN_POINT ( 'NONE',  ( 1.892491597964125742E-16, -1.545336663013166190, 0.4999999999999993339 ) ) ;
#2565 = CARTESIAN_POINT ( 'NONE',  ( 0.1697318237690446374, 1.992897377906006851, -0.8212797555730716459 ) ) ;
#2566 = CARTESIAN_POINT ( 'NONE',  ( 0.7751389716787713269, 1.843685877304334753, 0.5437822403514008807 ) ) ;
#2567 = CARTESIAN_POINT ( 'NONE',  ( 1.232530459678160106, -1.575524022520544465, -1.087879711402471639 ) ) ;
#2568 = ADVANCED_FACE ( 'NONE', ( #2399 ), #2214, .F. ) ;
#2569 = VERTEX_POINT ( 'NONE', #742 ) ;
#2570 = FACE_OUTER_BOUND ( 'NONE', #2285, .T. ) ;
#2571 = CARTESIAN_POINT ( 'NONE',  ( 1.717560015443251320, -1.026674913465770000, 1.052692210106141779 ) ) ;
#2572 = CARTESIAN_POINT ( 'NONE',  ( 3.412500000000009415, 2.071244090717776487, 1.316005544564207819 ) ) ;
#2573 = CARTESIAN_POINT ( 'NONE',  ( 1.651889545148364835, -1.127820971260104610, 0.3463778054134136197 ) ) ;
#2574 = ORIENTED_EDGE ( 'NONE', *, *, #197, .F. ) ;
#2575 = CARTESIAN_POINT ( 'NONE',  ( -1.219240609186400093, -0.9920964109766108319, 1.090905892162947755 ) ) ;
#2576 = CARTESIAN_POINT ( 'NONE',  ( -1.247526011782001065, -1.384847302398681368, 1.381970309869781088 ) ) ;
#2577 = CARTESIAN_POINT ( 'NONE',  ( -0.8922005383792501743, 1.545336663013165523, 0.9083333333333327708 ) ) ;
#2578 = CARTESIAN_POINT ( 'NONE',  ( 0.8922005383792498412, -1.545336663013165523, -0.1416666666666673013 ) ) ;
#2579 = CARTESIAN_POINT ( 'NONE',  ( -0.6784408313072401997, 1.882852567845638481, -0.7747338846548836866 ) ) ;
#2580 = DIRECTION ( 'NONE',  ( 1.000000000000000000, 0.000000000000000000, 0.000000000000000000 ) ) ;
#2581 = CARTESIAN_POINT ( 'NONE',  ( 1.104366521977298898, -1.667567476614792987, -1.097013850307197558 ) ) ;
#2582 = CARTESIAN_POINT ( 'NONE',  ( 3.483346343620532082, -1.994197600751580035, 1.303362079174980481 ) ) ;
#2583 = CARTESIAN_POINT ( 'NONE',  ( -0.8858065514520838679, 1.601760486198380296, -1.355878788525662682 ) ) ;
#2584 = CARTESIAN_POINT ( 'NONE',  ( 1.191600830633494645, -1.607667508172272219, 1.008890260773904757 ) ) ;
#2585 = CARTESIAN_POINT ( 'NONE',  ( -1.338300807568873818, -0.7726683315065836499, 0.4708333333333324378 ) ) ;
#2586 = EDGE_CURVE ( 'NONE', #1410, #2057, #1762, .T. ) ;
#2587 = ORIENTED_EDGE ( 'NONE', *, *, #2495, .F. ) ;
#2588 = CARTESIAN_POINT ( 'NONE',  ( 0.08749999999998724076, -3.990933735773294355, 1.316005544564207153 ) ) ;
#2589 = CARTESIAN_POINT ( 'NONE',  ( 2.315944816521706251, 2.704340521080255133, -1.600000000000002087 ) ) ;
#2590 = CARTESIAN_POINT ( 'NONE',  ( 0.8922005383792491751, 1.545336663013166190, 0.7916666666666660745 ) ) ;
#2591 = CARTESIAN_POINT ( 'NONE',  ( 0.8922005383792498412, -1.545336663013165523, -1.541666666666667407 ) ) ;
#2592 = LINE ( 'NONE', #1678, #1556 ) ;
#2593 = ADVANCED_FACE ( 'NONE', ( #527 ), #75, .F. ) ;
#2594 = B_SPLINE_CURVE_WITH_KNOTS ( 'NONE', 3,
 ( #698, #2368, #124, #592, #1316, #2262, #1079, #2032, #2974, #1930, #2658, #1473, #1693 ),
 .UNSPECIFIED., .F., .F.,
 ( 4, 3, 3, 3, 4 ),
 ( 3.055320592753983045E-16, 5.343974640608111540E-05, 0.0001070471692697218626, 0.0001587453692534756546, 0.0001846555834652061762 ),
 .UNSPECIFIED. ) ;
#2595 = VECTOR ( 'NONE', #2345, 1000.000000000000000 ) ;
#2596 = APPROVAL_PERSON_ORGANIZATION ( #1508, #526, #47 ) ;
#2597 = CIRCLE ( 'NONE', #2005, 3.500000000000000444 ) ;
#2598 = CARTESIAN_POINT ( 'NONE',  ( -0.8922005383792503963, 1.545336663013166190, 0.9958333333333354576 ) ) ;
#2599 = FACE_OUTER_BOUND ( 'NONE', #2775, .T. ) ;
#2600 = CARTESIAN_POINT ( 'NONE',  ( 1.972561954769009862, -0.3368872812136631256, -1.007133664545450280 ) ) ;
#2601 = ORIENTED_EDGE ( 'NONE', *, *, #1430, .F. ) ;
#2602 = CARTESIAN_POINT ( 'NONE',  ( -0.6326711925527549463, -3.676179000998526458, 1.474438468866253515 ) ) ;
#2603 = CARTESIAN_POINT ( 'NONE',  ( 1.511683274482283235, -1.311334765965019855, 1.034049887174711913 ) ) ;
#2604 = ORIENTED_EDGE ( 'NONE', *, *, #2504, .T. ) ;
#2605 = CARTESIAN_POINT ( 'NONE',  ( 0.000000000000000000, 0.000000000000000000, -1.600000000000000089 ) ) ;
#2606 = CARTESIAN_POINT ( 'NONE',  ( -1.119723733873114302, 1.657210289081841648, -1.445937003741595950 ) ) ;
#2607 = CARTESIAN_POINT ( 'NONE',  ( -0.8922005383792489530, -1.545336663013166412, 1.141666666666665941 ) ) ;
#2608 = CARTESIAN_POINT ( 'NONE',  ( 1.338300807568874040, 0.7726683315065832058, 2.133333333333332416 ) ) ;
#2609 = CARTESIAN_POINT ( 'NONE',  ( 1.709305557006578269, -0.2389106310332562433, -1.251818806738221213 ) ) ;
#2610 = APPLICATION_CONTEXT ( 'configuration controlled 3d designs of mechanical parts and assemblies' ) ;
#2611 = CARTESIAN_POINT ( 'NONE',  ( -1.865743511321141801, -0.7205042071730723974, -0.5954891217799962444 ) ) ;
#2612 = CARTESIAN_POINT ( 'NONE',  ( -1.885816596335040396, 0.6696859098963091617, 0.7234377755025834800 ) ) ;
#2613 = CARTESIAN_POINT ( 'NONE',  ( -0.4876068243456491702, -1.940727797451783809, -1.188794652781124617 ) ) ;
#2614 = CARTESIAN_POINT ( 'NONE',  ( 3.427364431551534807, -2.062662107160153635, 1.311240036647953078 ) ) ;
#2615 = CARTESIAN_POINT ( 'NONE',  ( 3.433559492993489837, -2.056947928889293120, -1.309855574092557262 ) ) ;
#2616 = CARTESIAN_POINT ( 'NONE',  ( 1.412416809569864595, -1.416066621347027876, 1.025932565516881612 ) ) ;
#2617 = ORIENTED_EDGE ( 'NONE', *, *, #2400, .T. ) ;
#2618 = CARTESIAN_POINT ( 'NONE',  ( 3.324999999999998845, 1.919689645055506100, 1.600000000000000089 ) ) ;
#2619 = FACE_OUTER_BOUND ( 'NONE', #2992, .T. ) ;
#2620 = CARTESIAN_POINT ( 'NONE',  ( -0.8922005383792489530, -1.545336663013166412, -0.2583333333333339144 ) ) ;
#2621 = CARTESIAN_POINT ( 'NONE',  ( -1.732050807568877859, 0.9999999999999985567, -2.095833333333334103 ) ) ;
#2622 = CARTESIAN_POINT ( 'NONE',  ( 3.499999999999998668, -0.3245832349797265759, 1.600000000000000977 ) ) ;
#2623 = B_SPLINE_CURVE_WITH_KNOTS ( 'NONE', 3,
 ( #796, #59, #1766, #563, #1248, #2713 ),
 .UNSPECIFIED., .F., .F.,
 ( 4, 2, 4 ),
 ( 0.002044882221487525405, 0.003011415531607507939, 0.003977948841727490907 ),
 .UNSPECIFIED. ) ;
#2624 = CARTESIAN_POINT ( 'NONE',  ( -1.889667974784891680, -0.6554724966097769112, -0.5992645912582563739 ) ) ;
#2625 = ADVANCED_FACE ( 'NONE', ( #2645, #793 ), #1028, .F. ) ;
#2626 = LINE ( 'NONE', #1918, #2442 ) ;
#2627 = DIRECTION ( 'NONE',  ( 0.5000000000000003331, 0.8660254037844384856, -0.000000000000000000 ) ) ;
#2628 =( BOUNDED_CURVE ( )  B_SPLINE_CURVE ( 2, ( #2224, #2718, #2208, #802, #820 ),
 .UNSPECIFIED., .F., .T. ) 
 B_SPLINE_CURVE_WITH_KNOTS ( ( 3, 2, 3 ),
 ( 0.6562500000000000000, 0.6666666666666666297, 0.6836523872361146559 ),
 .UNSPECIFIED. ) 
 CURVE ( )  GEOMETRIC_REPRESENTATION_ITEM ( )  RATIONAL_B_SPLINE_CURVE ( ( 0.9330127018922194093, 0.9330127018922194093, 1.000000000000000000, 0.8907685573733368223, 0.9596530918846759572 ) ) 
 REPRESENTATION_ITEM ( '' )  );
#2629 = B_SPLINE_CURVE_WITH_KNOTS ( 'NONE', 3,
 ( #1279, #92, #1263, #2942, #2907, #576, #2475, #1295, #109, #1108, #1860, #624, #167, #3006, #2756, #2973, #2276, #2539, #137, #1329, #433, #872, #1562, #654, #2803, #1136, #1625, #639, #1091, #1577, #123, #1594, #902, #2046, #1832, #669, #2566, #1845, #2987, #1078, #389, #2261, #372, #857, #2321, #2523, #887, #840, #2031, #1814, #2509, #405, #2553, #1345, #1795, #1611, #2739, #605, #152, #3020, #2290, #2773, #2064, #2787, #420, #1360, #2306, #1123, #2092, #2077, #1372, #182, #3033, #741, #1655, #1187, #479, #2108, #951, #727, #2137, #1905, #1668, #2398, #3078, #920, #684, #2612, #1640, #2337, #2847, #2818, #715, #1386, #2384, #699, #1200, #2154 ),
 .UNSPECIFIED., .F., .F.,
 ( 4, 2, 2, 2, 2, 2, 1, 1, 1, 2, 2, 2, 1, 1, 2, 2, 2, 2, 2, 1, 2, 2, 1, 1, 2, 2, 2, 2, 2, 2, 2, 2, 2, 2, 2, 2, 2, 2, 2, 2, 2, 2, 2, 2, 2, 2, 1, 2, 2, 1, 2, 2, 2, 4 ),
 ( 0.6272527364181402776, 0.6342021262793915426, 0.6376768212100171196, 0.6394141686753298526, 0.6395227528919119608, 0.6396313371084939581, 0.6398485055416580636, 0.6402828424079862746, 0.6411515161406425856, 0.6446262110712678295, 0.6481009060018930734, 0.6515756009325184284, 0.6533129483978310503, 0.6541816221304873613, 0.6546159589968155723, 0.6548331274299795668, 0.6550502958631436723, 0.6619996857243934940, 0.6689490755856432047, 0.6693834124519713047, 0.6696005808851354102, 0.6698177493182995157, 0.6706864230509557157, 0.6724237705162681156, 0.6758984654468931375, 0.6828478553081429592, 0.6845852027734553591, 0.6854538765061115591, 0.6863225502387678700, 0.6897972451693927809, 0.6967466350306426026, 0.6984839824959550025, 0.6993526562286113135, 0.6997869930949394135, 0.7002213299612675135, 0.7036960248918924243, 0.7106454147531422461, 0.7141201096837672679, 0.7145544465500953679, 0.7149887834164234679, 0.7158574571490796679, 0.7175948046143919568, 0.7210694995450165345, 0.7219381732776727345, 0.7221553417108367290, 0.7223725101440008345, 0.7228068470103288234, 0.7245441944756412234, 0.7280188894062658012, 0.7288875631389220011, 0.7293219000052499901, 0.7297562368715780901, 0.7314935843368903789, 0.7384429741981395345 ),
 .UNSPECIFIED. ) ;
#2630 = DIRECTION ( 'NONE',  ( 0.000000000000000000, 0.000000000000000000, -1.000000000000000000 ) ) ;
#2631 = CARTESIAN_POINT ( 'NONE',  ( 0.000000000000000000, 0.000000000000000000, 7.256854249492381115 ) ) ;
#2632 = CARTESIAN_POINT ( 'NONE',  ( 1.395338783521213877, -1.432864301546125319, 1.024543495586504926 ) ) ;
#2633 = VERTEX_POINT ( 'NONE', #2196 ) ;
#2634 = CARTESIAN_POINT ( 'NONE',  ( -0.03180624870032461998, 4.012323981204722223, 1.304158023556843959 ) ) ;
#2635 = CARTESIAN_POINT ( 'NONE',  ( -1.203130128165150969, 1.600503914973932851, -1.440078466803966117 ) ) ;
#2636 = CARTESIAN_POINT ( 'NONE',  ( -1.338300807568874706, 0.7726683315065820956, 2.366666666666666252 ) ) ;
#2637 = CARTESIAN_POINT ( 'NONE',  ( 1.732050807568877193, -0.9999999999999993339, -1.745833333333334236 ) ) ;
#2638 = CARTESIAN_POINT ( 'NONE',  ( -1.928330598325844303, 0.5841379298568616374, -0.6712003554403498384 ) ) ;
#2639 = ORIENTED_EDGE ( 'NONE', *, *, #1892, .F. ) ;
#2640 = CARTESIAN_POINT ( 'NONE',  ( -1.154700538379252572, 1.999999999999999334, 0.5583333333333332371 ) ) ;
#2641 = CIRCLE ( 'NONE', #2249, 3.500000000000000444 ) ;
#2642 = CONICAL_SURFACE ( 'NONE', #2498, 3.500000000000000000, 1.047197551196600074 ) ;
#2643 = FACE_OUTER_BOUND ( 'NONE', #2020, .T. ) ;
#2644 = CC_DESIGN_SECURITY_CLASSIFICATION ( #1006, ( #2202 ) ) ;
#2645 = FACE_BOUND ( 'NONE', #140, .T. ) ;
#2646 = CARTESIAN_POINT ( 'NONE',  ( -0.07263556844846633109, -3.999515719330918095, 1.311240036647953078 ) ) ;
#2647 =( BOUNDED_CURVE ( )  B_SPLINE_CURVE ( 2, ( #982, #763, #276, #1265, #746, #1703, #1968, #2186, #40 ),
 .UNSPECIFIED., .F., .T. ) 
 B_SPLINE_CURVE_WITH_KNOTS ( ( 3, 2, 2, 2, 3 ),
 ( 0.5937500000000000000, 0.6041666666666666297, 0.6250000000000000000, 0.6458333333333333703, 0.6562500000000000000 ),
 .UNSPECIFIED. ) 
 CURVE ( )  GEOMETRIC_REPRESENTATION_ITEM ( )  RATIONAL_B_SPLINE_CURVE ( ( 0.9330127018922194093, 0.9330127018922194093, 1.000000000000000000, 0.8660254037844387076, 1.000000000000000000, 0.8660254037844387076, 1.000000000000000000, 0.9330127018922194093, 0.9330127018922194093 ) ) 
 REPRESENTATION_ITEM ( '' )  );
#2648 = CARTESIAN_POINT ( 'NONE',  ( -1.750000000000001110, -3.031088913245534755, 1.600000000000000089 ) ) ;
#2649 = DIRECTION ( 'NONE',  ( 1.000000000000000000, 0.000000000000000000, -0.000000000000000000 ) ) ;
#2650 = VECTOR ( 'NONE', #2037, 1000.000000000000000 ) ;
#2651 = EDGE_LOOP ( 'NONE', ( #998, #1499, #471, #2617 ) ) ;
#2652 = CARTESIAN_POINT ( 'NONE',  ( 1.999999999999999556, 2.905110965495596845E-16, -0.3750000000000000555 ) ) ;
#2653 = CARTESIAN_POINT ( 'NONE',  ( -1.455593636577914296, 1.380851085453981497, -1.420992508455724668 ) ) ;
#2654 = CARTESIAN_POINT ( 'NONE',  ( -0.4668832938479968719, 1.944840458445067588, 1.312739013950500189 ) ) ;
#2655 = CARTESIAN_POINT ( 'NONE',  ( -2.309401076758502480, -4.242300954899626673E-16, -2.737500000000000711 ) ) ;
#2656 = CARTESIAN_POINT ( 'NONE',  ( 3.499999999999998224, -1.606074079894462159, 1.403079672022358837 ) ) ;
#2657 = CALENDAR_DATE ( 2026, 1, 6 ) ;
#2658 = CARTESIAN_POINT ( 'NONE',  ( -0.07253745826922458617, -3.998867380492496792, -1.311603594999106503 ) ) ;
#2659 = CARTESIAN_POINT ( 'NONE',  ( 1.510595644481918187, 1.312621566235455894, -0.2088589261063929781 ) ) ;
#2660 = CARTESIAN_POINT ( 'NONE',  ( -1.186419791927736833, -3.356472098086002553, -1.573078370213664146 ) ) ;
#2661 = CARTESIAN_POINT ( 'NONE',  ( -3.500000000000000000, 0.3247170633041935872, 1.600000000000000311 ) ) ;
#2662 = B_SPLINE_CURVE_WITH_KNOTS ( 'NONE', 3,
 ( #1917, #1008, #10, #508, #1243, #726, #271, #286, #1728, #1458, #2439, #2887, #50 ),
 .UNSPECIFIED., .F., .F.,
 ( 4, 3, 3, 3, 4 ),
 ( 2.168404344971008868E-19, 5.343974640609031079E-05, 0.0001070471692697412021, 0.0001587453692534884753, 0.0001846555834652082633 ),
 .UNSPECIFIED. ) ;
#2663 = CARTESIAN_POINT ( 'NONE',  ( -3.490677620286969596, 1.978616971228796872, 1.304158023556842627 ) ) ;
#2664 = CARTESIAN_POINT ( 'NONE',  ( -3.500000000000000444, 2.020725942163693389, 1.600000000000000089 ) ) ;
#2665 = EDGE_CURVE ( 'NONE', #237, #1071, #2999, .T. ) ;
#2666 = ORIENTED_EDGE ( 'NONE', *, *, #1629, .T. ) ;
#2667 = DIRECTION ( 'NONE',  ( 1.000000000000000000, 0.000000000000000000, 0.000000000000000000 ) ) ;
#2668 = CARTESIAN_POINT ( 'NONE',  ( -0.8922005383792502853, 1.545336663013165746, 0.2083333333333327320 ) ) ;
#2669 = CARTESIAN_POINT ( 'NONE',  ( 0.2250340439462855391, 1.988279273595674690, 1.275787110039005690 ) ) ;
#2670 = CARTESIAN_POINT ( 'NONE',  ( 1.154700538379251684, -1.999999999999999334, -1.104166666666667629 ) ) ;
#2671 = CARTESIAN_POINT ( 'NONE',  ( -0.4166599883720250030, 1.535100709239753947, -1.112651859961837353 ) ) ;
#2672 = SHAPE_DEFINITION_REPRESENTATION ( #218, #168 ) ;
#2673 = CARTESIAN_POINT ( 'NONE',  ( 0.8922005383792498412, -1.545336663013165523, -0.7541666666666672070 ) ) ;
#2674 = CARTESIAN_POINT ( 'NONE',  ( 1.527168906651969582, 0.9349485503261862895, 1.304337352626603774 ) ) ;
#2675 = CARTESIAN_POINT ( 'NONE',  ( 1.999999999999999556, 2.905110965495596845E-16, 0.3250000000000000111 ) ) ;
#2676 = CARTESIAN_POINT ( 'NONE',  ( -1.681004022341154647, 1.083915934186206576, -0.0008605907824666383021 ) ) ;
#2677 = CARTESIAN_POINT ( 'NONE',  ( 0.3589645852638987389, 3.834203584395727393, 1.403036564026340693 ) ) ;
#2678 = CARTESIAN_POINT ( 'NONE',  ( -3.500000000000000444, 1.919689645055508320, 1.316005544564209817 ) ) ;
#2679 = DIRECTION ( 'NONE',  ( -1.000000000000000000, 0.000000000000000000, 0.000000000000000000 ) ) ;
#2680 = DIRECTION ( 'NONE',  ( 1.000000000000000000, 1.776356839400250465E-15, 0.000000000000000000 ) ) ;
#2681 = ORIENTED_EDGE ( 'NONE', *, *, #1012, .T. ) ;
#2682 = CARTESIAN_POINT ( 'NONE',  ( -1.636688872248481585, -1.149456191186827736, 1.530000232964626949 ) ) ;
#2683 = CARTESIAN_POINT ( 'NONE',  ( -1.338300807568873818, -0.7726683315065836499, -1.016666666666667274 ) ) ;
#2684 = CARTESIAN_POINT ( 'NONE',  ( 0.1006318966424916417, 1.998441395718947300, 1.282369445983501111 ) ) ;
#2685 = CARTESIAN_POINT ( 'NONE',  ( 3.499999999999998668, 1.919689645055506322, 1.316005544564211371 ) ) ;
#2686 = CARTESIAN_POINT ( 'NONE',  ( -0.08750000000000293654, -3.990933735773288138, 1.600000000000000089 ) ) ;
#2687 = VERTEX_POINT ( 'NONE', #1965 ) ;
#2688 = EDGE_CURVE ( 'NONE', #729, #1757, #1217, .T. ) ;
#2689 = CARTESIAN_POINT ( 'NONE',  ( 1.154700538379251240, 2.000000000000000000, 2.541666666666666963 ) ) ;
#2690 = CARTESIAN_POINT ( 'NONE',  ( 0.8396489324918229302, 1.610815634746544101, 1.342486055523052002 ) ) ;
#2691 = CARTESIAN_POINT ( 'NONE',  ( 1.972274051287212782, -0.3381176219247661874, -0.3072064111377876272 ) ) ;
#2692 = FACE_OUTER_BOUND ( 'NONE', #2953, .T. ) ;
#2693 = ADVANCED_FACE ( 'NONE', ( #91 ), #1813, .T. ) ;
#2694 = CARTESIAN_POINT ( 'NONE',  ( -0.02145111642262956253, 4.013960830729428331, -1.303253042212782375 ) ) ;
#2695 = DIRECTION ( 'NONE',  ( 0.000000000000000000, 0.000000000000000000, 1.000000000000000000 ) ) ;
#2696 = LOCAL_TIME ( 10, 39, 53.00000000000000000, #585 ) ;
#2697 = CARTESIAN_POINT ( 'NONE',  ( -1.545336663013172851, -0.1143250756615932923, 1.075336663013167993 ) ) ;
#2698 = CARTESIAN_POINT ( 'NONE',  ( -2.867328807453991324, 2.385998825488651498, -1.474438468864773810 ) ) ;
#2699 = EDGE_LOOP ( 'NONE', ( #958, #1657, #2050, #2115, #1790, #1547, #507, #2827 ) ) ;
#2700 = CARTESIAN_POINT ( 'NONE',  ( -1.154700538379252794, 1.999999999999999334, -0.8416666666666667851 ) ) ;
#2701 = FACE_OUTER_BOUND ( 'NONE', #1799, .T. ) ;
#2702 = CARTESIAN_POINT ( 'NONE',  ( 0.3967107020013930785, 1.960390476870291332, 1.266303491827427852 ) ) ;
#2703 = CARTESIAN_POINT ( 'NONE',  ( -4.898587196589411843E-16, 1.999999999999999556, 1.987499999999998712 ) ) ;
#2704 = CARTESIAN_POINT ( 'NONE',  ( -3.498148907176658717, -1.945075781892939837, -1.309855574092555708 ) ) ;
#2705 = VERTEX_POINT ( 'NONE', #494 ) ;
#2706 = CARTESIAN_POINT ( 'NONE',  ( 0.000000000000000000, 0.000000000000000000, 0.000000000000000000 ) ) ;
#2707 = CARTESIAN_POINT ( 'NONE',  ( 2.309401076758502924, 1.414100318299875804E-16, 1.724999999999999645 ) ) ;
#2708 = CARTESIAN_POINT ( 'NONE',  ( 1.693025759665612195, 0.4797245233497341999, 1.285541315292208830 ) ) ;
#2709 = CARTESIAN_POINT ( 'NONE',  ( 0.7224215563823371822, -1.870274875650906887, -0.4221314972505705310 ) ) ;
#2710 = CARTESIAN_POINT ( 'NONE',  ( -0.09158348215340353371, 1.998930465921865629, -0.1076002618879658840 ) ) ;
#2711 = CARTESIAN_POINT ( 'NONE',  ( 3.499999999999998668, 0.000000000000000000, 1.600000000000000089 ) ) ;
#2712 = CARTESIAN_POINT ( 'NONE',  ( -1.532349233842736691, -0.2304547617409380689, 1.075336663013167549 ) ) ;
#2713 = CARTESIAN_POINT ( 'NONE',  ( 0.08749999999082734570, 3.990933735778585234, -1.316005544561290375 ) ) ;
#2714 = ORIENTED_EDGE ( 'NONE', *, *, #1262, .T. ) ;
#2715 = CARTESIAN_POINT ( 'NONE',  ( 1.732050807568877193, 1.000000000000000222, 0.3833333333333334147 ) ) ;
#2716 = CARTESIAN_POINT ( 'NONE',  ( -1.233004640584870915, 1.575080813640093336, 1.362181374973333581 ) ) ;
#2717 = CARTESIAN_POINT ( 'NONE',  ( -1.154700538379252128, 1.999999999999998668, 1.345833333333332549 ) ) ;
#2718 = CARTESIAN_POINT ( 'NONE',  ( -1.999999999999999556, -0.5358983848622460577, 1.406260739116964142 ) ) ;
#2719 = ORIENTED_EDGE ( 'NONE', *, *, #2307, .F. ) ;
#2720 = PERSON_AND_ORGANIZATION_ROLE ( 'classification_officer' ) ;
#2721 = CARTESIAN_POINT ( 'NONE',  ( -1.732050807568878081, 0.9999999999999986677, 2.016666666666666607 ) ) ;
#2722 = CARTESIAN_POINT ( 'NONE',  ( -1.212010154177005639, 1.462578945605336411, 1.425675379189717651 ) ) ;
#2723 = CARTESIAN_POINT ( 'NONE',  ( 1.230768622457241390, -1.576900080352975131, -0.3880113645078145934 ) ) ;
#2724 = EDGE_CURVE ( 'NONE', #2518, #499, #1779, .T. ) ;
#2725 = CARTESIAN_POINT ( 'NONE',  ( 0.000000000000000000, 0.000000000000000000, -1.600000000000000089 ) ) ;
#2726 = ADVANCED_FACE ( 'NONE', ( #753 ), #8, .F. ) ;
#2727 = CARTESIAN_POINT ( 'NONE',  ( -1.784401076758499460, -3.277891600571079098E-16, 0.4125000000000019207 ) ) ;
#2728 = DIRECTION ( 'NONE',  ( -0.000000000000000000, -0.000000000000000000, -1.000000000000000000 ) ) ;
#2729 = ORIENTED_EDGE ( 'NONE', *, *, #348, .F. ) ;
#2730 = CARTESIAN_POINT ( 'NONE',  ( -1.154700538379252794, 1.999999999999999334, -1.541666666666666519 ) ) ;
#2731 = CARTESIAN_POINT ( 'NONE',  ( -2.000000000000000000, -8.134310703387671364E-16, -1.425000000000000044 ) ) ;
#2732 = CARTESIAN_POINT ( 'NONE',  ( -1.794234306540616553, -0.8928682960744913633, 0.8146111835981495464 ) ) ;
#2733 = CARTESIAN_POINT ( 'NONE',  ( -2.309401076758502480, -4.242300954899626673E-16, 2.162499999999998757 ) ) ;
#2734 = CARTESIAN_POINT ( 'NONE',  ( -2.000000004259987918, -0.009196556086677598954, 0.06303646573762665406 ) ) ;
#2735 = VERTEX_POINT ( 'NONE', #2884 ) ;
#2736 = CARTESIAN_POINT ( 'NONE',  ( -1.338300807568874706, 0.7726683315065820956, -1.745833333333334014 ) ) ;
#2737 = CARTESIAN_POINT ( 'NONE',  ( 2.313580208072264721, -2.705705728405068733, -1.573078370213664146 ) ) ;
#2738 = CARTESIAN_POINT ( 'NONE',  ( -1.615159518293205476, -1.185646680419277343, -0.5678451955928021100 ) ) ;
#2739 = CARTESIAN_POINT ( 'NONE',  ( -0.8425623723066767434, 1.813976581839169100, 0.6354918192514196207 ) ) ;
#2740 = CARTESIAN_POINT ( 'NONE',  ( -1.338300807568873818, -0.7726683315065836499, -0.2291666666666648533 ) ) ;
#2741 = CARTESIAN_POINT ( 'NONE',  ( -1.873084005994729795, -0.7039408910432011224, -1.296438435421280788 ) ) ;
#2742 = ORIENTED_EDGE ( 'NONE', *, *, #2819, .F. ) ;
#2743 = CARTESIAN_POINT ( 'NONE',  ( 1.732050807568877415, -0.9999999999999995559, -1.833333333333333481 ) ) ;
#2744 = CYLINDRICAL_SURFACE ( 'NONE', #453, 2.000000000000000000 ) ;
#2745 = CARTESIAN_POINT ( 'NONE',  ( -1.756740521673219479, 0.9559774088580792473, 1.406734685840419052 ) ) ;
#2746 = CARTESIAN_POINT ( 'NONE',  ( -2.309401076758502480, -4.242300954899626673E-16, 0.7624999999999988454 ) ) ;
#2747 = CARTESIAN_POINT ( 'NONE',  ( 0.07793917603622134427, -1.999456128039538649, 0.2416623417115532635 ) ) ;
#2748 = EDGE_CURVE ( 'NONE', #2187, #2546, #2291, .T. ) ;
#2749 = ORIENTED_EDGE ( 'NONE', *, *, #674, .T. ) ;
#2750 = CARTESIAN_POINT ( 'NONE',  ( 1.892491597964125742E-16, -1.545336663013166190, 0.5874999999999992450 ) ) ;
#2751 = CARTESIAN_POINT ( 'NONE',  ( -0.8922005383792489530, -1.545336663013166412, 2.629166666666665986 ) ) ;
#2752 =( BOUNDED_CURVE ( )  B_SPLINE_CURVE ( 2, ( #2201, #94, #530, #1463, #2403, #1049, #263, #1031, #1233 ),
 .UNSPECIFIED., .F., .T. ) 
 B_SPLINE_CURVE_WITH_KNOTS ( ( 3, 2, 2, 2, 3 ),
 ( 0.2187500000000000000, 0.2291666666666666574, 0.2500000000000000000, 0.2708333333333333148, 0.2812500000000000000 ),
 .UNSPECIFIED. ) 
 CURVE ( )  GEOMETRIC_REPRESENTATION_ITEM ( )  RATIONAL_B_SPLINE_CURVE ( ( 0.9330127018922194093, 0.9330127018922194093, 1.000000000000000000, 0.8660254037844387076, 1.000000000000000000, 0.8660254037844387076, 1.000000000000000000, 0.9330127018922194093, 0.9330127018922194093 ) ) 
 REPRESENTATION_ITEM ( '' )  );
#2753 = CARTESIAN_POINT ( 'NONE',  ( -1.531698861621494601, -1.293444470671924806, -0.5604845529710139607 ) ) ;
#2754 = CARTESIAN_POINT ( 'NONE',  ( -1.723308049451549140, 1.015363628932414386, -0.6967113608566463112 ) ) ;
#2755 = AXIS2_PLACEMENT_3D ( 'NONE', #309, #2728, #859 ) ;
#2756 = CARTESIAN_POINT ( 'NONE',  ( 1.857445862686018190, 0.7456877629244353933, 0.4559964957899842464 ) ) ;
#2757 = DIRECTION ( 'NONE',  ( -0.8660254037844389297, -0.4999999999999996114, 0.000000000000000000 ) ) ;
#2758 = CARTESIAN_POINT ( 'NONE',  ( -1.216061169711035950, -1.587838261262479067, -1.235954761529032719 ) ) ;
#2759 = EDGE_LOOP ( 'NONE', ( #516, #422, #2587, #600 ) ) ;
#2760 = CARTESIAN_POINT ( 'NONE',  ( 1.732050807568877193, 1.000000000000000222, 1.083333333333333037 ) ) ;
#2761 = FACE_OUTER_BOUND ( 'NONE', #3053, .T. ) ;
#2762 = CARTESIAN_POINT ( 'NONE',  ( -1.890097186919017735, -0.6546474492479288365, 0.8006873594036065800 ) ) ;
#2763 = CARTESIAN_POINT ( 'NONE',  ( -3.784983195928251484E-16, 1.545336663013166190, -0.4625000000000006883 ) ) ;
#2764 = CARTESIAN_POINT ( 'NONE',  ( -1.657911352913761016, -1.119062700389065190, 0.1282358674523698394 ) ) ;
#2765 = EDGE_CURVE ( 'NONE', #1117, #342, #2846, .T. ) ;
#2766 = VERTEX_POINT ( 'NONE', #490 ) ;
#2767 = LINE ( 'NONE', #1587, #1805 ) ;
#2768 = CARTESIAN_POINT ( 'NONE',  ( -1.338300807568873818, -0.7726683315065836499, 1.170833333333332504 ) ) ;
#2769 = CARTESIAN_POINT ( 'NONE',  ( -0.8922005383792501743, 1.545336663013165523, -1.891666666666667274 ) ) ;
#2770 = CARTESIAN_POINT ( 'NONE',  ( -3.784983195928251484E-16, 1.545336663013166190, 0.8499999999999994227 ) ) ;
#2771 = CARTESIAN_POINT ( 'NONE',  ( -0.1741739763788064943, 1.992465782969350840, -0.8033500726012043902 ) ) ;
#2772 =( BOUNDED_CURVE ( )  B_SPLINE_CURVE ( 2, ( #1786, #1320, #2683, #362, #1251, #2465, #2481, #43, #1955, #312, #295, #2965, #2205, #1769, #2898, #566, #81, #1971, #2913, #783, #1736, #2449, #1536, #2668, #1034, #1987, #830, #1268, #2930, #2221, #344, #114, #1519, #1284, #2236, #98, #2052, #1112, #2556 ),
 .UNSPECIFIED., .F., .T. ) 
 B_SPLINE_CURVE_WITH_KNOTS ( ( 3, 2, 2, 2, 2, 2, 2, 2, 2, 2, 2, 2, 2, 2, 2, 2, 2, 2, 2, 3 ),
 ( 0.2811939086568824298, 0.2916666666666666852, 0.3125000000000000000, 0.3333333333333333148, 0.3541666666666666852, 0.3750000000000000000, 0.3958333333333333148, 0.4166666666666666852, 0.4375000000000000000, 0.4583333333333333148, 0.4791666666666666852, 0.5000000000000000000, 0.5208333333333333703, 0.5416666666666666297, 0.5625000000000000000, 0.5833333333333333703, 0.6041666666666666297, 0.6250000000000000000, 0.6458333333333333703, 0.6650680582500010374 ),
 .UNSPECIFIED. ) 
 CURVE ( )  GEOMETRIC_REPRESENTATION_ITEM ( )  RATIONAL_B_SPLINE_CURVE ( ( 0.9330146442382661887, 0.9326519907700419054, 1.000000000000000000, 0.8660254037844387076, 1.000000000000000000, 0.8660254037844387076, 1.000000000000000000, 0.8660254037844387076, 1.000000000000000000, 0.8660254037844387076, 1.000000000000000000, 0.8660254037844387076, 1.000000000000000000, 0.8660254037844387076, 1.000000000000000000, 0.8660254037844387076, 1.000000000000000000, 0.8660254037844387076, 1.000000000000000000, 0.8660254037844387076, 1.000000000000000000, 0.8660254037844387076, 1.000000000000000000, 0.8660254037844387076, 1.000000000000000000, 0.8660254037844387076, 1.000000000000000000, 0.8660254037844387076, 1.000000000000000000, 0.8660254037844387076, 1.000000000000000000, 0.8660254037844387076, 1.000000000000000000, 0.8660254037844387076, 1.000000000000000000, 0.8660254037844387076, 1.000000000000000000, 0.8763057038066581761, 0.9810170806731325355 ) ) 
 REPRESENTATION_ITEM ( '' )  );
#2773 = CARTESIAN_POINT ( 'NONE',  ( -1.009271354274246191, 1.729400432081312111, 0.6463643562005322307 ) ) ;
#2774 = CARTESIAN_POINT ( 'NONE',  ( -1.037824946364224843, -1.715476350135135331, -1.223251244173300556 ) ) ;
#2775 = EDGE_LOOP ( 'NONE', ( #564, #1953, #3058, #485 ) ) ;
#2776 = CARTESIAN_POINT ( 'NONE',  ( 3.499999999999998668, -1.919689645055578264, -1.316005544564190721 ) ) ;
#2777 = CARTESIAN_POINT ( 'NONE',  ( -1.619051415292012130, -1.174389035422279681, 0.8315483244349852754 ) ) ;
#2778 = CARTESIAN_POINT ( 'NONE',  ( 3.426852008737127697, 2.062252971833106852, 1.311603594999027234 ) ) ;
#2779 = CARTESIAN_POINT ( 'NONE',  ( 0.2953727522074240386, -1.978072336640988027, 0.2530631124562494061 ) ) ;
#2780 = ORIENTED_EDGE ( 'NONE', *, *, #1796, .T. ) ;
#2781 = DIRECTION ( 'NONE',  ( -0.7071067811865487940, 0.000000000000000000, -0.7071067811865463515 ) ) ;
#2782 = CARTESIAN_POINT ( 'NONE',  ( -1.784401076758498794, -3.277891600571078112E-16, 0.4124999999999994782 ) ) ;
#2783 = CARTESIAN_POINT ( 'NONE',  ( 1.784401076758498794, 1.092630533523692910E-16, -1.425000000000000266 ) ) ;
#2784 = CARTESIAN_POINT ( 'NONE',  ( 1.892491597964125742E-16, -1.545336663013166190, -0.9000000000000005773 ) ) ;
#2785 = CARTESIAN_POINT ( 'NONE',  ( 1.879394955002396506, 0.6842382772940089897, -0.9475820948941043875 ) ) ;
#2786 = EDGE_CURVE ( 'NONE', #617, #1318, #2592, .T. ) ;
#2787 = CARTESIAN_POINT ( 'NONE',  ( -1.287525392048897377, 1.539290077868686879, 0.6658448220883201873 ) ) ;
#2788 = CARTESIAN_POINT ( 'NONE',  ( -1.800984483813998782, -0.8788405859113924690, -1.286201756826677256 ) ) ;
#2789 = VERTEX_POINT ( 'NONE', #2872 ) ;
#2790 = CIRCLE ( 'NONE', #108, 3.500000000000000444 ) ;
#2791 = DIRECTION ( 'NONE',  ( -1.000000000000000000, 0.000000000000000000, 0.000000000000000000 ) ) ;
#2792 = CARTESIAN_POINT ( 'NONE',  ( -1.977712029568889474, 0.3289054991435745867, 1.443409077245577432 ) ) ;
#2793 = CARTESIAN_POINT ( 'NONE',  ( 3.419783706816671209, 2.067038840626477914, 1.313670402287356209 ) ) ;
#2794 = CARTESIAN_POINT ( 'NONE',  ( -1.798068262649902493, -0.8763115338582769809, 0.1136202464701982634 ) ) ;
#2795 = VERTEX_POINT ( 'NONE', #1692 ) ;
#2796 = CARTESIAN_POINT ( 'NONE',  ( 0.7792718179339575002, -1.475685197784025515, 1.188583802729910488 ) ) ;
#2797 = CARTESIAN_POINT ( 'NONE',  ( -3.784983195928251484E-16, 1.545336663013166190, 0.9374999999999993339 ) ) ;
#2798 = CARTESIAN_POINT ( 'NONE',  ( 1.784401076758498794, 1.092630533523692910E-16, -2.125000000000000444 ) ) ;
#2799 = CARTESIAN_POINT ( 'NONE',  ( -0.8922005383792501743, 1.545336663013165523, 0.2083333333333327320 ) ) ;
#2800 = CARTESIAN_POINT ( 'NONE',  ( 0.7706196659928690185, 1.845882419917179940, -0.8561327568948422506 ) ) ;
#2801 = AXIS2_PLACEMENT_3D ( 'NONE', #1064, #827, #2511 ) ;
#2802 = EDGE_CURVE ( 'NONE', #1565, #2314, #2952, .T. ) ;
#2803 = CARTESIAN_POINT ( 'NONE',  ( 1.485887895955398497, 1.338714117434440576, 0.4931481838964295594 ) ) ;
#2804 = CARTESIAN_POINT ( 'NONE',  ( 0.2164357724509532177, -1.988316078954224242, -1.151171409042377691 ) ) ;
#2805 = VERTEX_POINT ( 'NONE', #2410 ) ;
#2806 = CARTESIAN_POINT ( 'NONE',  ( 3.499999999999998668, -0.3245832349797377336, -1.600000000000000977 ) ) ;
#2807 = CARTESIAN_POINT ( 'NONE',  ( 1.857171215535007081, -0.7422380341426585426, 1.069205328705258751 ) ) ;
#2808 = CARTESIAN_POINT ( 'NONE',  ( -1.784401076758498794, -3.277891600571078112E-16, -2.387500000000000622 ) ) ;
#2809 = CARTESIAN_POINT ( 'NONE',  ( -1.312800952015457767, -1.508836788526408901, 0.1568541256251415050 ) ) ;
#2810 = VERTEX_POINT ( 'NONE', #2832 ) ;
#2811 = CARTESIAN_POINT ( 'NONE',  ( -0.9647018909499189832, -1.262282171212841808, 1.107856226210508943 ) ) ;
#2812 = CARTESIAN_POINT ( 'NONE',  ( -0.8922005383792489530, -1.545336663013166412, 1.929166666666666030 ) ) ;
#2813 = CARTESIAN_POINT ( 'NONE',  ( 1.784401076758498794, 1.092630533523692910E-16, 1.374999999999999334 ) ) ;
#2814 = CARTESIAN_POINT ( 'NONE',  ( -3.784983195928251484E-16, 1.545336663013166190, -1.250000000000000666 ) ) ;
#2815 = CARTESIAN_POINT ( 'NONE',  ( 0.001800925900386234849, 2.001795452238539497, -0.8124226556402186494 ) ) ;
#2816 = CC_DESIGN_DATE_AND_TIME_ASSIGNMENT ( #285, #1726, ( #1006 ) ) ;
#2817 = CARTESIAN_POINT ( 'NONE',  ( 1.892491597964125742E-16, -1.545336663013166190, -0.8124999999999983347 ) ) ;
#2818 = CARTESIAN_POINT ( 'NONE',  ( -1.931407830746755483, 0.5193681327176473683, 0.7322035690414057107 ) ) ;
#2819 = EDGE_CURVE ( 'NONE', #1071, #1834, #229, .T. ) ;
#2820 = CARTESIAN_POINT ( 'NONE',  ( -4.898587196589412829E-16, 2.000000000000000000, -0.2000000000000000944 ) ) ;
#2821 = CARTESIAN_POINT ( 'NONE',  ( 3.453432623531993872, -2.038559579070331917, 1.305420199740424003 ) ) ;
#2822 = EDGE_CURVE ( 'NONE', #834, #657, #2010, .T. ) ;
#2823 = CARTESIAN_POINT ( 'NONE',  ( -1.468121107952132798, -3.193831767448245262, 1.600000000000001865 ) ) ;
#2824 = CARTESIAN_POINT ( 'NONE',  ( 3.499999999999998668, -1.919689645055578264, -1.316005544564190721 ) ) ;
#2825 = CARTESIAN_POINT ( 'NONE',  ( -1.338300807568874706, 0.7726683315065820956, 0.3541666666666660190 ) ) ;
#2826 = CARTESIAN_POINT ( 'NONE',  ( 1.693239018199251822, -1.064465371648738001, 0.3503256704650761777 ) ) ;
#2827 = ORIENTED_EDGE ( 'NONE', *, *, #481, .T. ) ;
#2828 = CARTESIAN_POINT ( 'NONE',  ( 3.412500000000271871, 2.071244090717625053, -1.316005544564123220 ) ) ;
#2829 = CARTESIAN_POINT ( 'NONE',  ( -1.685778240287664875, 1.076549215227296852, -1.400406012914993559 ) ) ;
#2830 = CARTESIAN_POINT ( 'NONE',  ( 1.338300807568874040, 0.7726683315065832058, 0.03333333333333291654 ) ) ;
#2831 = CARTESIAN_POINT ( 'NONE',  ( -1.338300807568874706, 0.7726683315065820956, -0.4333333333333339588 ) ) ;
#2832 = CARTESIAN_POINT ( 'NONE',  ( 0.08749999999998724076, -3.990933735773294355, 1.316005544564207153 ) ) ;
#2833 = DIRECTION ( 'NONE',  ( 0.000000000000000000, 0.000000000000000000, 1.000000000000000000 ) ) ;
#2834 = CARTESIAN_POINT ( 'NONE',  ( 1.878302898564731205, 0.6870839301082967143, -0.2474211065982960533 ) ) ;
#2835 = CARTESIAN_POINT ( 'NONE',  ( -0.05597111017450098064, 4.006127209162000824, -1.307583103085731890 ) ) ;
#2836 = VERTEX_POINT ( 'NONE', #1522 ) ;
#2837 = CARTESIAN_POINT ( 'NONE',  ( 3.486917607418689169, -1.988403203603176905, -1.303253042212783264 ) ) ;
#2838 = CARTESIAN_POINT ( 'NONE',  ( 1.999999999999921174, 3.978730580160669219E-07, 1.112506842289602726 ) ) ;
#2839 = ORIENTED_EDGE ( 'NONE', *, *, #1652, .T. ) ;
#2840 = CARTESIAN_POINT ( 'NONE',  ( -1.913734729359679143, -0.5811229803007365025, 1.496397136135190431 ) ) ;
#2841 = CARTESIAN_POINT ( 'NONE',  ( -0.2672705458981334825, 1.982080119521630213, -1.498523583418904348 ) ) ;
#2842 = CARTESIAN_POINT ( 'NONE',  ( -1.338300807568874706, 0.7726683315065820956, 0.9666666666666662300 ) ) ;
#2843 = CARTESIAN_POINT ( 'NONE',  ( -0.8922005383792489530, -1.545336663013166412, 1.841666666666665897 ) ) ;
#2844 = CARTESIAN_POINT ( 'NONE',  ( 0.1514328179665206664, -1.814693129175799280, -1.347111017874392358 ) ) ;
#2845 = DIRECTION ( 'NONE',  ( 0.000000000000000000, 0.000000000000000000, -1.000000000000000000 ) ) ;
#2846 = B_SPLINE_CURVE_WITH_KNOTS ( 'NONE', 3,
 ( #242, #2656, #932, #725, #2622, #1470 ),
 .UNSPECIFIED., .F., .F.,
 ( 4, 2, 4 ),
 ( 0.003896567170864027440, 0.004867353088438827920, 0.005838139006013627966 ),
 .UNSPECIFIED. ) ;
#2847 = CARTESIAN_POINT ( 'NONE',  ( -1.926701345130501952, 0.5365644347371679723, 0.7312006199531499995 ) ) ;
#2848 = CARTESIAN_POINT ( 'NONE',  ( 0.2346106340246623123, -1.986201593558581058, -1.150241683051280495 ) ) ;
#2849 = CARTESIAN_POINT ( 'NONE',  ( -0.05597111017527022642, -4.006127209161762792, 1.307583103085863563 ) ) ;
#2850 = B_SPLINE_CURVE_WITH_KNOTS ( 'NONE', 3,
 ( #2685, #1504, #1989, #2932, #396, #2342, #631, #1599, #425, #1351, #2778, #2793, #2572 ),
 .UNSPECIFIED., .F., .F.,
 ( 4, 3, 3, 3, 4 ),
 ( 2.168404344971008868E-19, 5.343974640609144920E-05, 0.0001070471692697437229, 0.0001587453692534931374, 0.0001846555834760279775 ),
 .UNSPECIFIED. ) ;
#2851 = CARTESIAN_POINT ( 'NONE',  ( -1.384253976629949756, 1.009970560355605951, -1.238712020134399516 ) ) ;
#2852 = CARTESIAN_POINT ( 'NONE',  ( -0.1983386394305121647, -1.990148888527205617, 0.9271927278174594278 ) ) ;
#2853 = PRODUCT ( '90592A090_Steel Hex Nut', '90592A090_Steel Hex Nut', '', ( #2885 ) ) ;
#2854 = ORIENTED_EDGE ( 'NONE', *, *, #3050, .T. ) ;
#2855 = CARTESIAN_POINT ( 'NONE',  ( -1.765530692726248629, -0.9409705372130066081, 1.517469441430470578 ) ) ;
#2856 = CARTESIAN_POINT ( 'NONE',  ( -0.04216951581473386834, 2.000771645625721185, -1.510148298262485422 ) ) ;
#2857 = CARTESIAN_POINT ( 'NONE',  ( 1.338300807568874262, -0.7726683315065827617, 0.6166666666666661412 ) ) ;
#2858 = EDGE_CURVE ( 'NONE', #2896, #1367, #1592, .T. ) ;
#2859 = CARTESIAN_POINT ( 'NONE',  ( -1.338300807568873818, -0.7726683315065836499, 1.783333333333332771 ) ) ;
#2860 = CARTESIAN_POINT ( 'NONE',  ( -0.9999081006860898180, -1.575911795715633668, -1.392577736508560760 ) ) ;
#2861 = CARTESIAN_POINT ( 'NONE',  ( 1.154700538379251240, 2.000000000000000000, 0.4416666666666663743 ) ) ;
#2862 = DIRECTION ( 'NONE',  ( -1.000000000000000000, 0.000000000000000000, 0.000000000000000000 ) ) ;
#2863 = CARTESIAN_POINT ( 'NONE',  ( -0.03872807083642088727, 4.010040171771951378, -1.305420199740348286 ) ) ;
#2864 = ORIENTED_EDGE ( 'NONE', *, *, #608, .T. ) ;
#2865 = CARTESIAN_POINT ( 'NONE',  ( -3.500000000000001776, 1.294071183846062567, -1.473682472052509906 ) ) ;
#2866 = CARTESIAN_POINT ( 'NONE',  ( 1.352897499019514171, -1.473481440902781436, 1.021110529623152630 ) ) ;
#2867 = ORIENTED_EDGE ( 'NONE', *, *, #1228, .T. ) ;
#2868 = DIRECTION ( 'NONE',  ( 0.000000000000000000, 0.000000000000000000, 1.000000000000000000 ) ) ;
#2869 = CARTESIAN_POINT ( 'NONE',  ( 0.1669509217114040767, 1.993095953564403056, -1.521134365657730969 ) ) ;
#2870 = CARTESIAN_POINT ( 'NONE',  ( -1.338300807568874706, 0.7726683315065820956, -0.4333333333333339588 ) ) ;
#2871 = CARTESIAN_POINT ( 'NONE',  ( 2.449293598294705921E-16, -1.999999999999999556, -1.862500000000000933 ) ) ;
#2872 = CARTESIAN_POINT ( 'NONE',  ( 2.070000000000000284, 0.000000000000000000, 1.600000000000000089 ) ) ;
#2873 = DIRECTION ( 'NONE',  ( 0.000000000000000000, 0.000000000000000000, 1.000000000000000000 ) ) ;
#2874 = CARTESIAN_POINT ( 'NONE',  ( 1.900791941896268433, 0.6223918947235452803, -0.2512230677121350952 ) ) ;
#2875 = CARTESIAN_POINT ( 'NONE',  ( 0.06458941418316367644, 4.002023710782229848, -1.309855574092555708 ) ) ;
#2876 = CARTESIAN_POINT ( 'NONE',  ( 3.499999999999998224, 0.3247170633041923105, -1.600000000000000533 ) ) ;
#2877 = CARTESIAN_POINT ( 'NONE',  ( -1.079418343525057056, 1.105857785483417510, -1.075336663013167993 ) ) ;
#2878 = CARTESIAN_POINT ( 'NONE',  ( 0.000000000000000000, 0.000000000000000000, 7.256854249492381115 ) ) ;
#2879 = EDGE_LOOP ( 'NONE', ( #2430, #2469, #14, #1221, #1586, #334 ) ) ;
#2880 = DIRECTION ( 'NONE',  ( 0.000000000000000000, 0.000000000000000000, -1.000000000000000000 ) ) ;
#2881 = CARTESIAN_POINT ( 'NONE',  ( -1.030445621689202396, 1.714346925379174991, -1.452107765670098916 ) ) ;
#2882 = CARTESIAN_POINT ( 'NONE',  ( 0.3053955948261783959, 1.978052733969000609, 1.271430185387531830 ) ) ;
#2883 = CARTESIAN_POINT ( 'NONE',  ( -3.784983195928251484E-16, 1.545336663013166190, 2.249999999999999556 ) ) ;
#2884 = CARTESIAN_POINT ( 'NONE',  ( 1.735315606080002793, 3.982907133694463355E-14, 1.265315606080003930 ) ) ;
#2885 = MECHANICAL_CONTEXT ( 'NONE', #2610, 'mechanical' ) ;
#2886 = VECTOR ( 'NONE', #1853, 1000.000000000000000 ) ;
#2887 = CARTESIAN_POINT ( 'NONE',  ( -3.419783706816020619, 2.067038840626922447, -1.313670402287545835 ) ) ;
#2888 = CARTESIAN_POINT ( 'NONE',  ( 1.046352875300492036, 1.709783765674383282, -0.1740744279147862783 ) ) ;
#2889 = CARTESIAN_POINT ( 'NONE',  ( 0.000000000000000000, 0.000000000000000000, -1.600000000000000089 ) ) ;
#2890 = EDGE_CURVE ( 'NONE', #342, #546, #60, .T. ) ;
#2891 = AXIS2_PLACEMENT_3D ( 'NONE', #1462, #39, #2679 ) ;
#2892 = LINE ( 'NONE', #38, #302 ) ;
#2893 = DIRECTION ( 'NONE',  ( 1.000000000000000000, 0.000000000000000000, 0.000000000000000000 ) ) ;
#2894 = FACE_OUTER_BOUND ( 'NONE', #691, .T. ) ;
#2895 = VECTOR ( 'NONE', #2468, 1000.000000000000000 ) ;
#2896 = VERTEX_POINT ( 'NONE', #551 ) ;
#2897 = CARTESIAN_POINT ( 'NONE',  ( -0.08021629318345332993, 3.995138985864519210, 1.313670402287396177 ) ) ;
#2898 = CARTESIAN_POINT ( 'NONE',  ( -1.338300807568873818, -0.7726683315065836499, -0.3166666666666671515 ) ) ;
#2899 = CARTESIAN_POINT ( 'NONE',  ( 1.762935970389550411, 0.9445653746070254986, 1.167599820676441968 ) ) ;
#2900 = CARTESIAN_POINT ( 'NONE',  ( 1.154700538379251018, 1.999999999999999778, -2.270833333333334370 ) ) ;
#2901 = CARTESIAN_POINT ( 'NONE',  ( -1.079418343525057056, 1.105857785483417510, -1.075336663013167993 ) ) ;
#2902 = APPROVAL_DATE_TIME ( #1960, #526 ) ;
#2903 = CARTESIAN_POINT ( 'NONE',  ( -2.000000002672863264, -0.009462527096704526422, -0.6369480192729112256 ) ) ;
#2904 = CARTESIAN_POINT ( 'NONE',  ( 0.6362546474957441189, 1.896106117697120341, -0.1476476705691848745 ) ) ;
#2905 = CARTESIAN_POINT ( 'NONE',  ( 0.08750000000080752904, 3.990933735772823177, 1.316005544564468943 ) ) ;
#2906 = EDGE_CURVE ( 'NONE', #2299, #2264, #2628, .T. ) ;
#2907 = CARTESIAN_POINT ( 'NONE',  ( 1.922628927703727175, 0.5515949999995309883, 0.4446223866512552525 ) ) ;
#2908 = CARTESIAN_POINT ( 'NONE',  ( -2.313580208068833244, 2.705705728407050703, 1.573078370213997434 ) ) ;
#2909 = DIRECTION ( 'NONE',  ( 0.000000000000000000, 0.000000000000000000, -1.000000000000000000 ) ) ;
#2910 = EDGE_CURVE ( 'NONE', #1367, #2187, #2476, .T. ) ;
#2911 = EDGE_LOOP ( 'NONE', ( #2983, #360, #717, #293 ) ) ;
#2912 = CARTESIAN_POINT ( 'NONE',  ( 1.154700538379251240, 2.000000000000000000, -1.658333333333333437 ) ) ;
#2913 = CARTESIAN_POINT ( 'NONE',  ( 1.338300807568874262, -0.7726683315065827617, -0.08333333333333391157 ) ) ;
#2914 = CARTESIAN_POINT ( 'NONE',  ( 1.565219377303361359, 1.251902056732550728, 1.186855379147352618 ) ) ;
#2915 = CARTESIAN_POINT ( 'NONE',  ( -4.898587196589411843E-16, 1.999999999999999556, 1.287499999999999201 ) ) ;
#2916 = LINE ( 'NONE', #2968, #2895 ) ;
#2917 = EDGE_CURVE ( 'NONE', #1524, #617, #317, .T. ) ;
#2918 = ORIENTED_EDGE ( 'NONE', *, *, #2802, .F. ) ;
#2919 = PERSON_AND_ORGANIZATION ( #1999, #1610 ) ;
#2920 = CARTESIAN_POINT ( 'NONE',  ( -3.784983195928251484E-16, 1.545336663013166190, -1.162500000000000755 ) ) ;
#2921 = DIRECTION ( 'NONE',  ( 0.000000000000000000, 0.000000000000000000, -1.000000000000000000 ) ) ;
#2922 = CARTESIAN_POINT ( 'NONE',  ( 1.184982541631570463, -1.612002637039843700, -0.3913344870683839183 ) ) ;
#2923 = CARTESIAN_POINT ( 'NONE',  ( 0.5183956860694473034, 1.932804427246501699, -0.1405278987177897287 ) ) ;
#2924 = CARTESIAN_POINT ( 'NONE',  ( 3.499999999999998668, 1.919689645055506322, 1.316005544564211371 ) ) ;
#2925 = DIRECTION ( 'NONE',  ( 0.000000000000000000, 0.000000000000000000, -1.000000000000000000 ) ) ;
#2926 = CARTESIAN_POINT ( 'NONE',  ( -3.465466490995923188, 2.025557627126491234, 1.303253042212780821 ) ) ;
#2927 = CARTESIAN_POINT ( 'NONE',  ( 1.749999999999998446, -3.031088913245536087, 1.600000000000000089 ) ) ;
#2928 = VERTEX_POINT ( 'NONE', #1539 ) ;
#2929 = CARTESIAN_POINT ( 'NONE',  ( -2.309401076758502924, -4.242300954899627659E-16, -2.125000000000000000 ) ) ;
#2930 = CARTESIAN_POINT ( 'NONE',  ( 1.892491597964125742E-16, -1.545336663013166190, 0.4999999999999993339 ) ) ;
#2931 = CARTESIAN_POINT ( 'NONE',  ( 1.999999999981733945, 0.02532955170396000363, 1.113985801374017814 ) ) ;
#2932 = CARTESIAN_POINT ( 'NONE',  ( 3.492160694368835472, 1.971480592702062662, 1.305420199740350062 ) ) ;
#2933 = CARTESIAN_POINT ( 'NONE',  ( -3.427364431551377599, -2.062662107160243785, -1.311240036642033369 ) ) ;
#2934 = ORIENTED_EDGE ( 'NONE', *, *, #993, .F. ) ;
#2935 = APPROVAL_STATUS ( 'not_yet_approved' ) ;
#2936 = CARTESIAN_POINT ( 'NONE',  ( 1.732050807568877415, -0.9999999999999995559, 2.366666666666667140 ) ) ;
#2937 = CARTESIAN_POINT ( 'NONE',  ( 1.991549706664369479, -0.1857537302326804918, 0.4016567213577568740 ) ) ;
#2938 = CARTESIAN_POINT ( 'NONE',  ( 1.674953193133929208, -1.093211036962580263, -0.3514395728648284645 ) ) ;
#2939 = CARTESIAN_POINT ( 'NONE',  ( -0.9281455210975649850, 1.772325222092877350, -0.05894973752742985879 ) ) ;
#2940 = CARTESIAN_POINT ( 'NONE',  ( 0.2220825389105900161, 1.987657572639432324, -0.8240783211727831237 ) ) ;
#2941 = AXIS2_PLACEMENT_3D ( 'NONE', #559, #428, #176 ) ;
#2942 = CARTESIAN_POINT ( 'NONE',  ( 1.933785896413029670, 0.5130696937687148074, 0.4423267901487014653 ) ) ;
#2943 = CARTESIAN_POINT ( 'NONE',  ( 2.000000000000000000, 2.449293598294706414E-16, 7.256854249492381115 ) ) ;
#2944 = CARTESIAN_POINT ( 'NONE',  ( -1.517114085366586318, 1.372281323266685504, -1.505049743857223232 ) ) ;
#2945 = ORIENTED_EDGE ( 'NONE', *, *, #1652, .F. ) ;
#2946 = CARTESIAN_POINT ( 'NONE',  ( 1.154700538379252128, -1.999999999999999778, 0.2083333333333331483 ) ) ;
#2947 = CARTESIAN_POINT ( 'NONE',  ( 2.313580208068832356, -2.705705728407050259, 1.573078370213998545 ) ) ;
#2948 = CARTESIAN_POINT ( 'NONE',  ( 0.6738998868557312116, 1.885817410638971348, 1.249899667501239264 ) ) ;
#2949 = AXIS2_PLACEMENT_3D ( 'NONE', #2664, #2649, #1281 ) ;
#2950 = CARTESIAN_POINT ( 'NONE',  ( 1.732050807568876971, 1.000000000000000000, 0.4708333333333322157 ) ) ;
#2951 = DIRECTION ( 'NONE',  ( 1.000000000000000000, 0.000000000000000000, 0.000000000000000000 ) ) ;
#2952 =( BOUNDED_CURVE ( )  B_SPLINE_CURVE ( 2, ( #2366, #2394, #976, #256, #521, #1212, #1928, #3076, #1167 ),
 .UNSPECIFIED., .F., .T. ) 
 B_SPLINE_CURVE_WITH_KNOTS ( ( 3, 2, 2, 2, 3 ),
 ( 0.5312500000000000000, 0.5416666666666666297, 0.5625000000000000000, 0.5833333333333333703, 0.5937500000000000000 ),
 .UNSPECIFIED. ) 
 CURVE ( )  GEOMETRIC_REPRESENTATION_ITEM ( )  RATIONAL_B_SPLINE_CURVE ( ( 0.9330127018922194093, 0.9330127018922194093, 1.000000000000000000, 0.8660254037844387076, 1.000000000000000000, 0.8660254037844387076, 1.000000000000000000, 0.9330127018922194093, 0.9330127018922194093 ) ) 
 REPRESENTATION_ITEM ( '' )  );
#2953 = EDGE_LOOP ( 'NONE', ( #2604, #2161, #1218, #2497 ) ) ;
#2954 = EDGE_CURVE ( 'NONE', #2187, #2541, #2916, .T. ) ;
#2955 = PERSON_AND_ORGANIZATION ( #1999, #1610 ) ;
#2956 = CARTESIAN_POINT ( 'NONE',  ( 1.784401076758498794, 1.092630533523692910E-16, -2.037500000000000977 ) ) ;
#2957 = CARTESIAN_POINT ( 'NONE',  ( 1.749999999999998446, -3.031088913245536087, -1.600000000000000089 ) ) ;
#2958 = CARTESIAN_POINT ( 'NONE',  ( 1.757883513458656788, -0.9566301342927349127, -0.3431787478782171164 ) ) ;
#2959 = CARTESIAN_POINT ( 'NONE',  ( -3.500000000000001332, 1.608799489782660297, 1.402322972692527481 ) ) ;
#2960 = CARTESIAN_POINT ( 'NONE',  ( -2.000000000000000000, 0.000000000000000000, 7.256854249492381115 ) ) ;
#2961 = CARTESIAN_POINT ( 'NONE',  ( -1.964346232254642333, -0.3807624360834401256, -1.315322010949310005 ) ) ;
#2962 = B_SPLINE_CURVE_WITH_KNOTS ( 'NONE', 3,
 ( #1252, #2931, #751, #1537, #1269, #581, #1483, #1972, #82, #2206, #549, #313, #1503, #784, #2418, #2899, #115, #280, #1019, #2914, #2482, #1737, #44, #768, #1002, #1722, #345, #1237, #1754, #1520, #2948, #818, #2190, #1939, #1956, #1302, #66, #2222, #1285, #1035, #2702, #2882, #2669, #2684, #2466, #1707, #296, #534, #800, #2433, #2450, #1988, #331, #2654, #567, #2237, #99, #1053, #519, #2008, #1770, #2252, #2716, #1849, #643, #363, #1127, #1598, #1098, #3024, #612, #2082, #891, #2745, #129, #2295, #1836, #2266, #2792, #158, #1321 ),
 .UNSPECIFIED., .F., .F.,
 ( 4, 2, 2, 1, 2, 2, 2, 1, 2, 2, 2, 2, 2, 2, 2, 2, 2, 2, 2, 2, 2, 1, 1, 2, 2, 2, 2, 1, 2, 2, 2, 2, 2, 2, 2, 2, 2, 1, 2, 2, 1, 2, 2, 4 ),
 ( 0.8486179235922488573, 0.8494676380231145352, 0.8498924952385473741, 0.8503173524539802131, 0.8520167813157114578, 0.8554156390391741693, 0.8622133544860994814, 0.8639127833478307261, 0.8647624977786964040, 0.8656122122095620819, 0.8690110699330246824, 0.8758087853799498834, 0.8792076431034125950, 0.8800573575342782728, 0.8809070719651438397, 0.8826065008268751955, 0.8894042162738003965, 0.8928030739972629970, 0.8945025028589943528, 0.8947149314667107722, 0.8949273600744271917, 0.8953522172898600306, 0.8962019317207255975, 0.8996007894441883090, 0.9029996471676509096, 0.9097973626145761106, 0.9102222198300089495, 0.9106470770454417885, 0.9114967914763074663, 0.9131962203380387111, 0.9165950780615014226, 0.9233927935084266236, 0.9242425079392923015, 0.9250922223701578684, 0.9267916512318892241, 0.9301905089553518247, 0.9369882244022770257, 0.9386876532640083814, 0.9395373676948740593, 0.9399622249103068983, 0.9403870821257397372, 0.9437859398492023377, 0.9505836552961276498, 0.9573813707430529618 ),
 .UNSPECIFIED. ) ;
#2963 = VERTEX_POINT ( 'NONE', #569 ) ;
#2964 = CARTESIAN_POINT ( 'NONE',  ( 1.154700538379251240, 2.000000000000000000, 0.4416666666666663743 ) ) ;
#2965 = CARTESIAN_POINT ( 'NONE',  ( -0.8922005383792502853, 1.545336663013165746, -0.4916666666666671404 ) ) ;
#2966 = DIRECTION ( 'NONE',  ( 1.000000000000000000, 0.000000000000000000, 0.000000000000000000 ) ) ;
#2967 = CARTESIAN_POINT ( 'NONE',  ( 1.732050807568877193, -0.9999999999999993339, 1.754166666666665986 ) ) ;
#2968 = CARTESIAN_POINT ( 'NONE',  ( 2.070000000000000284, 2.535018874235021689E-16, -1.600000000000000089 ) ) ;
#2969 = ORIENTED_EDGE ( 'NONE', *, *, #3048, .F. ) ;
#2970 = CARTESIAN_POINT ( 'NONE',  ( 1.154700538379252128, -1.999999999999999778, 2.308333333333333126 ) ) ;
#2971 = CARTESIAN_POINT ( 'NONE',  ( 1.390374228592772488, 1.141995994507531753, 1.313070132212165175 ) ) ;
#2972 = CARTESIAN_POINT ( 'NONE',  ( -0.6244688848551835925, -1.900052876027961357, -0.4969246833806721941 ) ) ;
#2973 = CARTESIAN_POINT ( 'NONE',  ( 1.824732854826901507, 0.8211969827320064752, 0.4604004891408822742 ) ) ;
#2974 = CARTESIAN_POINT ( 'NONE',  ( -0.04889332463473010371, -4.008256947832205874, -1.306403518167265965 ) ) ;
#2975 = CARTESIAN_POINT ( 'NONE',  ( -1.933432667397364524, -4.491301552656192909E-14, -1.463432667397364106 ) ) ;
#2976 = EDGE_CURVE ( 'NONE', #1750, #1524, #333, .T. ) ;
#2977 = EDGE_LOOP ( 'NONE', ( #2934, #1767, #927, #2374 ) ) ;
#2978 = CARTESIAN_POINT ( 'NONE',  ( 1.732050807568877193, 1.000000000000000222, -0.3166666666666667074 ) ) ;
#2979 = CARTESIAN_POINT ( 'NONE',  ( 3.441422378839095408, 2.051536007870136569, -1.307583103085732557 ) ) ;
#2980 = LINE ( 'NONE', #848, #1862 ) ;
#2981 = CARTESIAN_POINT ( 'NONE',  ( 1.154700538379251684, -1.999999999999999334, 0.2958333333333323933 ) ) ;
#2982 = CARTESIAN_POINT ( 'NONE',  ( 1.128732077875692408, -1.651168171629865844, 0.3046952447906625117 ) ) ;
#2983 = ORIENTED_EDGE ( 'NONE', *, *, #1076, .T. ) ;
#2984 = CARTESIAN_POINT ( 'NONE',  ( -1.784401076758498794, -3.277891600571078112E-16, -0.9875000000000005995 ) ) ;
#2985 = CARTESIAN_POINT ( 'NONE',  ( -3.784983195928251484E-16, 1.545336663013166190, 2.337499999999999467 ) ) ;
#2986 = CARTESIAN_POINT ( 'NONE',  ( 1.077609360106049241, -1.684913196031098570, -0.3988713107479421871 ) ) ;
#2987 = CARTESIAN_POINT ( 'NONE',  ( 0.7083531138186870413, 1.870894006350060090, 0.5479431153085781991 ) ) ;
#2988 = EDGE_CURVE ( 'NONE', #1534, #2170, #2148, .T. ) ;
#2989 = CARTESIAN_POINT ( 'NONE',  ( 1.338300807568874040, 0.7726683315065832058, 0.8208333333333347470 ) ) ;
#2990 = CARTESIAN_POINT ( 'NONE',  ( -1.814984273772854984, 0.7617014454732959905, -1.492158865745079055 ) ) ;
#2991 = CIRCLE ( 'NONE', #354, 2.000000000000000000 ) ;
#2992 = EDGE_LOOP ( 'NONE', ( #594, #677, #1016, #1362 ) ) ;
#2993 = AXIS2_PLACEMENT_3D ( 'NONE', #1029, #812, #1246 ) ;
#2994 = CARTESIAN_POINT ( 'NONE',  ( -4.898587196589412829E-16, 2.000000000000000000, 1.199999999999999956 ) ) ;
#2995 = DIRECTION ( 'NONE',  ( 0.000000000000000000, 0.000000000000000000, -1.000000000000000000 ) ) ;
#2996 = CARTESIAN_POINT ( 'NONE',  ( -1.561904471658599025, -1.249938330211482818, 0.8366082494891936561 ) ) ;
#2997 = CARTESIAN_POINT ( 'NONE',  ( 0.8922005383792498412, -1.545336663013165523, -0.05416666666666741792 ) ) ;
#2998 = CARTESIAN_POINT ( 'NONE',  ( 0.1713754943018268861, -1.992888674946953209, 0.2465486820086098263 ) ) ;
#2999 = B_SPLINE_CURVE_WITH_KNOTS ( 'NONE', 3,
 ( #2169, #2458, #2660, #54, #1980, #1011 ),
 .UNSPECIFIED., .F., .F.,
 ( 4, 2, 4 ),
 ( 0.002044882221487527574, 0.003011415531607509240, 0.003977948841727490907 ),
 .UNSPECIFIED. ) ;
#3000 = EDGE_LOOP ( 'NONE', ( #170, #2269, #1143, #381 ) ) ;
#3001 = CARTESIAN_POINT ( 'NONE',  ( 0.6794948723654117284, 1.881109067995448969, -0.1503567811846021618 ) ) ;
#3002 = CARTESIAN_POINT ( 'NONE',  ( -0.8922005383792489530, -1.545336663013166412, 0.5291666666666658969 ) ) ;
#3003 = CARTESIAN_POINT ( 'NONE',  ( 0.8922005383792491751, 1.545336663013166190, 0.8791666666666658747 ) ) ;
#3004 = CARTESIAN_POINT ( 'NONE',  ( -0.8922005383792489530, -1.545336663013166412, 0.4416666666666658747 ) ) ;
#3005 = CARTESIAN_POINT ( 'NONE',  ( 1.693978573354818495, 1.063287639072615587, -0.9253978132817459734 ) ) ;
#3006 = CARTESIAN_POINT ( 'NONE',  ( 1.889261971437692367, 0.6566706951351595212, 0.4508055060068586473 ) ) ;
#3007 = CARTESIAN_POINT ( 'NONE',  ( -1.976467813396005413, -0.3146926256750292583, -1.319175923138006468 ) ) ;
#3008 = ORIENTED_EDGE ( 'NONE', *, *, #686, .T. ) ;
#3009 = CARTESIAN_POINT ( 'NONE',  ( 3.499999999999999112, -0.6466934978837574066, -1.573526477393121459 ) ) ;
#3010 = CARTESIAN_POINT ( 'NONE',  ( -1.999999999999978462, 2.907086598350227545E-07, 0.7624996970869459822 ) ) ;
#3011 = CARTESIAN_POINT ( 'NONE',  ( 1.338300807568874262, -0.7726683315065827617, -0.6958333333333340809 ) ) ;
#3012 = CARTESIAN_POINT ( 'NONE',  ( -1.602607244850158708, -1.196547673938619827, 0.1331095829838258304 ) ) ;
#3013 = ORIENTED_EDGE ( 'NONE', *, *, #2988, .T. ) ;
#3014 = LINE ( 'NONE', #2072, #2595 ) ;
#3015 = CARTESIAN_POINT ( 'NONE',  ( 1.784401076758498794, 1.092630533523692910E-16, 1.462499999999999023 ) ) ;
#3016 = CARTESIAN_POINT ( 'NONE',  ( -0.8922005383792489530, -1.545336663013166412, 1.929166666666666030 ) ) ;
#3017 = CARTESIAN_POINT ( 'NONE',  ( 1.338300807568874040, 0.7726683315065832058, -0.6666666666666671848 ) ) ;
#3018 = CARTESIAN_POINT ( 'NONE',  ( 0.3129283028570431502, 1.977039657543955276, -0.8289627299453302678 ) ) ;
#3019 = ADVANCED_FACE ( 'NONE', ( #2014 ), #1510, .F. ) ;
#3020 = CARTESIAN_POINT ( 'NONE',  ( -0.9012918593321649352, 1.785448518750882618, 0.6392889464991311499 ) ) ;
#3021 = CARTESIAN_POINT ( 'NONE',  ( -1.939334552165860259, 0.1542769813364547049, -1.469334552165857621 ) ) ;
#3022 = ORIENTED_EDGE ( 'NONE', *, *, #1170, .T. ) ;
#3023 = CARTESIAN_POINT ( 'NONE',  ( -3.500000000000000000, 0.000000000000000000, 1.600000000000000089 ) ) ;
#3024 = CARTESIAN_POINT ( 'NONE',  ( -1.713155683027883569, 1.032819864532122045, 1.402191486077011717 ) ) ;
#3025 = CARTESIAN_POINT ( 'NONE',  ( -1.338300807568873818, -0.7726683315065836499, -1.629166666666667318 ) ) ;
#3026 = CARTESIAN_POINT ( 'NONE',  ( -0.6741893243926653234, -1.884085740704408485, 0.1998602013106476338 ) ) ;
#3027 = ORIENTED_EDGE ( 'NONE', *, *, #1343, .F. ) ;
#3028 = LINE ( 'NONE', #895, #2886 ) ;
#3029 = CARTESIAN_POINT ( 'NONE',  ( 1.784401076758498794, 1.092630533523692910E-16, 2.162499999999999645 ) ) ;
#3030 = CARTESIAN_POINT ( 'NONE',  ( -3.784983195928251484E-16, 1.545336663013166190, 0.9374999999999993339 ) ) ;
#3031 = CARTESIAN_POINT ( 'NONE',  ( 1.784401076758498794, 1.092630533523692910E-16, -0.02500000000000049752 ) ) ;
#3032 = CARTESIAN_POINT ( 'NONE',  ( 1.893681743668159889, 0.6435984687828140149, -0.9499738968746461731 ) ) ;
#3033 = CARTESIAN_POINT ( 'NONE',  ( -1.565753489631466211, 1.244370440343569140, 0.6886280096329875366 ) ) ;
#3034 = DIRECTION ( 'NONE',  ( 0.4999999999999993894, -0.8660254037844390407, 0.000000000000000000 ) ) ;
#3035 = ORIENTED_EDGE ( 'NONE', *, *, #2334, .F. ) ;
#3036 = CONICAL_SURFACE ( 'NONE', #2351, 3.500000000000000000, 1.047197551196600074 ) ;
#3037 = CARTESIAN_POINT ( 'NONE',  ( 0.08749999999082734570, 3.990933735778585234, -1.316005544561290375 ) ) ;
#3038 = CARTESIAN_POINT ( 'NONE',  ( 1.632563960210953846, -1.155464476576055111, 1.044613529170103750 ) ) ;
#3039 = DIRECTION ( 'NONE',  ( -0.000000000000000000, -0.000000000000000000, -1.000000000000000000 ) ) ;
#3040 = CARTESIAN_POINT ( 'NONE',  ( 0.4481300583966733586, -1.953343896997806084, 0.2615099933875220106 ) ) ;
#3041 = AXIS2_PLACEMENT_3D ( 'NONE', #2878, #2909, #1733 ) ;
#3042 = ORIENTED_EDGE ( 'NONE', *, *, #387, .T. ) ;
#3043 = LINE ( 'NONE', #2315, #1949 ) ;
#3044 = CARTESIAN_POINT ( 'NONE',  ( -1.338300807568874706, 0.7726683315065820956, 1.054166666666666252 ) ) ;
#3045 = CARTESIAN_POINT ( 'NONE',  ( 0.8922005383792498412, -1.545336663013165523, 2.045833333333332504 ) ) ;
#3046 = CARTESIAN_POINT ( 'NONE',  ( -1.338300807568874706, 0.7726683315065820956, -1.833333333333333925 ) ) ;
#3047 = CARTESIAN_POINT ( 'NONE',  ( 1.508008288904967964, 1.315587901787837355, -0.9086414719737115897 ) ) ;
#3048 = EDGE_CURVE ( 'NONE', #2004, #2633, #1242, .T. ) ;
#3049 = CARTESIAN_POINT ( 'NONE',  ( -3.412500000000011191, -2.071244090717775599, 1.316005544564206931 ) ) ;
#3050 = EDGE_CURVE ( 'NONE', #2735, #627, #880, .T. ) ;
#3051 = CARTESIAN_POINT ( 'NONE',  ( 1.888167815370175306, 0.6594514804150939380, -0.2490355199461462277 ) ) ;
#3052 = CARTESIAN_POINT ( 'NONE',  ( -0.5473194089783330885, -1.924554796784443855, -1.192282615576605531 ) ) ;
#3053 = EDGE_LOOP ( 'NONE', ( #2969, #671, #1847, #797 ) ) ;
#3054 = CARTESIAN_POINT ( 'NONE',  ( -1.545330228862154875, 0.004459351691380402868, -1.075336663013167771 ) ) ;
#3055 = CARTESIAN_POINT ( 'NONE',  ( 1.851968644962438848, -0.7551344590846333915, 1.068482855643005491 ) ) ;
#3056 = FACE_OUTER_BOUND ( 'NONE', #2699, .T. ) ;
#3057 = CARTESIAN_POINT ( 'NONE',  ( 1.574803181626806881, -1.237538823831800361, 0.3392517148189250209 ) ) ;
#3058 = ORIENTED_EDGE ( 'NONE', *, *, #2917, .F. ) ;
#3059 = CARTESIAN_POINT ( 'NONE',  ( -1.957206714755449717, -3.433841161215795967E-14, 1.487206714755449966 ) ) ;
#3060 = CARTESIAN_POINT ( 'NONE',  ( -1.668607577528768982, -0.2091105330666751250, 1.198607577529847257 ) ) ;
#3061 = CARTESIAN_POINT ( 'NONE',  ( -0.8922005383792489530, -1.545336663013166412, 2.541666666666666075 ) ) ;
#3062 = CARTESIAN_POINT ( 'NONE',  ( 1.338300807568874262, -0.7726683315065827617, -0.7833333333333339921 ) ) ;
#3063 = CARTESIAN_POINT ( 'NONE',  ( 0.8274483969170515207, -1.590389091212881079, -1.318769170604566332 ) ) ;
#3064 = CARTESIAN_POINT ( 'NONE',  ( -1.464837679849134933, 0.4922560042771152999, 1.075336663013168215 ) ) ;
#3065 = CARTESIAN_POINT ( 'NONE',  ( 1.972769771483130929, 0.3490675153965759892, -0.2673446172377075825 ) ) ;
#3066 = PLANE ( 'NONE',  #759 ) ;
#3067 = CARTESIAN_POINT ( 'NONE',  ( 3.441422378838506990, -2.051536007870682354, 1.307583103085863785 ) ) ;
#3068 = CARTESIAN_POINT ( 'NONE',  ( 3.499999999999998668, -1.919689645055578264, -1.316005544564190721 ) ) ;
#3069 = CARTESIAN_POINT ( 'NONE',  ( 0.2994771762020014827, -1.977584709919979700, 0.9531957724921997777 ) ) ;
#3070 = CARTESIAN_POINT ( 'NONE',  ( 1.892491597964125742E-16, -1.545336663013166190, 0.5874999999999992450 ) ) ;
#3071 = ORIENTED_EDGE ( 'NONE', *, *, #189, .F. ) ;
#3072 = CARTESIAN_POINT ( 'NONE',  ( -3.500000000000000000, -0.3245832349797370120, -1.599999999999999645 ) ) ;
#3073 = CARTESIAN_POINT ( 'NONE',  ( -0.3101993641988470829, 1.976101888307301824, -1.496216009118374268 ) ) ;
#3074 = CARTESIAN_POINT ( 'NONE',  ( 0.8922005383792498412, -1.545336663013165523, 1.258333333333332860 ) ) ;
#3075 = CARTESIAN_POINT ( 'NONE',  ( 2.449293598294705921E-16, -1.999999999999999556, -1.162500000000000977 ) ) ;
#3076 = CARTESIAN_POINT ( 'NONE',  ( 2.000000000000000000, -0.5358983848622451696, 0.9937392608830356577 ) ) ;
#3077 = CARTESIAN_POINT ( 'NONE',  ( -3.784983195928251484E-16, 1.545336663013166190, -0.4624999999999983014 ) ) ;
#3078 = CARTESIAN_POINT ( 'NONE',  ( -1.808642126787568527, 0.8544053113914762410, 0.7126600934630210604 ) ) ;
#3079 = CARTESIAN_POINT ( 'NONE',  ( -0.1588643185018006609, -1.993926583905140770, -1.170701339298307220 ) ) ;
#3080 = EDGE_CURVE ( 'NONE', #2687, #2361, #543, .T. ) ;
#3081 = ORIENTED_EDGE ( 'NONE', *, *, #2665, .T. ) ;
ENDSEC;
END-ISO-10303-21;
